시군명,사업장명,소재지우편번호,소재지도로명주소,소재지지번주소,인허가일자,영업상태명,폐업일자,의료기관종별명,병상수(개),의료인수(명),입원실수(개),진료과목내용,연면적(㎡),WGS84위도,WGS84경도
가평군,노체리안드리자애병원,12432,경기도 가평군 조종면 꽃동네길 46 (노체리안드리자애병원),경기도 가평군 조종면 하판리 540번지 2호,19951218,운영중,,,99,15,16,"외과, 영상의학과, 정신건강의학과, 내과",6511.34,37.8848827889,127.3516963281
가평군,청심국제병원,477855,경기도 가평군 설악면 미사리로 267-177,경기도 가평군 설악면 송산리 460번지,20030517,운영중,,,117,84,48,"정형외과, 성형외과, 이비인후과, 가정의학과, 재활의학과, 신경과, 외과, 내과, 마취통증의학과, 영상의학과, 정신건강의학과, 산부인과",22922,37.6911268232,127.5213805697
가평군,청평우리병원,477810,경기도 가평군 청평면 경춘로 791-11,경기도 가평군 청평면 441번지 43호,20050215,운영중,,,198,20,34,"마취통증의학과, 피부과, 소아청소년과, 내과, 신경과, 영상의학과, 가정의학과, 정신건강의학과",2738,37.7372015663,127.4153101703
가평군,국군청평병원,477809,경기도 가평군 청평면 경춘로 926,경기도 가평군 청평면 청평리 567번지 21호 사서함,19940523,폐업 등,20170919,,350,65,6,"내과, 신경과, 정신건강의학과, 외과, 정형외과, 신경외과, 흉부외과, 안과, 이비인후과, 피부과, 비뇨기과, 영상의학과, 진단검사의학과, 재활의학과, 가정의학과, 응급의학과, 치과",999999,37.7436907006,127.4295840866
고양시,국군고양병원,412510,경기도 고양시 덕양구 혜음로 215 (벽제동),경기도 고양시 덕양구 벽제동 335번지 1호,19940607,운영중,,,250,69,37,"내과, 정신건강의학과, 외과, 정형외과, 신경외과, 흉부외과, 산부인과, 안과, 이비인후과, 피부과, 비뇨의학과, 영상의학과, 진단검사의학과, 응급의학과, 한방내과, 구강악안면외과, 치과보철과, 치과교정과, 소아치과, 치주과, 치과보존과, 구강내과, 영상치의학과, 구강병리과, 예방치과",11191.95,37.7193723507,126.8980909496
고양시,원당연세병원,412020,경기도 고양시 덕양구 고양대로 1359 (성사동),경기도 고양시 덕양구 성사동 699번지 9호,19991201,운영중,,,52,7,16,"외과, 마취통증의학과, 신경외과, 영상의학과, 비뇨의학과, 피부과, 가정의학과, 정형외과, 내과",1529.3,37.6551224843,126.8353392793
고양시,일산사랑병원,410360,"경기도 고양시 일산동구 장백로 86 (백석동,3,5,6층)","경기도 고양시일산동구 백석동 1335번지 2호 3,5,6층",20080117,운영중,,,128,18,23,"이비인후과, 소아청소년과, 외과, 내과, 정형외과, 신경외과, 재활의학과",2397.1,37.6447479877,126.7844573683
고양시,허유재병원,10401,"경기도 고양시 일산동구 중앙로 1317, 지하1층~5층,6층 일부, 8층 (장항동)",경기도 고양시 일산동구 장항동 780번지,20040302,운영중,,,61,101,35,"영상의학과, 마취통증의학과, 외과, 내과, 소아청소년과, 산부인과",8427.19,37.6629288877,126.7699403885
고양시,카프성모병원,410816,"경기도 고양시 일산동구 일산로 86 (백석동, 한국음주문화센터)",경기도 고양시 일산동구 백석동 1241번지 한국음주문화센터,20040217,운영중,,,150,17,29,"정신건강의학과, 가정의학과",2923.26,37.6451574062,126.7910618871
고양시,의료법인일산복음병원,10355,"경기도 고양시 일산동구 고양대로 760, 가동 (중산동, 일산복음병원)",경기도 고양시 일산동구 중산동 186번지 2호 가동,19890904,운영중,,,156,81,35,"내과, 신경과, 외과, 정형외과, 신경외과, 마취통증의학과, 영상의학과, 가정의학과",5969.53,37.6819095824,126.7800178490
고양시,연세마두병원,410811,"경기도 고양시 일산동구 강석로 123 (마두동, 뉴삼창마트)","경기도 고양시 일산동구 마두동 802번지 뉴삼창마트 3층,6층,7층",20130527,운영중,,,123,19,19,"이비인후과, 소아청소년과, 신경과, 신경외과, 재활의학과, 정형외과, 내과",2257.47,37.6519060465,126.7787885741
고양시,연세항맥병원,411848,"경기도 고양시 일산서구 강성로 121 (주엽동, 삼희프라자301~6호,309~11호,401~2,409-1호,410~11호)","경기도 고양시 일산서구 주엽동 66번지 일산삼희프라자301~6호,309~11호,401~2호,409-1호,410~11호",20141017,운영중,,,46,8,17,"내과, 외과",1420.21,37.6705775903,126.7621321995
고양시,의료법인자인의료재단자인메디병원,10518,"경기도 고양시 덕양구 중앙로 555, 지하1,1-10층 (행신동)","경기도 고양시 덕양구 행신동 995번지 지하1,1-10층",20020116,운영중,,,109,47,27,"내과, 정형외과, 신경외과, 마취통증의학과, 영상의학과, 재활의학과, 가정의학과",5197.63,37.6229829943,126.8356822065
고양시,건누리병원,10381,"경기도 고양시 일산서구 강성로 275, 스타타워빌딩 2층~8층 (대화동)",경기도 고양시 일산서구 대화동 2206번지 스타타워빌딩,20100609,운영중,,,92,22,22,"내과, 외과, 정형외과, 신경외과, 마취통증의학과, 피부과, 영상의학과, 병리과, 재활의학과, 가정의학과",2357.7,37.6772490952,126.7467229713
고양시,일산제일병원,10414,"경기도 고양시 일산동구 장백로 174 (장항동, /장백로 172, 6~7층/ 중앙로 1161, 3층)",경기도 고양시 일산동구 장항동 898번지 장항동 898/장항동 896-2.삼성화재㈜일산사옥 3층/장항동 898-1 6층7층,20000610,운영중,,,36,23,21,"내과, 외과, 마취통증의학과, 산부인과, 소아청소년과, 가정의학과",4278.9,37.6504657415,126.7776122190
고양시,해븐리병원,10338,"경기도 고양시 일산동구 중산로 117 (중산동, 성도빌딩,지하1층일부,1층일부,3층,4층)","경기도 고양시 일산동구 중산동 1696번지 성도빌딩 지하1층일부,1층일부,3층,4층",20080711,운영중,,,129,22,22,"내과, 영상의학과, 가정의학과, 신경과",2223.26,37.6825466963,126.7810323742
고양시,일산중심병원,10228,"경기도 고양시 일산서구 미래로 227 (덕이동, 지하1층~지상3층, 4층 일부)",경기도 고양시 일산서구 덕이동 613번지 3호,20071228,운영중,,,293,63,87,"내과, 신경과, 소아청소년과, 피부과, 비뇨의학과, 영상의학과, 재활의학과, 가정의학과, 한방재활의학과",9498.3,37.6999585913,126.7461415793
고양시,척사랑병원,10387,"경기도 고양시 일산서구 중앙로 1448 (주엽동, 2층~5층)",경기도 고양시 일산서구 주엽동 21번지 1호 2층~5층,20160824,운영중,,,72,26,15,"내과, 외과, 정형외과, 신경외과, 마취통증의학과, 소아청소년과, 영상의학과, 진단검사의학과, 재활의학과, 가정의학과, 응급의학과",2324,37.6711492750,126.7598700424
고양시,그레이스병원,410360,"경기도 고양시 일산동구 중앙로 1073 (백석동, (지하2층,지하1층,1층중일부,2~9층))/중앙로1071(2~4층)","경기도 고양시 일산동구 백석동 1334번지 (지하2층,지하1층,1층중일부,2~9층)/백석동 1334-1(2~4층)",19990107,운영중,,,60,37,30,"내과, 산부인과, 소아청소년과, 영상의학과, 가정의학과",4630.27,37.6447608487,126.7850920150
고양시,봄여성병원,412827,경기도 고양시 덕양구 중앙로 620 (화정동),경기도 고양시 덕양구 화정2동 1148번지 4호,20030403,운영중,,,36,50,22,"마취통증의학과, 외과, 영상의학과, 소아청소년과, 산부인과, 내과",3653.77,37.6271867457,126.8299331926
고양시,활기찬병원,412827,"경기도 고양시 덕양구 화중로 50, 4,5,6층 (화정동)","경기도 고양시 덕양구 화정동 984번지 1호 반석프라자 4층, 5층, 6층",20120125,운영중,,,85,14,16,"가정의학과, 산부인과, 진단검사의학과, 소아청소년과, 이비인후과, 비뇨의학과, 피부과, 신경과, 재활의학과, 외과, 마취통증의학과, 영상의학과, 내과, 신경외과, 정형외과",2101.6,37.6317066867,126.8306859357
고양시,라엘마음병원,10503,"경기도 고양시 덕양구 중앙로 628, 예일프라자 7층 6층(607,608)호 (화정동)","경기도 고양시 덕양구 화정동 1148번지 1호 예일프라자 6층(607호,608호),7층",20111007,운영중,,,176,10,24,"내과, 신경과, 정신건강의학과",1476.43,37.6275324506,126.8289101559
고양시,든든한병원,411809,"경기도 고양시 일산서구 하이파크2로 60 (덕이동, 든든한빌딩 3~11층)",경기도 고양시 일산서구 덕이동 1551번지 든든한빌딩3~11층,20150714,운영중,,,138,28,30,"내과, 정형외과, 신경외과, 마취통증의학과, 영상의학과, 가정의학과",3725.4,37.6990741604,126.7558945375
고양시,고양정신병원,412520,경기도 고양시 덕양구 통일로1102번길 46 (내유동),"경기도 고양시 덕양구 내유동 294번지 2호 294-2,3,4,5",19990304,운영중,,,299,23,32,"내과, 가정의학과, 정신건강의학과",4931,37.7114989081,126.8545656383
고양시,연세서울병원,410811,"경기도 고양시 일산동구 중앙로 1200 (마두동,5,6,7층)","경기도 고양시 일산동구 마두2동 798번지 1호 5,6,7층",20091202,운영중,,,263,19,29,"가정의학과, 정신건강의학과, 내과",2452.5,37.6537981547,126.7772058298
고양시,의료법인상록의료재단화정병원,10486,"경기도 고양시 덕양구 서정마을로 5, 301,4,5,6층 (행신동, 행신프라자)","경기도 고양시 덕양구 행신동 1078번지 행신프라자 301,4,5,6층",20091106,운영중,,,180,17,19,정신건강의학과,1921.17,37.6183679269,126.8469411661
고양시,일산이십일세기병원,10447,"경기도 고양시 일산동구 중앙로 1059 (백석동, ISD빌딩 3~8층)",경기도 고양시 일산동구 백석동 1332번지 ISD빌딩 3~8층,20140509,운영중,,,98,39,18,"내과, 마취통증의학과, 영상의학과, 정형외과, 신경외과",3602.99,37.6439291153,126.7861654817
고양시,늘푸른병원,412810,경기도 고양시 덕양구 원당로 139 (주교동),"경기도 고양시 덕양구 주교동 554번지 3호 (지하1층,1~5층)",20040219,운영중,,,120,8,16,"정신건강의학과, 신경과, 내과",1736.74,37.6636217772,126.8401161979
고양시,의료법인 세경의료재단 새빛안과병원,410360,경기도 고양시 일산동구 중앙로 1065 (백석동),경기도 고양시 일산동구 백석2동 1334-3,20051019,운영중,,,50,44,11,"내과, 마취통증의학과, 안과",2716.32,37.6442600485,126.7857429159
고양시,일산하이병원,410315,경기도 고양시 일산동구 고양대로 761 (중산동),경기도 고양시 일산동구 중산동 1695번지,20120817,운영중,,,99,30,18,"내과, 마취통증의학과, 영상의학과, 정형외과, 신경외과",5331.7,37.6825530810,126.7806013574
고양시,삼송우리병원,10568,"경기도 고양시 덕양구 권율대로 907, 3,4,5층 (신원동, KN빌딩)","경기도 고양시 덕양구 신원동 618-2번지 KN빌딩 3,4,5층",20141217,폐업 등,20170731,,172,7,22,"한방내과, 응급의학과, 가정의학과, 재활의학과, 피부과, 소아청소년과, 신경외과, 정형외과, 내과",3821.37,37.6645266073,126.8910395347
고양시,연세사랑병원,412020,경기도 고양시 덕양구 고양대로 1359-5,경기도 고양시 덕양구 성사동 699-7,20061115,폐업 등,20120716,,70,2,14,"재활의학과, 가정의학과, 정신건강의학과, 신경과, 소아청소년과, 비뇨기과, 피부과, 흉부외과, 외과, 정형외과, 내과",1593,37.6552944943,126.8354737878
고양시,무지개병원,10228,경기도 고양시 일산서구 덕이로 212 (덕이동),경기도 고양시 일산서구 덕이동 1047번지 1호,20070320,폐업 등,20080901,,,,,,,37.6966883110,126.7393575183
고양시,참서울병원,410570,경기도 고양시 일산동구 성현로29번길 28-9 (성석동),경기도 고양시일산동구 성석동 1227번지 10호,20080918,폐업 등,20090902,,,,,,,37.7118864810,126.7917653604
고양시,원당세란병원,412020,경기도 고양시 덕양구 고양대로 1359 (성사동),경기도 고양시덕양구 성사동 699번지 9호,19980417,폐업 등,19991130,,,,,,,37.6551224843,126.8353392793
고양시,십자병원,412020,경기도 고양시 덕양구 고양대로 1359-5 (성사동),경기도 고양시덕양구 성사동 699번지 7호,19970728,폐업 등,20040503,,,,,,,37.6552944943,126.8354737878
고양시,늘푸른병원,412010,경기도 고양시 덕양구 원당로 139 (주교동),경기도 고양시덕양구 주교동 554번지 3호,19940513,폐업 등,19970708,,,,,,,37.6636217772,126.8401161979
고양시,능곡병원,412210,경기도 고양시 덕양구 지도로 105 (토당동),경기도 고양시덕양구 토당동 840번지 3호,19911012,폐업 등,20060508,,,,,,,37.6264826766,126.8234346989
고양시,일산힐링스병원,410315,경기도 고양시 일산동구 고양대로 761 (중산동),경기도 고양시 일산동구 중산동 1695번지,20080307,폐업 등,20120725,,,,,,,37.6825530810,126.7806013574
고양시,일산건강병원,410050,경기도 고양시 일산동구 고양대로 1061,경기도 고양시 일산동구 식사동 596-1,20050505,폐업 등,20100610,,,,,,,37.6703012849,126.8103032853
고양시,참사랑병원,412802,"경기도 고양시 덕양구 통일로768번길 18 (관산동,2층,3층,4층)","경기도 고양시 덕양구 관산동 180번지 1호 2층,3층,4층",20090909,폐업 등,20101013,,,,,,,37.6885486984,126.8657208575
고양시,명성병원,412520,경기도 고양시 덕양구 내유길 146-4 (내유동),경기도 고양시 덕양구 내유동 114번지 1호,20050505,폐업 등,20160108,,299,22,39,"정신건강의학과, 비뇨기과, 피부과, 신경과, 재활의학과, 내과, 산부인과, 가정의학과",4616.99,37.7226931259,126.8628199731
고양시,국군고양병원,412510,경기도 고양시 덕양구 혜음로 215 (벽제동),경기도 고양시 덕양구 벽제동 335번지 1호,19940607,폐업 등,,,,,,,,37.7193723507,126.8980909496
고양시,참서울재활의학과병원,410570,경기도 고양시 일산동구 성현로29번길 28-9,경기도 고양시 일산동구 성석동 1227-10,20071206,폐업 등,20080918,,,,,,,37.7118473729,126.7911471445
고양시,참사랑병원,412470,경기도 고양시 덕양구 통일로768번길 18,"경기도 고양시 덕양구 관산동 180-1(2,3,4,6층)",20050718,폐업 등,20101013,,,,,,,37.6885486984,126.8657208575
고양시,참서울병원,410570,경기도 고양시 일산동구 성현로29번길 28-9 (성석동),경기도 고양시 일산동구 성석동 1227번지 10호,20091009,폐업 등,20101129,,,,,,,37.7118864810,126.7917653604
고양시,고양성모병원,412470,"경기도 고양시 덕양구 통일로768번길 18 (관산동, 2층, 3층, 4층, 6층)","경기도 고양시 덕양구 관산동 180번지 1호 2층, 3층, 4층, 6층",20111031,폐업 등,20120202,,,,,,,37.6885486984,126.8657208575
광명시,아이원병원,14316,"경기도 광명시 소하로75번길 10 (소하동, 하나로빌딩)",경기도 광명시 소하동,20160711,운영중,,,71,36,41,"내과, 소아청소년과, 이비인후과, 피부과",2634.5,37.4479290831,126.8849762420
광명시,광명 새움병원,14316,"경기도 광명시 오리로 518, 3~6층 (소하동)","경기도 광명시 소하동 1340-2번지 , 3~6층",20121210,운영중,,,67,49,14,"영상의학과, 마취통증의학과, 신경외과, 정형외과, 내과",2711.92,37.4482021147,126.8820232685
광명시,광명21세기병원,14200,"경기도 광명시 광명로 963, 1~9층 (광명동)","경기도 광명시 광명동 51-5번지 , 1~9층",20130529,운영중,,,86,36,21,"영상의학과, 마취통증의학과, 신경외과, 정형외과, 내과",2790.2,37.4846691995,126.8563524527
광명시,광명인병원,423848,"경기도 광명시 범안로 1046 (하안동, 광명인병원)",경기도 광명시 하안3동 36번지 2호,20000103,운영중,,,57,17,11,"침구과, 사상체질과, 한방재활의학과, 한방안·이비인후·피부과, 한방신경정신과, 한방소아과, 한방부인과, 한방내과, 가정의학과, 병리과, 재활의학과, 결핵과, 이비인후과, 마취통증의학과, 영상의학과, 비뇨기과, 피부과, 신경외과, 정형외과, 소아청소년과, 외과, 내과",3589.29,37.4620331296,126.8793765541
광명시,광명병원,423803,"경기도 광명시 광명로 963 (광명동, 광명병원)",경기도 광명시 광명2동 51번지 5호,20110309,폐업 등,20130409,,,,,,,37.4846691995,126.8563524527
광명시,광명연세병원,423812,경기도 광명시 광명로 844 (광명동),경기도 광명시 광명5동 290번지 23호,20030424,폐업 등,20111122,,,,,,,37.4744258198,126.8523236727
광명시,서울대효병원,423050,"경기도 광명시 오리로 518, 9,10층 (소하동)",경기도 광명시 소하동 1340번지 2호,20120706,폐업 등,20120810,,,,,,,37.4482021147,126.8820232685
광주시,참조은병원,464801,경기도 광주시 광주대로 45 (경안동),경기도 광주시 경안동 20번지 61호,20101118,운영중,,,124,73,31,"신경과, 가정의학과, 비뇨기과, 마취통증의학과, 신경외과, 재활의학과, 피부과, 소아청소년과, 성형외과, 정형외과, 진단검사의학과, 영상의학과, 이비인후과, 외과, 내과",4018.04,37.4109140026,127.2599526938
광주시,에스알씨(SRC)재활병원,464863,경기도 광주시 초월읍 경수길 25,경기도 광주시 초월읍 지월리 563번지 1호 외 7필지,19930830,운영중,,,201,39,53,"영상의학과, 소아청소년과, 내과, 가정의학과, 재활의학과",8680.95,37.4195110154,127.2870710855
광주시,탄탄병원,12761,경기도 광주시 경안로 40 (경안동),경기도 광주시 경안동 36-17번지,20131010,운영중,,,83,13,14,"내과, 신경과, 정형외과, 신경외과, 마취통증의학과, 영상의학과, 진단검사의학과, 가정의학과",1516,37.4095182128,127.2562056006
광주시,광주삼성병원,464801,경기도 광주시 경안로 40 (경안동),경기도 광주시 경안동 36번지 17호,20091019,폐업 등,20120417,,,,,,,37.4095182128,127.2562056006
광주시,연세대학교의과대학 세브란스정신건강병원,464100,경기도 광주시 경충대로1926번길 119 (탄벌동),경기도 광주시 탄벌동 696-6,19901222,폐업 등,20141130,,,,,,,37.4116575425,127.2247503297
구리시,굿병원,11932,"경기도 구리시 검배로 46, 2~8층, 13층 (수택동, 명지프라자)",경기도 구리시 수택동 486번지 9호,20120223,운영중,,,112,17,18,"외과, 소아청소년과, 재활의학과, 마취통증의학과, 영상의학과, 정형외과, 신경외과, 내과",3567,37.5972934854,127.1439325735
구리시,오케이참병원,11918,"경기도 구리시 건원대로 95, 3,4,5,6층 (인창동, 인창프라자)","경기도 구리시 인창동 412-15번지 인창프라자 3,4,5,6층",20121010,운영중,,,75,11,17,"내과, 신경과, 외과, 정형외과, 신경외과, 성형외과, 마취통증의학과, 소아청소년과, 이비인후과, 피부과, 비뇨기과, 영상의학과, 한방내과, 한방소아과, 한방신경정신과, 한방재활의학과, 침구과",2268,37.6093984244,127.1379606229
구리시,국군구리병원,11913,"경기도 구리시 인창2로 177 (인창동, 국군구리병원)",경기도 구리시 인창동 661-8번지 국군구리병원,20170919,운영중,,,100,52,11,"내과, 신경과, 정신건강의학과, 외과, 정형외과, 신경외과, 안과, 이비인후과, 피부과, 비뇨의학과, 영상의학과, 진단검사의학과, 응급의학과, 구강악안면외과, 치과보철과, 치주과",9705.11,37.6100354102,127.1193980366
구리시,의료법인기상의료재단카이저병원,471841,"경기도 구리시 건원대로 44, 5,6,7층 (인창동, 태영빌딩)","경기도 구리시 인창동 670번지 1호 태영빌딩 5,6,7층",20080402,운영중,,,184,14,37,"내과, 정형외과, 재활의학과",2836,37.6050435956,127.1404741802
구리시,참튼튼병원,11925,"경기도 구리시 체육관로 163 (교문동, 근린생활,의료,업무시설)","경기도 구리시 교문동 228번지 19호 (지하1층,2,3,4,6,7층)",20110928,운영중,,,88,55,16,"내과, 신경과, 외과, 정형외과, 신경외과, 마취통증의학과, 산부인과, 소아청소년과, 피부과, 비뇨의학과, 영상의학과, 병리과, 재활의학과",2321.93,37.5991531533,127.1360164696
구리시,행복한외과병원,11932,"경기도 구리시 검배로 78 (수택동, 행복한외과)",경기도 구리시 수택동 489-1번지 행복한외과,20161101,운영중,,,50,8,15,"내과, 외과, 정형외과, 피부과, 영상의학과",1304.36,37.5954181377,127.1467508193
구리시,좋은아침병원,11924,"경기도 구리시 경춘로 144, 지하1층~5층 (교문동, 대성빌딩)",경기도 구리시 교문동 199-1번지 대성빌딩 지하 1층~5층,20150810,운영중,,,76,27,14,"진단검사의학과, 영상의학과, 마취통증의학과, 신경외과, 정형외과, 내과",3717,37.6004449626,127.1311388696
구리시,윤서병원,471833,경기도 구리시 건원대로 47 (인창동),경기도 구리시 인창동 344번지 19호,20030401,운영중,,,200,28,33,"신경과, 마취통증의학과, 진단검사의학과, 재활의학과, 영상의학과, 비뇨기과, 피부과, 이비인후과, 소아청소년과, 성형외과, 정형외과, 신경외과, 외과, 내과",3577.54,37.6052119805,127.1395330341
구리시,재단법인원진녹색병원,471834,경기도 구리시 동구릉로 65 (인창동),경기도 구리시 인창동 527번지 44호,19990601,운영중,,,134,42,32,"내과, 외과, 정형외과, 소아청소년과, 영상의학과, 재활의학과, 가정의학과, 직업환경의학과, 한방내과, 한방부인과, 한방소아과, 한방안·이비인후·피부과, 한방신경정신과, 한방재활의학과, 사상체질과",5366.13,37.6059246921,127.1338875276
구리시,구리선병원,471815,경기도 구리시 체육관로172번길 55 (수택동),경기도 구리시 수택1동 383번지 16호,20091228,폐업 등,20110701,,,,,,,37.6000192981,127.1392295602
구리시,베스티안 구리병원,471815,경기도 구리시 체육관로172번길 55 (수택동),경기도 구리시 수택1동 383번지 16호,20050621,폐업 등,20091001,,,,,,,37.6000192981,127.1392295602
구리시,우리병원,471032,경기도 구리시 검배로 74,경기도 구리시 수택2동 489번지 1호,20010710,폐업 등,20090213,,,,,,,37.5956783715,127.1463644405
구리시,행복한외과병원,471820,경기도 구리시 검배로 78 (수택동),경기도 구리시 수택2동 489번지 1호,20091113,폐업 등,20161031,,50,3,15,"재활의학과, 병리과, 피부과, 비뇨기과, 신경외과, 정형외과, 외과, 내과",1166,37.5954181377,127.1467508193
구리시,구리선병원,471031,경기도 구리시 체육관로172번길 55 (수택동),경기도 구리시 수택1동 383번지 16호,20110908,폐업 등,20111230,,,,,,,37.6000192981,127.1392295602
구리시,제일병원,471820,경기도 구리시 검배로 66 (수택동),경기도 구리시 수택2동 488번지 5호,20010613,폐업 등,20170102,,30,5,18,"소아청소년과, 비뇨기과, 정형외과, 외과, 내과",951,37.5961719652,127.1456484420
구리시,구리백병원,471820,경기도 구리시 검배로 42 (수택동),경기도 구리시 수택2동 486번지 4호,19940713,폐업 등,20150615,,32,3,9,"정형외과, 외과, 내과",1235,37.5974999376,127.1436483852
군포시,산본제일병원,435849,경기도 군포시 산본로 374 (산본동),경기도 군포시 산본2동 1097번지 4호,19940809,운영중,,,80,43,41,"외과, 내과, 영상의학과, 마취통증의학과, 소아청소년과, 산부인과",8726.27,37.3636568764,126.9311296301
군포시,남천병원,15820,경기도 군포시 고산로 575 (산본동),경기도 군포시 산본동 1100-1번지,19980408,운영중,,,145,34,38,"치과, 가정의학과, 재활의학과, 영상의학과, 비뇨의학과, 피부과, 이비인후과, 소아청소년과, 흉부외과, 신경외과, 정형외과, 외과, 신경과, 내과",8405.85,37.3646865685,126.9259722527
군포시,군포성모병원,15871,"경기도 군포시 용호1로2번길 47-7, 1층,2층 (당동, 미성데코플라자)","경기도 군포시 당동 962번지 3호 미성데코프라자 1층, 2층",20151119,운영중,,,148,11,39,"내과, 신경과, 외과, 정형외과, 신경외과, 마취통증의학과, 피부과, 재활의학과, 가정의학과, 한방내과, 한방부인과, 한방소아과, 한방안·이비인후·피부과, 한방신경정신과, 한방재활의학과, 사상체질과, 침구과",3192.5,37.3465787359,126.9412052400
군포시,원광대학교군포병원,435040,경기도 군포시 산본로 327 (산본동),경기도 군포시 산본동 1126-1,19970804,폐업 등,20000731,,,,,,,37.3597823852,126.9333044055
군포시,군포병원,435877,경기도 군포시 군포로 493 (당동),경기도 군포시 군포2동 785번지 3호,20040830,폐업 등,20150202,,84,24,20,"영상의학과, 내과, 신경외과, 외과, 정형외과",2931.44,37.3504777432,126.9441910044
군포시,서울모자병원,435040,경기도 군포시 산본로386번길 5-1 (산본동),경기도 군포시 산본동 1094-2,19960605,폐업 등,20020228,,,,,,,37.3648878571,126.9303185324
군포시,서울외과병원,435040,경기도 군포시 산본로386번길 5-1 (산본동),경기도 군포시 산본동 1094-2,20020313,폐업 등,20050225,,,,,,,37.3648878571,126.9303185324
김포시,서울여성병원,10110,"경기도 김포시 김포대로 829 (사우동, 서울여성병원)",경기도 김포시 사우동 917번지,20020618,운영중,,,40,13,22,"성형외과, 소아청소년과, 비뇨기과, 마취통증의학과, 영상의학과, 외과, 산부인과",1959.22,37.6188765270,126.7212958431
김포시,나리병원,10108,경기도 김포시 돌문로 99 (사우동),경기도 김포시 사우동 201-38번지,20020624,운영중,,,58,18,31,"소아청소년과, 산부인과, 마취통증의학과, 내과",3490.61,37.6219207878,126.7128106660
김포시,김포예사랑병원,415010,"경기도 김포시 중봉1로 12, 2,5,6층 (감정동, e삼메디칼센터)","경기도 김포시 감정동 551번지 8호 e삼메다칼센터 2,5,6층",20090403,운영중,,,150,14,22,정신건강의학과,860,37.6224620194,126.6994788321
김포시,세인트힐병원,10108,"경기도 김포시 돌문로 43, 4층 (사우동)",경기도 김포시 사우동 237번지 2호 4층,20160418,운영중,,,124,24,26,"내과, 신경과, 정형외과, 신경외과, 마취통증의학과, 소아청소년과, 재활의학과, 가정의학과",2257.71,37.6188535203,126.7178174040
김포시,유앤제이병원,10062,"경기도 김포시 양촌읍 양곡2로 30, 2,3층 (김포메디컬시티)",경기도 김포시 양촌읍 양곡리 1306번지 7호,20170622,운영중,,,46,10,13,"내과, 외과, 정형외과, 신경외과, 마취통증의학과, 소아청소년과, 피부과, 비뇨의학과, 영상의학과, 가정의학과",934.69,37.6540932796,126.6275719370
김포시,연세유병원,10071,"경기도 김포시 김포한강4로 531, 제이스프라자 7-8층 (구래동)",경기도 김포시 구래동 6879번지 2호,20180719,운영중,,,44,10,13,"내과, 외과, 정형외과, 신경외과, 영상의학과, 재활의학과, 가정의학과",1289.16,37.6455920539,126.6248942624
김포시,가자연세병원,10108,"경기도 김포시 돌문로 43, 2층 (사우동)",경기도 김포시 사우동 237번지 2호,20170929,운영중,,,48,16,13,"내과, 정형외과, 신경외과, 마취통증의학과, 영상의학과, 가정의학과",2579,37.6188535203,126.7178174040
김포시,한강아이제일병원,10077,"경기도 김포시 김포한강11로 133, 1동 2,3,5층 (장기동, 중앙프라자)","경기도 김포시 운양동 1427-1번지 중앙프라자 1동 2,3,5층",20170103,운영중,,,44,11,25,"진단검사의학과, 병리과, 영상의학과, 피부과, 이비인후과, 소아청소년과, 정형외과, 내과",1074.69,37.6457540913,126.6813645273
김포시,김포한누리병원,415871,경기도 김포시 월곶면 김포대로 2515-26,경기도 김포시 월곶면 갈산리 465-21,19970206,운영중,,,272,15,38,"소아청소년과, 내과, 정신건강의학과",2316.95,37.7005290811,126.5686768408
김포시,김포한사랑병원,415070,,경기도 김포시 풍무동 444-5,20031229,폐업 등,20110729,,,,,,,,
김포시,수병원,415010,경기도 김포시 중봉1로 12,"경기도 김포시 감정동 551-8 이삼메디칼4,5,7층",20041231,폐업 등,,,,,,,,37.6224620194,126.6994788321
김포시,고려병원,415060,,경기도 김포시 장기동 390-3,20000718,폐업 등,20090430,,,,,,,37.6474617279,126.6788350165
김포시,새롬병원,415867,경기도 김포시 통진읍 조강로36번길 12-10,경기도 김포시 통진읍 서암리 714번지 65호,20080723,폐업 등,20090814,,,,,,,37.6896660344,126.6020784224
김포시,성모의료재단 새로나 병원,415867,"경기도 김포시 통진읍 조강로36번길 12-10 (,66)","경기도 김포시 통진읍 서암리 714번지 65호 ,66",20051125,폐업 등,20070906,,,,,,,37.6896660344,126.6020784224
김포시,의료법인제일성심의료재단제이에스병원,10035,경기도 김포시 통진읍 흥신로 320-10,경기도 김포시 통진읍 도사리 733-2번지,20000520,폐업 등,20170210,,179,26,35,"직업환경의학과, 영상의학과, 비뇨기과, 피부과, 이비인후과, 소아청소년과, 마취통증의학과, 흉부외과, 신경외과, 정형외과, 외과, 내과",6123.94,37.6839366620,126.6084077369
김포시,수병원,10104,"경기도 김포시 중봉1로 12 (감정동, 이삼메디칼센타)","경기도 김포시 감정동 551번지 8호 이삼메디칼 4,5,7층",20071109,폐업 등,20170601,,54,4,14,"성형외과, 외과, 소아청소년과, 내과, 가정의학과, 재활의학과, 정형외과",1670.31,37.6224620194,126.6994788321
남양주시,새맘병원,472881,경기도 남양주시 오남읍 진건오남로884번길 22-20,경기도 남양주시 오남읍 양지리 193번지 8호,20120717,운영중,,,100,8,20,"내과, 외과, 정형외과, 신경외과, 소아청소년과, 영상의학과, 진단검사의학과, 재활의학과, 가정의학과, 한방내과, 한방신경정신과, 한방재활의학과, 사상체질과, 침구과",2983.61,37.7054011197,127.1993221569
남양주시,양병원,472010,경기도 남양주시 경춘로 933 (금곡동),"경기도 남양주시 금곡동 433번지 5호 431-8번지(1층 일부,2층,3층)",19961031,운영중,,,50,46,19,"치과, 산부인과, 가정의학과, 마취통증의학과, 영상의학과, 외과, 내과",5790.62,37.6335523359,127.2052107223
남양주시,원병원,472848,경기도 남양주시 화도읍 경춘로 1943-16,경기도 남양주시 화도읍 창현리 495번지 3호,19970315,운영중,,,151,27,42,"가정의학과, 진단검사의학과, 마취통증의학과, 정형외과, 소아청소년과, 영상의학과, 신경외과, 산부인과, 외과, 내과",9993.84,37.6519114852,127.3043775936
남양주시,의료법인혜수의료재단베리굿병원,12102,"경기도 남양주시 별내5로5번길 5, 지앤지프라자 3~7층 (별내동)",경기도 남양주시 별내동 1097번지 5호 지앤지프라자,20130801,운영중,,,58,17,14,"내과, 신경과, 외과, 정형외과, 신경외과, 마취통증의학과, 소아청소년과, 영상의학과, 가정의학과",2323.86,37.6499250382,127.1131192338
남양주시,다산의료소비자생활협동조합정석소아청소년과병원,472861,"경기도 남양주시 진접읍 해밀예당1로 221, 6,7,8층 (지안빌딩)","경기도 남양주시 진접읍 금곡리 1021번지 2호 지안빌딩6층,7층,8층",20131001,운영중,,,51,13,28,"이비인후과, 소아청소년과",1693.68,37.7206422608,127.2027327207
남양주시,온세병원,472938,"경기도 남양주시 평내로29번길 49, 10층 (평내동, M2프라자)",경기도 남양주시 평내동 579번지 3호 M2프라자 10층,20101012,운영중,,,138,14,16,"신경과, 정신건강의학과, 가정의학과, 소아청소년과, 내과",1440.34,37.6458736953,127.2356433043
남양주시,휴메디병원,12009,"경기도 남양주시 진접읍 금강로1521번길 1, 2,3,4층",경기도 남양주시 진접읍 장현리 68번지 5호,20151130,운영중,,,100,12,16,"내과, 신경과, 마취통증의학과, 소아청소년과, 피부과, 재활의학과, 가정의학과, 한방내과, 한방부인과, 한방소아과, 한방안·이비인후·피부과, 한방재활의학과, 침구과",1849.5,37.7263739596,127.1919067130
남양주시,하나소아청소년과병원,12149,"경기도 남양주시 늘을1로16번길 25, 성보빌딩 4층, 10층층 (호평동)","경기도 남양주시 호평동 638번지 성보빌딩 4층, 10층",20111202,운영중,,,42,15,24,소아청소년과,1464.73,37.6540738962,127.2428924566
남양주시,남양주백병원,472861,"경기도 남양주시 진접읍 해밀예당1로 30-25, 2층~10층",경기도 남양주시 진접읍 금곡리 1083번지 5호 2층~10층,20041012,운영중,,,127,29,33,"마취통증의학과, 소아청소년과, 정형외과, 외과, 내과",5729,37.7112924853,127.1876351874
남양주시,국민병원,12218,경기도 남양주시 경춘로1308번길 4 (평내동),경기도 남양주시 평내동 200-1번지,20160826,운영중,,,200,25,41,"내과, 정형외과, 신경외과, 마취통증의학과, 영상의학과, 재활의학과, 응급의학과",5681,37.6501069941,127.2383376486
남양주시,실버힐스병원,472140,"경기도 남양주시 경춘로 1260 (평내동, 하나프라자 5층)",경기도 남양주시 평내동 579 하나프라자 5층,20091130,운영중,,,148,12,25,"침구과, 한방내과, 정신건강의학과, 신경과, 가정의학과, 내과",2108,37.6466740514,127.2348242997
남양주시,남양주21세기병원,472836,경기도 남양주시 진건읍 사릉로442번길 15,경기도 남양주시 진건읍 용정리 769번지 3호,20120113,운영중,,,75,22,16,"피부과, 재활의학과, 영상의학과, 신경외과, 정형외과, 외과, 내과",2118.85,37.6587615644,127.1771754920
남양주시,의료법인유라의료재단 온누리병원,472821,경기도 남양주시 퇴계원면 퇴계원로 20,경기도 남양주시 퇴계원면 퇴계원리 218번지 20호,20101208,폐업 등,20151112,,68,7,12,"가정의학과, 내과, 재활의학과, 정형외과",1525.58,37.6487786897,127.1411136554
남양주시,마석서울병원,472848,"경기도 남양주시 화도읍 비룡로 2 (1층,4층)","경기도 남양주시 화도읍 창현리 503번지 9호 외3, 1층,4층",20091109,폐업 등,20131209,,,,,,,37.6524567774,127.3016667255
남양주시,서울병원,12125,경기도 남양주시 퇴계원읍 도제원로 32,경기도 남양주시 퇴계원면 퇴계원리 249-4 외2필지,20071214,폐업 등,20130117,,,,,,,37.6509807113,127.1450027446
남양주시,현대병원,472865,,"경기도 남양주시 진접읍 장현리 663,659-3",20020121,폐업 등,20091231,,,,,,,37.7154360459,127.1799591601
남양주시,남양주서울병원,12113,"경기도 남양주시 순화궁로 116, 5층 (별내동)",경기도 남양주시 별내동 998번지 남양주 별내 노블레스,20171127,폐업 등,20180410,,38,7,10,"내과, 소아청소년과, 이비인후과, 피부과, 가정의학과, 한방내과, 한방부인과, 한방소아과, 한방안·이비인후·피부과, 한방신경정신과, 한방재활의학과, 사상체질과, 침구과",1152.88,37.6430559536,127.1211801001
남양주시,나래병원,12122,경기도 남양주시 퇴계원읍 퇴계원로 20,경기도 남양주시 퇴계원면 퇴계원리 218-20,20070326,폐업 등,20101208,,,,,,,37.6487786897,127.1411136554
남양주시,시티병원,472935,경기도 남양주시 경춘로1308번길 4 (평내동),경기도 남양주시 평내동 200번지 1호,20120712,폐업 등,20140523,,200,72,41,"신경외과, 가정의학과, 정형외과, 침구과, 한방내과, 응급의학과, 마취통증의학과, 영상의학과, 외과, 내과",6668.13,37.6501069941,127.2383376486
동두천시,동두천중앙성모병원,11326,경기도 동두천시 동광로 53 (생연동),경기도 동두천시 생연동 577-4번지,20070831,운영중,,,185,47,37,"내과, 신경과, 외과, 정형외과, 신경외과, 성형외과, 마취통증의학과, 소아청소년과, 안과, 이비인후과, 피부과, 비뇨의학과, 영상의학과, 가정의학과, 응급의학과",1630.24,37.9088541736,127.0540469152
동두천시,동두천성모병원,483030,경기도 동두천시 강변로 422 (생연동),경기도 동두천시 생연동 826번지 11호,20030416,폐업 등,20150621,,99,6,26,"가정의학과, 정형외과, 신경외과, 외과, 내과",3582.24,37.9068599484,127.0510558433
부천시,현병원,14480,"경기도 부천시 수도로 202, 1,3층 (도당동)","경기도 부천시 도당동 43-3번지 , 1,3층",20051115,운영중,,,41,5,11,"내과, 외과, 정형외과, 신경외과, 소아청소년과, 이비인후과, 피부과, 비뇨의학과, 가정의학과, 한방내과",1055.8,37.5196164282,126.7875891128
부천시,부천21세기병원,422824,"경기도 부천시 경인로 180, 2층,3층 (심곡본동)","경기도 부천시 심곡본동 560-9번지 2층,3층",20100524,운영중,,,60,42,16,"외과, 정형외과, 신경외과, 마취통증의학과, 영상의학과",2706,37.4835769738,126.7751502849
부천시,하이병원,14530,경기도 부천시 계남로 310 (중동),경기도 부천시 중동 1086번지 4호 하이병원,20101001,운영중,,,61,32,13,"내과, 정형외과, 신경외과, 마취통증의학과, 영상의학과",2695.6,37.5031495814,126.7817606485
부천시,본드림병원,422230,"경기도 부천시 소사로 236, 2,3층 (소사본동)",경기도 부천시 소사본동 126번지,20121129,운영중,,,76,10,13,"내과, 정형외과, 신경외과, 마취통증의학과, 영상의학과, 가정의학과",2452,37.4793131460,126.7959455767
부천시,서울여성병원,14544,"경기도 부천시 길주로 84, 1~7층,8층 일부, 서울여성병원 / 길주로 74 3층 일부 (건강검진센터)  (상동)","경기도 부천시 상동 544번지 2호 1~7층, 8층 일부, 서울여성병원 / 상동 548-7, 3층 일부 (건강검진센터)",20050908,운영중,,,89,97,48,"내과, 외과, 마취통증의학과, 산부인과, 소아청소년과, 가정의학과",16242.5,37.5052427462,126.7516000019
부천시,오정본병원,14427,"경기도 부천시 소사로 801, ,소사로 802-1(성운빌딩.401호) (원종동)","경기도 부천시 원종동 230번지 17호 ,원종동 231-14 성운빌딩 401호",20141007,운영중,,,51,14,10,"내과, 정형외과, 영상의학과, 가정의학과",2191.22,37.5276397880,126.8044550175
부천시,인본병원,420774,"경기도 부천시 상동로 90, 504,504-2,508일부호 (상동, 메가플러스)",경기도 부천시 상동 541-1번지,20150302,운영중,,,42,27,9,"내과, 정형외과, 신경외과, 마취통증의학과, 소아청소년과, 영상의학과",1351.46,37.5051300224,126.7537281611
부천시,센트로병원,14473,"경기도 부천시 소사로 694, 성진프라자 2층,3층,4층,6층일부 (원종동)","경기도 부천시 원종동 371번지 2호 성진프라자,2층,3층,4층,6층일부",20070629,운영중,,,67,14,13,"내과, 신경과, 정형외과, 신경외과, 마취통증의학과, 영상의학과, 병리과, 재활의학과",1792.08,37.5179724719,126.8051558241
부천시,부천우리병원,14420,"경기도 부천시 소사로 766 (원종동, 원종로 52)","경기도 부천시 원종동 277번지 14호 , 원종동 297-3",20070416,운영중,,,97,39,27,"내과, 외과, 정형외과, 신경외과, 마취통증의학과, 소아청소년과, 피부과, 비뇨의학과, 가정의학과, 치과",3021.64,37.5243903721,126.8052094723
부천시,재단법인대성재단디에스병원,14578,"경기도 부천시 부흥로 377 (심곡동, 디에스병원)",경기도 부천시 심곡동 106번지 디에스병원,20060315,운영중,,,169,15,29,"내과, 영상의학과, 진단검사의학과",2883.52,37.4919108853,126.7834293450
부천시,초앤유여성병원,420852,경기도 부천시 중동로248번길 19 (중동),경기도 부천시 중동 1151-6번지,20040525,운영중,,,42,16,22,"산부인과, 소아청소년과",3154.1,37.5019133893,126.7697801383
부천시,의료법인석경의료재단중동연세병원,420849,"경기도 부천시 길주로 319, 201호,301호,401호,502호,504호 (중동)",경기도 부천시 중동 1079-3번지,20040412,운영중,,,96,7,21,"내과, 외과, 정형외과, 신경외과, 마취통증의학과, 산부인과, 소아청소년과, 이비인후과, 피부과, 비뇨의학과, 영상의학과, 병리과, 재활의학과, 응급의학과, 예방의학과",2186.74,37.5032986214,126.7781161926
부천시,의료법인송하의료재단베스티안부천병원,14725,"경기도 부천시 심곡로10번길 68 (송내동, 베스티안병원)",경기도 부천시 송내동 577번지 2호,20031202,운영중,,,61,32,19,"내과, 외과, 정형외과, 신경외과, 마취통증의학과, 소아청소년과, 이비인후과, 피부과, 비뇨의학과, 영상의학과, 진단검사의학과, 재활의학과, 가정의학과, 응급의학과",3810.99,37.4836847287,126.7721518848
부천시,부천중앙병원,14427,"경기도 부천시 소사로 797 (원종동, 지하1일부,1,2,3,4층)","경기도 부천시 원종동 230번지 3호 지하1일부,1,2,3,4층",20090312,운영중,,,59,18,12,"내과, 외과, 정형외과, 신경외과, 마취통증의학과, 소아청소년과, 영상의학과, 병리과, 재활의학과, 가정의학과, 응급의학과",1626.29,37.5271980864,126.8044478015
부천시,생생병원,14704,"경기도 부천시 경인옛로 3 (소사본동, 소사메디파크 5~8층)",경기도 부천시 소사본동 70번지 소사메디파크 5~8층,20160921,운영중,,,64,42,15,"내과, 정형외과, 신경외과, 마취통증의학과, 영상의학과",2442.64,37.4819286036,126.7931838853
부천시,휴앤유병원,14736,경기도 부천시 심곡로10번길 63-63 (송내동),,20080109,운영중,,,221,62,51,"내과, 신경과, 정신건강의학과, 재활의학과, 한방내과, 한방부인과, 한방소아과, 한방안·이비인후·피부과, 한방신경정신과, 한방재활의학과, 사상체질과, 침구과",6980.88,,
부천시,이룸병원,14491,"경기도 부천시 수도로 93 (내동, 태양빌딩 2층,3층일부,4층,5층)","경기도 부천시 내동 59번지 태양빌딩 2층,3층일부,4층,5층",20160906,운영중,,,292,9,50,"내과, 정신건강의학과, 정형외과, 가정의학과, 한방내과, 한방부인과, 한방소아과, 한방안·이비인후·피부과, 한방신경정신과, 한방재활의학과, 사상체질과, 침구과",4247.75,37.5157868164,126.7759138350
부천시,연세사랑병원,14673,"경기도 부천시 부일로 706, (역곡로 1번길 64), (부일로 705, 2~3층, 6층) (역곡동)",경기도 부천시 역곡동 49번지 3호 연세사랑병원,20030415,운영중,,,73,66,15,"내과, 외과, 정형외과, 신경외과, 마취통증의학과, 산부인과, 비뇨의학과, 영상의학과",2465.58,37.4846594486,126.8083713904
부천시,부천서울어린이병원,420862,"경기도 부천시 송내대로265번길 19, 4,5층 (상동, 대신프라자)",경기도 부천시 상동 538-3번지,20120316,운영중,,,52,17,30,"내과, 신경과, 정신건강의학과, 외과, 정형외과, 산부인과, 소아청소년과, 안과, 이비인후과, 피부과, 병리과, 진단검사의학과",1494.52,37.5064811486,126.7578783424
부천시,예손병원,420859,"경기도 부천시 부천로 206 (춘의동, 다성빌딩)",경기도 부천시 춘의동 164-3번지 외 1필지,20061124,운영중,,,179,89,64,"내과, 외과, 정형외과, 신경외과, 마취통증의학과, 소아청소년과, 영상의학과, 진단검사의학과, 재활의학과, 가정의학과",10411.67,37.5025800399,126.7874342413
부천시,고운여성병원,420839,"경기도 부천시 부천로 110-1, 2~6층 (원미동)",경기도 부천시 원미동 111-3번지,20070222,운영중,,,40,5,21,"내과, 외과, 성형외과, 산부인과, 소아청소년과, 피부과",1639.03,37.4940588138,126.7853658614
부천시,스마튼병원,14534,"경기도 부천시 신흥로 240 (중동, 스마튼병원)",경기도 부천시 중동 1061번지 6호,20131230,운영중,,,52,25,11,"정형외과, 신경외과, 마취통증의학과, 영상의학과, 가정의학과",2405.03,37.5049897432,126.7760860159
부천시,부천고려병원,14633,"경기도 부천시 장말로372번길 15 (심곡동, 장말로372번길 20(1층), 부천고려병원)","경기도 부천시 심곡동 355-6번지 장말로372번길 20(1층), 부천고려병원",20050406,운영중,,,163,11,37,"내과, 신경과, 정신건강의학과, 외과, 소아청소년과",1790.12,37.4893412271,126.7832955302
부천시,뉴그린병원,421220,경기도 부천시 여월로 70 (여월동),"경기도 부천시 여월동 335번지 3,4,5층",20101206,폐업 등,,,,,,,,37.5113825509,126.8065068299
부천시,상동서울병원,14544,"경기도 부천시 소향로 11, 2층 201~206,202-1,203-1,204-1호 (상동, 208~214호, 코오롱이데아폴리스)",경기도 부천시 상동 547-1번지,20151231,폐업 등,20170621,,80,3,13,"내과, 이비인후과, 피부과, 비뇨기과, 재활의학과, 가정의학과, 한방내과, 구강내과",1613.25,37.5044135609,126.7487684905
부천시,보아스의료소비자생활협동조합보아스병원,420864,"경기도 부천시 소향로 11, 2층  201~206,202-1,203-1,204-1호 (상동, 208~212,213호일부,214호)",경기도 부천시 상동 547-1번지,20141008,폐업 등,20151229,,80,8,13,"내과, 신경외과, 마취통증의학과, 소아청소년과, 이비인후과, 피부과, 비뇨기과, 재활의학과, 가정의학과, 구강내과, 한방내과",1538.31,37.5044135609,126.7487684905
부천시,늘푸른의료소비자생활협동조합프리모병원,420852,"경기도 부천시 석천로177번길 39, 3,8,9,10층 (중동)",경기도 부천시 중동 1167-1번지,20080404,폐업 등,20150916,,142,3,19,"한방내과, 신경과, 내과, 가정의학과, 재활의학과",1685.9,37.5033709106,126.7606583714
부천시,휴앤유병원,14736,경기도 부천시 심곡로10번길 63,경기도 부천시 송내동 576-2,20080109,폐업 등,,,,,,,,37.4830020422,126.7725317602
부천시,푸른병원,420845,경기도 부천시 부일로 362 (중동),경기도 부천시 중2동 797번지 2호,20060801,폐업 등,20150101,,,,,,,37.4874942911,126.7701806811
부천시,유나이티드중동병원,420851,"경기도 부천시 부흥로303번길 6, 3,4층 (중동, 상록빌딩)",경기도 부천시 중2동 1122번지 1호 상록빌딩3.4층,20120501,폐업 등,20140101,,,,,,,37.4948620331,126.7766475985
부천시,예은병원,420861,"경기도 부천시 길주로 91, 3,4층 (상동, 비잔티움)",경기도 부천시 상동 534-6번지,20071206,폐업 등,20180711,,120,17,25,"신경과, 재활의학과, 가정의학과",2509.9,37.5063755894,126.7525730276
부천시,꾸러기병원,,,"부천시 중3동 1080. 1,2,4,5,6,7층",20080401,폐업 등,20090701,,,,,,,,
부천시,청청인병원,14643,"경기도 부천시 부일로 522 (1,2,3,7,8층 )호 (심곡동)","부천시 심곡동 129-3(1,2,3,7,8층)",20081017,폐업 등,20100701,,,,,,,37.4848896105,126.7879416273
부천시,여강요양병원,14539,경기도 부천시 길주로 251,"부천시 중3동 1056-3,1층-5층",20070222,폐업 등,20120112,,,,,,,37.5042707265,126.7705604645
부천시,생명제일병원,421810,경기도 부천시 평천로 724 (삼정동),경기도 부천시 삼정동342-2,20070221,폐업 등,20121212,,101,4,15,"한방재활의학과, 한방소아과, 한방부인과, 침구과, 한방내과, 가정의학과, 재활의학과, 이비인후과, 소아청소년과, 내과",1981.51,37.5148563648,126.7711816338
성남시,성모윌병원,13313,"경기도 성남시 수정구 성남대로 1171, 2층-9층 (수진동, 삼성화재빌딩)",경기도 성남시 수정구 수진동 4624번지,20170809,운영중,,,160,48,28,"내과, 신경과, 외과, 정형외과, 신경외과, 마취통증의학과, 소아청소년과, 영상의학과, 진단검사의학과, 가정의학과",4312.39,37.4344596702,127.1282587244
성남시,더조은병원,13647,"경기도 성남시 수정구 위례서일로 18, 4-11(6층일부)층 (창곡동)",경기도 성남시 수정구 창곡동 559번지 4호,20170914,운영중,,,160,42,46,"내과, 정형외과, 신경외과, 마취통증의학과, 산부인과, 소아청소년과, 영상의학과, 가정의학과",7372.06,37.4651088810,127.1378207406
성남시,분당베스트병원,463828,"경기도 성남시 분당구 성남대로926번길 6, 701,801호 (야탑동, 야탑대덕프라자)","경기도 성남시 분당구 야탑동 361번지 5호 야탑 대덕프라자 701호, 801호",20120713,운영중,,,164,28,29,재활의학과,4326.15,37.4121918299,127.1298830229
성남시,분당21세기병원,13591,"경기도 성남시 분당구 황새울로342번길 15, 5층일부, 6층 (서현동, 은성빌딩)","경기도 성남시 분당구 서현동 250-6번지 은성빌딩 5층일부, 6층",20131125,운영중,,,30,7,6,"영상의학과, 마취통증의학과, 신경외과, 정형외과",737.13,37.3864207124,127.1239323118
성남시,바른마디병원,462801,경기도 성남시 중원구 광명로 330 (금광동),경기도 성남시 중원구 금광동 1349번지,20131202,운영중,,,85,39,20,"내과, 신경과, 외과, 정형외과, 신경외과, 성형외과, 마취통증의학과, 영상의학과, 진단검사의학과, 재활의학과, 가정의학과",3357.63,37.4452618884,127.1625730414
성남시,휴엔병원,13344,"경기도 성남시 수정구 산성대로 241, 9,10,11,12층 (신흥동)","경기도 성남시 수정구 신흥동 4224번지 9,10,11,12층",20140508,운영중,,,214,13,23,"소아청소년과, 정신건강의학과, 신경과, 내과",2481.88,37.4403028215,127.1436264603
성남시,국군수도병원,463040,경기도 성남시 분당구 새마을로177번길 81 (율동),경기도 성남시 분당구 율동 2길 66호,20000226,운영중,,,660,417,140,"소아청소년과, 병리과, 핵의학과, 응급의학과, 진단검사의학과, 마취통증의학과, 가정의학과, 영상의학과, 피부과, 정신건강의학과, 신경과, 이비인후과, 산부인과, 내과, 비뇨기과, 안과, 재활의학과, 신경외과, 성형외과, 흉부외과, 정형외과, 외과",75683.12,37.3923047053,127.1490194940
성남시,바른세상병원,463828,"경기도 성남시 분당구 야탑로75번길 5 (야탑동, 지1,1, 2, 3, 4, 5층, 야탑로69번길2,지1,2,3,4층)","경기도 성남시 분당구  355번지 5호 지1,1, 2, 3, 4, 5층, 야탑로69번길2,지1,2,3,4층",20060201,운영중,,,121,112,27,"내과, 정형외과, 신경외과, 마취통증의학과, 영상의학과, 재활의학과, 가정의학과",5937.42,37.4103073368,127.1268187156
성남시,분당에이치병원,13595,"경기도 성남시 분당구 백현로 97, 1004호,1005호,1101호일부,1104호 호 (수내동)","경기도 성남시 분당구 수내동 22-3번지 1004호,1005호,1101호일부,1104호 호",20040608,운영중,,,39,7,15,"직업환경의학과, 가정의학과, 영상의학과, 정형외과, 내과",1936,37.3768525331,127.1113749843
성남시,서울나우병원,13591,"경기도 성남시 분당구 분당로 43, 5~12층 (서현동, 나우빌딩)",경기도 성남시 분당구 서현동 267-3번지 나우빌딩 5~12층,20030317,운영중,,,68,72,17,"가정의학과, 재활의학과, 영상의학과, 마취통증의학과, 신경외과, 정형외과, 내과",4203.98,37.3840744104,127.1202615398
성남시,분당제일여성병원,13590,"경기도 성남시 분당구 서현로180번길 27, 1~6층 (서현동, 분당제일여성병원)",경기도 성남시 분당구 서현동 260-1번지 분당제일여성병원 1~6층,20060807,운영중,,,96,144,54,"소아청소년과, 산부인과, 외과",4321.07,37.3869547945,127.1218172147
성남시,사랑의병원,13524,"경기도 성남시 분당구 분당내곡로 151, 6일부,7층 601~603,605,7층호 (삼평동)",경기도 성남시 분당구 삼평동 656번지,20130910,운영중,,,37,7,9,"예방의학과, 가정의학과, 이비인후과, 외과, 내과",1105.52,37.3973806137,127.1125004928
성남시,으뜸병원,462829,"경기도 성남시 중원구 성남대로 1133, 3,4,5층 (성남동, 성남 메트로칸)","경기도 성남시 중원구 성남동 4169번지 성남 메트로칸 3,4,5층 일부",20120716,운영중,,,73,11,14,"내과, 영상의학과, 정형외과, 신경외과",1485.9,37.4310446605,127.1286373101
성남시,성남사랑의병원,461823,경기도 성남시 수정구 성남대로 1270-1 (태평동),경기도 성남시 수정구 태평동 6116번지 지하1층~지상5층,20101004,운영중,,,188,14,19,"가정의학과, 정신건강의학과, 피부과, 내과",1927.81,37.4432907619,127.1275141356
성남시,분당척병원,463828,"경기도 성남시 분당구 성남대로 932, 3~8층 (야탑동, (별관 : 성남대로926번길12금탑프라자7층, 702~706호))","경기도 성남시 분당구 야탑동 360번지 5호 3-8층, 야탑동 361-3번지 702-706호",20100111,운영중,,,72,80,17,"가정의학과, 영상의학과, 마취통증의학과, 정형외과, 신경외과",4333.04,37.4128839661,127.1292694006
성남시,곽여성병원,461824,경기도 성남시 수정구 수정로 91 (태평동),"경기도 성남시 수정구 태평1동 6450번지 외 1필지, 6452번지",20050217,운영중,,,129,51,91,"산부인과, 소아청소년과, 가정의학과",1961,37.4407761895,127.1304657710
성남시,의료법인 본플러스재단 분당병원,463010,"경기도 성남시 분당구 정자로 13, 801,704호 (정자동, 월드비터)",경기도 성남시 분당구 정자동 155번지 2호 월드비터 801호/704호,20040204,운영중,,,31,13,10,"내과, 신경과, 외과, 정형외과, 신경외과, 소아청소년과, 영상의학과, 진단검사의학과, 재활의학과, 가정의학과",1012,37.3637207088,127.1063157290
성남시,분당러스크재활전문병원,463834,"경기도 성남시 분당구 정자일로156번길 6, 3~8층 (정자동, 뉴본타워)","경기도 성남시 분당구 정자동 155번지 1호 뉴본타워3,4,5,6,7,8층",20061115,운영중,,,193,41,42,"사상체질과, 내과, 신경외과, 신경과, 정형외과, 가정의학과, 재활의학과",4397.6,37.3639821050,127.1063143634
성남시,지우병원,13290,경기도 성남시 수정구 수정로 183 (태평동),"경기도 성남시 수정구 태평동 7288번지 16호 지하1,2~5층",20160105,운영중,,,60,31,18,"내과, 신경과, 정형외과, 신경외과, 마취통증의학과, 영상의학과, 가정의학과",2256.17,37.4437266175,127.1401848221
성남시,라파엘병원,463811,"경기도 성남시 분당구 성남대로 385, 7,8층 (정자동, 분당클리닉빌딩)","경기도 성남시분당구 정자동 15번지 2호 분당클리닉빌딩 7층,8층",20060616,폐업 등,20110616,,,,,,,37.3705571519,127.1075110479
성남시,보바스어린이병원,463811,"경기도 성남시 분당구 성남대로 385, 7,8,9층 702~704호 (정자동, 분당클리닉)","경기도 성남시 분당구 정자동 15번지 2호 분당클리닉 7층(702,703,704호),8층,9층",20061016,폐업 등,20140726,,,,,,,37.3705571519,127.1075110479
성남시,(의료법인 진성) 연세모두병원,463828,"경기도 성남시 분당구 장미로 78 (야탑동,시그마3 302,313호)","경기도 성남시 분당구 야탑동 360번지 1호 시그마3 302,313호",19820512,폐업 등,20080130,,,,,,,37.4135068616,127.1295714415
성남시,메디파크산부인과병원,463805,"경기도 성남시 분당구 돌마로 43, 2~6층 (금곡동, 메디파크빌딩)","경기도 성남시 분당구 금곡동 168번지 메디파크빌딩 2,3,4,5,6층",20020720,폐업 등,20140116,,,,,,,37.3503543722,127.1066678086
성남시,(늘푸른의료재단) 보바스병원,13555,,경기도 성남시 분당구 정자동15,20040414,폐업 등,20060526,,,,,,,,
성남시,좋은이웃병원,463824,"경기도 성남시 분당구 황새울로351번길 8 (서현동,지하1층 일부,2층,5층)","경기도 성남시 분당구 서현동 253번지 2호 지하1층 일부,2층,5층",20100315,폐업 등,20110901,,,,,,,37.3872789125,127.1234111362
성남시,순병원,13627,"경기도 성남시 분당구 미금일로90번길 32, 301~330호. 337~341호 (구미동, Well Park)",경기도 성남시 분당구 구미동 30번지 Well Park 301~330호. 337~341호,20120504,폐업 등,20180601,,39,10,14,"성형외과, 피부과, 신경외과, 이비인후과, 신경과, 소아청소년과, 외과, 재활의학과, 마취통증의학과, 영상의학과, 내과, 정형외과",1700.3,37.3489427626,127.1104688520
수원시,해성병원,16484,경기도 수원시 팔달구 경수대로 542 (인계동),경기도 수원시 팔달구 인계동 944번지 4호,20171013,운영중,,,140,11,25,"내과, 신경과, 재활의학과, 침구과",4260.29,37.2741236402,127.0299805733
수원시,정답병원,16480,경기도 수원시 팔달구 경수대로 471 (인계동),경기도 수원시 팔달구 인계동 978번지,20150410,운영중,,,45,13,11,"정형외과, 신경외과, 영상의학과",1684.75,37.2682516977,127.0267462744
수원시,의료법인 사랑나무의료재단 서수원병원,16642,"경기도 수원시 권선구 오목천로152번길 68, 골든프라자3,5층 (고색동)","경기도 수원시 권선구 고색동 950번지 골든프라자 3,5층",20081210,운영중,,,239,16,25,정신건강의학과,2505.2,37.2415456323,126.9779588730
수원시,우리병원,442833,경기도 수원시 팔달구 경수대로 419 (인계동),경기도 수원시 팔달구 인계동 1014번지,20080306,운영중,,,62,15,13,"신경외과, 정형외과",1909.71,37.2637103008,127.0249025553
수원시,의료법인 토마스의료재단 윌스기념병원,16480,경기도 수원시 팔달구 경수대로 437 (인계동),경기도 수원시 팔달구 인계동 994-3번지,20021021,운영중,,,145,145,31,"영상의학과, 비뇨의학과, 피부과, 마취통증의학과, 신경외과, 정형외과, 신경과, 내과",7192.64,37.2653173655,127.0255465941
수원시,강남여성병원,16471,경기도 수원시 팔달구 중부대로 96 (인계동),경기도 수원시 팔달구 인계동 210-1번지,19950713,운영중,,,32,18,13,"내과, 외과, 마취통증의학과, 산부인과, 소아청소년과",3197.4,37.2767458531,127.0275052543
수원시,버팀병원,16689,"경기도 수원시 영통구 영통로 195, 2,3,4,6층 (망포동, 골든스퀘어)","경기도 수원시 영통구 망포동 322-3번지 골든스퀘어 2,3,4,6층",20160902,운영중,,,60,30,9,"영상의학과, 마취통증의학과, 신경외과, 정형외과, 내과",2599.2,37.2451623291,127.0558002667
수원시,쉬즈메디병원,442833,경기도 수원시 팔달구 경수대로 535 (인계동),경기도 수원시 팔달구 인계동 958번지 5호,20120327,운영중,,,48,70,27,"내과, 마취통증의학과, 산부인과, 소아청소년과",3884.15,37.2737674873,127.0288210048
수원시,더웰병원,443851,"경기도 수원시 영통구 봉영로 1620 (영통동, 대우월드마크영통 3,5,6,7,8층)","경기도 수원시 영통구 영통동 996번지 3호 대우월드마크영통 3,5,6,7,8층",20121029,운영중,,,30,35,13,"정신건강의학과, 마취통증의학과, 가정의학과, 이비인후과, 영상의학과, 소아청소년과, 산부인과, 피부과, 성형외과, 외과, 내과",3327.17,37.2550152411,127.0756344537
수원시,김찬병원,16571,경기도 수원시 권선구 효원로 228 (권선동),경기도 수원시 권선구 권선동 1011-4번지,20140624,운영중,,,59,32,19,"재활의학과, 영상의학과, 마취통증의학과, 흉부외과, 신경외과, 정형외과, 신경과, 내과",2014.79,37.2625534503,127.0263872100
수원시,수병원,442838,경기도 수원시 팔달구 경수대로 613 (지동),경기도 수원시 팔달구 지동 481번지 4호,20150113,운영중,,,99,34,24,"내과, 정형외과, 영상의학과",4035.48,37.2803157854,127.0298743879
수원시,연세모아병원,16712,경기도 수원시 영통구 봉영로1759번길 41 (영통동),경기도 수원시 영통구 영통동 947-2번지,20020218,운영중,,,34,4,20,"가정의학과, 영상의학과, 피부과, 소아청소년과, 산부인과, 마취통증의학과, 성형외과, 내과",4382.8,37.2671475731,127.0805627445
수원시,초이스병원,16531,"경기도 수원시 영통구 중부대로 268, 1층2층5층6층7층 (매탄동, 매탄동클리닉센타)",경기도 수원시 영통구 매탄동 153-3번지 매탄동클리닉센타 1층2층5층6층7층,20080310,운영중,,,46,6,12,"재활의학과, 병리과, 영상의학과, 신경외과, 정형외과, 외과, 내과",1547.3,37.2740293212,127.0450618320
수원시,의료법인 송설의료재단 수원백병원,442022,경기도 수원시 팔달구 정조로 793 (팔달로2가),경기도 수원시 팔달구 팔달로2가 95,19820110,운영중,,,47,8,20,내과,2752.08,37.2790348844,127.0162220005
수원시,백성병원,442833,경기도 수원시 팔달구 인계로 102 (인계동),경기도 수원시 팔달구 인계동 1019번지 3호,19941201,운영중,,,157,36,44,"가정의학과, 영상의학과, 마취통증의학과, 신경외과, 정형외과, 외과, 내과",6952.54,37.2677452954,127.0285991249
수원시,한독병원,442832,경기도 수원시 팔달구 경수대로 487 (인계동),경기도 수원시 팔달구 인계동 966번지 2호 외3필지,20030111,운영중,,,38,5,16,"비뇨의학과, 신경외과, 정형외과, 외과",1932.94,37.2696417470,127.0272225640
수원시,수여성병원,441812,경기도 수원시 권선구 서부로 1592 (고색동),경기도 수원시 권선구 고색동 886번지 88호 외1필지,20090119,운영중,,,34,18,18,"내과, 외과, 정형외과, 산부인과, 소아청소년과, 피부과, 한방내과, 한방부인과, 한방소아과, 한방안·이비인후·피부과, 사상체질과, 침구과, 치과",2525.79,37.2512465428,126.9763471291
수원시,수원중앙병원,441821,경기도 수원시 권선구 권선로 654 (권선동),경기도 수원시 권선구 권선동 967번지 1호,19940102,운영중,,,293,37,79,"내과, 정신건강의학과, 외과, 정형외과, 성형외과, 마취통증의학과, 산부인과, 안과, 피부과, 비뇨의학과, 영상의학과, 한방내과, 치과",8711.32,37.2598171797,127.0228858068
수원시,신병원,441805,"경기도 수원시 권선구 매송고색로 724 (고색동, 신병원)",경기도 수원시 권선구 고색동 45번지 19호 20,19970114,운영중,,,125,26,34,"내과, 정형외과, 마취통증의학과, 소아청소년과, 영상의학과, 재활의학과",3559.3,37.2513510357,126.9837209607
수원시,아주다남병원,440841,"경기도 수원시 장안구 정자천로 187 (정자동, 롯데프라자 4층)",경기도 수원시 장안구 정자3동 874번지 2호 롯데프라자 4층,20111021,운영중,,,159,10,18,"가정의학과, 재활의학과, 정신건강의학과",1884.32,37.2965613775,126.9954621899
수원시,수원우노병원,441821,경기도 수원시 권선구 장다리로 94 (권선동),경기도 수원시 권선구 권선동 987번지 3호,20111114,운영중,,,115,5,23,"내과, 정신건강의학과, 소아청소년과, 이비인후과",1574.66,37.2585411487,127.0216308124
수원시,윈산부인과병원,16712,"경기도 수원시 영통구 봉영로1759번길 32 (영통동, 윈 산부인과)",경기도 수원시 영통구 영통동 946-2번지 윈 산부인과,20111226,운영중,,,31,32,19,"영상의학과, 소아청소년과, 산부인과, 마취통증의학과",2855.78,37.2666895475,127.0810389781
수원시,서울성모안과병원,443821,경기도 수원시 영통구 중부대로271번길 4 (원천동),경기도 수원시 영통구 원천동 79번지 5호,20120102,운영중,,,30,18,8,안과,1697.61,37.2745372081,127.0458709044
수원시,바로본병원,440805,경기도 수원시 장안구 경수대로 937 (송죽동),경기도 수원시 장안구 송죽동 499번지,20120917,운영중,,,31,14,8,"병리과, 마취통증의학과, 재활의학과, 신경외과, 정형외과, 영상의학과, 외과, 내과",1562.64,37.3022097420,127.0075092770
수원시,나누리수원병원,443821,"경기도 수원시 영통구 중부대로 295 (원천동, 외 11필지)",경기도 수원시 영통구 원천동 85번지 21호 외 11필지,20130429,운영중,,,128,98,31,"재활의학과, 흉부외과, 정신건강의학과, 신경외과, 마취통증의학과, 영상의학과, 정형외과, 내과",7580.63,37.2739332082,127.0482093839
수원시,다인병원,16221,경기도 수원시 장안구 창룡대로 159 (연무동),경기도 수원시 장안구 연무동 260번지 20호,20130614,운영중,,,76,42,20,"내과, 정형외과, 신경외과, 마취통증의학과, 영상의학과, 재활의학과, 가정의학과, 구강악안면외과, 치과보철과, 치과교정과, 소아치과, 치주과, 치과보존과, 구강내과, 영상치의학과, 구강병리과, 예방치과",6277.19,37.2919253556,127.0275231622
수원시,성모척관병원,440834,경기도 수원시 장안구 수성로 315 (정자동),경기도 수원시 장안구 정자동 80번지 23호,20130827,운영중,,,60,35,13,"가정의학과, 산부인과, 진단검사의학과, 소아청소년과, 이비인후과, 비뇨의학과, 피부과, 신경과, 재활의학과, 외과, 마취통증의학과, 영상의학과, 내과, 신경외과, 정형외과",2573.45,37.2920559162,127.0065036675
수원시,서울제이에스병원,16393,"경기도 수원시 권선구 금곡로 206, 4,5층 (금곡동, 우성메디피아2)","경기도 수원시 권선구 금곡동 1117번지 우성메디피아2 4,5층",20141017,운영중,,,99,26,21,"영상의학과, 마취통증의학과, 신경외과, 정형외과, 내과",3163.38,37.2740336206,126.9543635944
수원시,세인트마리여성병원,16391,"경기도 수원시 권선구 금곡로197번길 70, 1~5층 (금곡동)",경기도 수원시 권선구 금곡동 1109번지 2호,20160706,운영중,,,32,31,20,"내과, 외과, 마취통증의학과, 산부인과, 소아청소년과, 피부과, 비뇨의학과, 영상의학과, 진단검사의학과",1933.12,37.2754377660,126.9539248329
수원시,에덴메디여성병원,441886,경기도 수원시 권선구 동수원로 220 (권선동),경기도 수원시 권선구 권선동 1311번지 1호,20050607,운영중,,,40,68,19,"피부과, 소아청소년과, 내과, 마취통증의학과, 영상의학과, 산부인과",2260.91,37.2493332365,127.0340247533
수원시,시온여성병원,443814,경기도 수원시 영통구 반달로 107 (영통동),경기도 수원시 영통구 영통1동 1011번지 2호,20020912,운영중,,,60,94,33,"내과, 영상의학과, 소아청소년과, 산부인과, 마취통증의학과",4383.45,37.2526750855,127.0766060665
수원시,의료법인 한성재단 S서울병원,16530,경기도 수원시 영통구 중부대로246번길 14 (매탄동),경기도 수원시 영통구 매탄동 154-1번지,20081002,운영중,,,149,28,32,"영상의학과, 마취통증의학과, 정형외과, 내과",5288.57,37.2746121352,127.0419226029
수원시,수원한국병원,16304,경기도 수원시 장안구 경수대로 969 (송죽동),경기도 수원시 장안구 송죽동 495-4번지,19980212,운영중,,,66,27,17,"재활의학과, 영상의학과, 정형외과, 내과",2766.7,37.3039468974,127.0047446675
수원시,의료법인 장산의료재단이춘택병원,16465,경기도 수원시 팔달구 매산로 138 (교동),경기도 수원시 팔달구 교동 130-1번지,19940818,운영중,,,164,118,45,"영상의학과, 마취통증의학과, 흉부외과, 정형외과, 내과",7486.16,37.2719119962,127.0157600182
수원시,수원서울아동병원,440838,경기도 수원시 장안구 장안로 243 (정자동),경기도 수원시 장안구 정자1동 389번지 5호,20120423,폐업 등,20121217,,,,,,,37.3038866948,126.9926599769
수원시,수원성모병원,440822,경기도 수원시 장안구 팔달로 235 (영화동),"경기도 수원시 장안구 영화동 436~8,9,10",19800214,폐업 등,20170329,,148,5,22,"외과, 정형외과, 가정의학과, 내과, 신경외과",3080,37.2877384701,127.0108978134
수원시,대한민국주석병원,440240,경기도 수원시 장안구 창룡대로 159 (연무동),경기도 수원시 장안구 연무동 260번지 20호,20091102,폐업 등,20151012,,117,10,33,"가정의학과, 소아청소년과, 내과, 신경외과, 정형외과",6386.78,37.2919253556,127.0275231622
수원시,수원대항병원,441822,경기도 수원시 권선구 권선로 678 (권선동),경기도 수원시 권선구 권선동 1030번지 5호,20040706,폐업 등,20180531,,35,2,16,"내과, 외과",1864.58,37.2593307636,127.0252119962
수원시,수원연생병원,441390,경기도 수원시 권선구 장다리로 94,경기도 수원시 권선구 권선동  987-3(1~5층),20060417,폐업 등,20070831,,,,,,,37.2585411487,127.0216308124
시흥시,의료법인 풍진의료재단 스마트허브병원,15079,"경기도 시흥시 공단1대로 263, 스마트허브 N-CITY 지하01호, 121호, 127호, 153호 (정왕동)",경기도 시흥시 정왕동 1277번지 6호 스마트허브 N-CITY,20180706,운영중,,,100,4,30,"내과, 신경과, 마취통증의학과, 소아청소년과, 재활의학과, 가정의학과",1929.13,37.3355169750,126.7305296305
시흥시,시흥솔병원,429874,"경기도 시흥시 비둘기공원로 10, 301,501,601,701.801호 (대야동)","경기도 시흥시 대야동 532번지 1호 301,501,601,701,801호",20121107,운영중,,,95,5,17,"이비인후과, 내과, 가정의학과, 정형외과, 신경외과, 재활의학과",1468.74,37.4439490409,126.7907603419
시흥시,의료법인 대아의료재단 시흥한도병원,15002,경기도 시흥시 장곡로37번길 20 (장곡동),경기도 시흥시 장곡동 811번지 8호,20180302,운영중,,,100,31,27,"내과, 외과, 정형외과, 영상의학과",3605.91,37.3775156140,126.7842706690
시흥시,수앤수병원,429861,경기도 시흥시 중심상가4길 10 (정왕동),경기도 시흥시 정왕1동 1739번지 1호,20110905,폐업 등,20160826,,59,6,12,"비뇨기과, 피부과, 가정의학과, 내과, 외과, 신경외과, 성형외과, 정형외과",1334.96,37.3444723305,126.7382282481
시흥시,시흥신천제일병원,429020,경기도 시흥시 호현로10번길 7-1,"경기도 시흥시 신천동 707-3  1층 일부,3,4,5층6층 일부",20080717,폐업 등,20110715,,,,,,,37.4414045713,126.7843408342
시흥시,참조은병원,429020,경기도 시흥시 수인로3325번길 5 (신천동),경기도 시흥시 신천동 779번지 8호,20131217,폐업 등,20140415,,,,,,,37.4384494234,126.7890375230
시흥시,시흥21세기 병원,429010,경기도 시흥시 비둘기공원1길 7 (대야동),경기도 시흥시 대야동 529번지 4호,20091020,폐업 등,20171207,,126,18,29,"영상의학과, 마취통증의학과, 내과, 외과, 정형외과, 신경외과",3238.18,37.4422280039,126.7893522131
시흥시,시흥성모병원,429020,경기도 시흥시 수인로3325번길 5 (신천동),경기도 시흥시 신천동 779번지 8호,20141023,폐업 등,20150323,,,,,,,37.4384494234,126.7890375230
시흥시,시흥한성병원,429010,경기도 시흥시 비둘기공원1길 7,"경기도 시흥시 대야동 529-4 1층 일부,2~8층",20080523,폐업 등,20090522,,,,,,,37.4422280039,126.7893522131
시흥시,연성중앙병원,429842,경기도 시흥시 장곡로37번길 20 (장곡동),경기도 시흥시 장곡동 811번지 8호,20010122,폐업 등,20151125,,113,6,21,"신경외과, 외과, 정형외과, 소아청소년과, 내과",3426.95,37.3775156140,126.7842706690
시흥시,강남병원,429020,경기도 시흥시 수인로3325번길 5 (신천동),경기도 시흥시 신천동 779-8  지하1층~4층,20060417,폐업 등,20130916,,,,,,,37.4384494234,126.7890375230
시흥시,대원병원,429450,경기도 시흥시 중심상가4길 10,경기도 시흥시 정왕동 1739-1 지하1층~지상4층,20001027,폐업 등,20090303,,,,,,,37.3444723305,126.7382282481
시흥시,은혜병원,429450,경기도 시흥시 평안상가5길 20 (정왕동),"경기도 시흥시 정왕동 1784-5 1층,2층 일부",20080714,폐업 등,20140502,,,,,,,37.3354631476,126.7473839074
안산시,한빛여성병원,15477,경기도 안산시 단원구 광덕동로 53 (고잔동),경기도 안산시 단원구 고잔동 774-1,20010406,운영중,,,51,12,30,"소아청소년과, 산부인과, 마취통증의학과",2448.53,37.3091477016,126.8322694876
안산시,온누리병원,425140,경기도 안산시 단원구 선부로 201 (선부동),"경기도 안산시단원구 선부동 1087-27, 28",19970219,운영중,,,122,87,31,"침구과, 사상체질과, 한방신경정신과, 한방소아과, 한방내과, 신경과, 소아청소년과, 마취통증의학과, 영상의학과, 정형외과, 외과, 내과",4924.75,37.3419367346,126.8175173961
안산시,의료법인서전의료재단한사랑병원,15494,경기도 안산시 상록구 광덕1로 345 (이동),경기도 안산시 상록구 이동 714-6번지,20110419,운영중,,,73,48,23,"소아청소년과, 마취통증의학과, 정형외과, 외과, 내과",4158.91,37.3071016672,126.8484580152
안산시,기둥병원,15532,"경기도 안산시 상록구 상록수로 34, 3층 (본오동)",경기도 안산시 상록구 본오동 874번지 3층,20110103,운영중,,,77,16,16,"가정의학과, 영상의학과, 마취통증의학과, 신경외과, 정형외과",2890.83,37.3021011745,126.8637678471
안산시,장동욱병원,425783,"경기도 안산시 단원구 동산로 60, 3층 (원시동)",경기도 안산시 단원구 원시동 777번지 6호,20080516,운영중,,,46,8,7,"마취통증의학과, 정형외과, 내과",998.41,37.3129549884,126.7970711887
안산시,의료법인칠석의료재단사랑의병원,15291,"경기도 안산시 상록구 예술광장로 69, 사랑의병원 (성포동)",경기도 안산시 상록구 성포동 593번지 4호 사랑의병원,19991011,운영중,,,123,81,32,"가정의학과, 영상의학과, 소아청소년과, 마취통증의학과, 신경외과, 정형외과, 외과, 신경과, 내과",3573.77,37.3269215026,126.8449233010
안산시,세화병원,426815,경기도 안산시 상록구 용신로 355 (본오동),경기도 안산시 상록구 본오3동 877번지 11호,20000727,운영중,,,159,91,29,"영상의학과, 신경외과, 소아청소년과, 마취통증의학과, 외과, 정형외과, 내과",3549.33,37.3020441979,126.8615567454
안산시,동안산병원,426854,경기도 안산시 상록구 월피로 88 (월피동),경기도 안산시 상록구 월피동 466번지 외 1필지 동안산병원,20011120,운영중,,,122,66,32,"신경외과, 정형외과, 영상의학과, 마취통증의학과, 외과, 비뇨의학과, 피부과, 소아청소년과, 내과",5480.73,37.3356289696,126.8531448062
안산시,안산튼튼병원,15512,"경기도 안산시 상록구 도매시장로 4 (이동, 광덕빌딩)",경기도 안산시 상록구 이동 593번지 1호,20080131,운영중,,,67,44,16,"내과, 정신건강의학과, 정형외과, 신경외과, 영상의학과",2161.38,37.3078511863,126.8569487324
안산시,케이에스병원,425868,"경기도 안산시 단원구 고잔로 54, 203,302~303호 (고잔동, 에이스타워)","경기도 안산시 단원구 고잔동 529번지 1호 에이스타워 203호, 302~303호",20110303,운영중,,,39,15,11,"영상의학과, 소아청소년과, 마취통증의학과, 재활의학과, 신경외과, 정형외과",1058.26,37.3190531042,126.8321367215
안산시,박진영병원,15461,"경기도 안산시 단원구 광덕대로 181, 2층, 6,7층일부층 (고잔동, BYC빌딩)","경기도 안산시 단원구 고잔동 706번지 5호 2층, 7층(일부)",20100107,운영중,,,73,21,16,"영상의학과, 신경외과, 정형외과",2495,37.3128083603,126.8292691114
안산시,안산21세기병원,425906,경기도 안산시 단원구 보화로 50 (고잔동),경기도 안산시 단원구 고잔동  616-2번지,20090731,운영중,,,141,103,38,"내과, 외과, 정형외과, 신경외과, 마취통증의학과, 영상의학과",8398.77,37.3306872610,126.8316725345
안산시,연세서울병원,15566,"경기도 안산시 상록구 선암로 40 (본오동, 드들요양병원)",경기도 안산시 상록구 본오동 948번지 11호,20151230,운영중,,,134,16,24,"내과, 정신건강의학과, 외과, 마취통증의학과, 소아청소년과, 이비인후과, 피부과, 재활의학과, 가정의학과",2317.24,37.2884869029,126.8631379166
안산시,에이스병원,425801,"경기도 안산시 단원구 화랑로 376, B1,2층~5층 (고잔동, 함창타워)","경기도 안산시 단원구 고잔동 523번지 함창타워 B1, 2층, 3층, 4층, 5층",20150327,운영중,,,87,61,21,"내과, 정형외과, 신경외과, 마취통증의학과, 영상의학과",4238.17,37.3209928452,126.8292640991
안산시,안산바른병원,15630,"경기도 안산시 상록구 초당로 54 (사동, 경희본한방병원)",경기도 안산시 상록구 사동 1398번지 1호,20170825,운영중,,,46,5,10,"내과, 정형외과, 소아청소년과, 가정의학과, 한방내과, 한방부인과, 한방소아과, 한방안·이비인후·피부과, 한방신경정신과, 한방재활의학과, 사상체질과, 침구과",1162,37.2846394091,126.8534235772
안산시,두손병원,425830,경기도 안산시 단원구 선부광장1로 114 (선부동),경기도 안산시 단원구 선부1동 1077번지 4호,20010212,운영중,,,139,30,31,"성형외과, 정형외과",5857.09,37.3328842539,126.8123841701
안산시,튼튼건강의료소비자생협누리병원,425831,"경기도 안산시 단원구 선부광장1로 56, 5층 (선부동)",경기도 안산시 단원구 선부동 1076번지 1호 5층,20110922,운영중,,,46,6,11,"내과, 재활의학과, 한방내과, 한방재활의학과, 침구과",1503.76,37.3365972746,126.8107247480
안산시,고든병원,15360,"경기도 안산시 단원구 고잔로 76, 4층 407호~409호, 5층 501~502호,506호 (고잔동, 영풍빌딩)","경기도 안산시 단원구 고잔동 533번지 3호 4층 407호~409호, 5층 501호~502호, 506호",20150123,운영중,,,70,19,18,"마취통증의학과, 내과, 재활의학과, 신경외과, 정형외과",2091.27,37.3188431542,126.8348698090
안산시,제이케이병원,15261,"경기도 안산시 단원구 예술대학로4길 10, 지하1, 1~3층 (고잔동, 지디스요양원)",경기도 안산시 단원구 고잔동 642번지 5호,20151019,운영중,,,55,13,10,"내과, 신경과, 재활의학과, 가정의학과, 한방내과, 한방재활의학과, 침구과",902.2,37.3308327906,126.8399339651
안산시,치항병원,15359,경기도 안산시 단원구 고잔2길 2 (고잔동),경기도 안산시 단원구 고잔동 531,20000126,운영중,,,60,16,29,"내과, 외과",2968.22,37.3177233007,126.8312907592
안산시,안산신우병원,15457,"경기도 안산시 단원구 원포공원1로 19, 5층 (초지동, 뉴스파월드타워)",경기도 안산시 단원구 초지동 744번지 5호 5층,20160408,운영중,,,219,9,23,정신건강의학과,2241.78,37.3003897475,126.8124093176
안산시,인애의료소비자생활협동조합인애병원,425807,"경기도 안산시 단원구 광덕대로 151, 6층 607~611호 (고잔동, 삼영타운)",경기도 안산시 단원구 고잔동 708번지 2호 삼영타운 6층(607호~611호),20150121,운영중,,,36,8,10,"침구과, 사상체질과, 한방안·이비인후·피부과, 한방부인과, 한방소아과, 한방재활의학과, 한방내과, 피부과, 재활의학과, 영상의학과, 내과",639.18,37.3101299283,126.8290333569
안산시,세창의료재단우성여성병원,15359,경기도 안산시 단원구 고잔로 58-10 (고잔동),"경기도 안산시 단원구 고잔동 529-3 지1층~4층,6~7층",19990619,운영중,,,30,27,16,"외과, 병리과, 영상의학과, 소아청소년과, 산부인과, 마취통증의학과",3130.88,37.3184573963,126.8319952744
안산시,반월우리병원,425852,"경기도 안산시 단원구 산단로 278 (원시동, 반월하이테크 2층)","경기도 안산시 단원구 원시동 768-5 반월하이테크2층 201호,211호",20120524,폐업 등,20141118,,,,,,,37.3199166524,126.7885304136
안산시,의료법인상록의료재단상록병원,426817,경기도 안산시 상록구 선암로 40 (본오동),경기도 안산시 상록구 본오1동 948번지 11호,20050817,폐업 등,20070406,,,,,,,37.2884869029,126.8631379166
안산시,안산제일병원,425021,경기도 안산시 단원구 광덕서로 100,경기도 안산시 단원구 고잔1동  704-2번지 2층,20090312,폐업 등,20101229,,,,,,,37.3135475014,126.8276826053
안산시,우경조병원,425020,경기도 안산시 단원구 중앙대로 861 (고잔동),경기도 안산시단원구 고잔동 531-4,20081024,폐업 등,20160229,,112,10,23,"신경외과, 내과, 마취통증의학과, 정형외과",5219.48,37.3174036010,126.8321400308
안산시,의료법인대아의료재단 안산21세기병원,425020,경기도 안산시 단원구 보화로 50,경기도 안산시단원구 고잔동 616-2 외 2필지,20080926,폐업 등,20090730,,,,,,,37.3306872610,126.8316725345
안산시,안산우리병원,425856,"경기도 안산시 단원구 원포공원1로 49 (초지동,101~105,135,137,140~144,203,209~219,312호)","경기도 안산시 단원구 초지동 743번지 4호 101~105,135,137,140~144,203,209~219,312호",20061215,폐업 등,20110608,,,,,,,37.3024442599,126.8123003438
안산시,명성병원,15433,경기도 안산시 단원구 산단로 278,경기도 안산시 단원구 원시동768-5 반월하이테크빌리지A동 201.211호,20080327,폐업 등,20100330,,,,,,,37.3199166524,126.7885304136
안산시,베스트원병원,15568,경기도 안산시 상록구 본오로 46-1 (본오동),경기도 안산시 상록구 본오동 720번지,20150430,폐업 등,20160116,,52,9,11,"이비인후과, 침구과, 한방내과, 피부과, 소아청소년과, 가정의학과, 내과, 신경외과, 정형외과, 외과",694.8,37.2891628036,126.8664715902
안산시,새우리병원,425020,"경기도 안산시 단원구 광덕2로 164-4 (고잔동,대선빌딩 1층~4층)",경기도 안산시 단원구 고잔동 716번지 1호  대선빌딩 1층~4층,20110113,폐업 등,20120914,,,,,,,37.3094499592,126.8283397503
안산시,고든병원,425868,"경기도 안산시 단원구 고잔로 76 (고잔동,영풍맘모스프라자 407~409호, 5층)","경기도 안산시 단원구 고잔2동 533번지 3호 영풍맘모스프라자 407~409호, 5층",20101117,폐업 등,20150123,,,,,,,37.3188431542,126.8348698090
안산시,안산명성병원,425852,"경기도 안산시 단원구 산단로 278 (원시동,반월하이테크빌리지 201,211호)","경기도 안산시 단원구 원시동 768번지 5호 반월하이테크빌리지 201,211호",20100427,폐업 등,20100730,,,,,,,37.3199166524,126.7885304136
안산시,한국병원(구 고려반월병원),426210,경기도 안산시 상록구 건건로 56 (건건동),경기도 안산시 상록구 건건동 644번지 3호,20090622,폐업 등,20140901,,50,10,15,"한방내과, 소아청소년과, 외과, 정형외과, 내과",3747.65,37.3060741227,126.9031500644
안산시,안산이레병원(구 동산병원),426817,경기도 안산시 상록구 선암로 40 (본오동),"경기도 안산시 상록구 본오1동 948번지 11호 지상1층 일부, 2~5층, 7층일부",20080918,폐업 등,20140204,,,,,,,37.2884869029,126.8631379166
안산시,중앙안산병원,15239,"경기도 안산시 단원구 선부광장1로 56 (선부동, 일성이즈마트빌딩 3층)",경기도 안산시 단원구 선부동 1076-1 일성이즈마트빌딩 3층,19961210,폐업 등,20130930,,,,,,,37.3365972746,126.8107247480
안산시,고잔병원,15470,경기도 안산시 단원구 광덕동로 81,경기도 안산시 단원구 고잔동 768-3 드림프라자 302-306,20070404,폐업 등,20100629,,,,,,,37.3116906103,126.8324501276
안성시,안성성모병원,17592,경기도 안성시 시장길 58 (서인동),경기도 안성시 서인동 14번지,19940316,운영중,,,273,61,62,"내과, 신경과, 정신건강의학과, 외과, 정형외과, 신경외과, 마취통증의학과, 소아청소년과, 비뇨의학과, 영상의학과, 가정의학과, 직업환경의학과, 응급의학과",13479.85,37.0058059754,127.2707076272
안성시,허리편한 병원,17564,경기도 안성시 공도읍 진건중길 9-9,,20080417,운영중,,,66,15,16,"가정의학과, 재활의학과, 영상의학과, 비뇨기과, 피부과, 이비인후과, 소아청소년과, 마취통증의학과, 신경외과, 정형외과, 외과, 신경과, 내과",2280.06,,
안성시,안성동인병원,456230,경기도 안성시 인지1길 9 (인지동),인지동 412,20020103,운영중,,,59,17,12,"신경과, 흉부외과, 신경외과, 마취통증의학과, 영상의학과, 소아청소년과, 비뇨기과, 정형외과, 외과, 내과",2179,37.0052394653,127.2667979050
안양시,한성병원,14120,경기도 안양시 동안구 경수대로 525 (호계동),경기도 안양시 동안구 호계동 968번지 18호,19830331,운영중,,,240,5,56,"내과, 외과, 정형외과, 영상의학과",5014.93,37.3695852713,126.9574218556
안양시,평촌우리병원,13919,"경기도 안양시 동안구 관악대로 221, 지하2~지상7층 (비산동)",경기도 안양시 동안구 비산동 246-3번지 지하2~지상7층,20130726,운영중,,,85,49,20,"내과, 신경과, 외과, 정형외과, 신경외과, 산부인과, 소아청소년과, 영상의학과",4502.78,37.4010609932,126.9476364999
안양시,평촌중앙병원,431812,경기도 안양시 동안구 평촌대로223번길 49 (호계동),"경기도 안양시 동안구 호계동 1046번지 6호 아트타원빌딩3,4층",19990324,운영중,,,61,7,11,"정신건강의학과, 산부인과, 내과",827.78,37.3903509134,126.9530697992
안양시,하늘빛재활의학병원,14120,"경기도 안양시 동안구 흥안대로94번길 68, 3층 ,106~107호 (호계동, 양우 내안애 팰리스)","경기도 안양시 동안구 호계동 972-9번지 양우 내안애 팰리스 3층 ,106~107호",20120403,운영중,,,99,8,21,"재활의학과, 신경외과, 정형외과, 내과",1724.15,37.3666087037,126.9569802655
안양시,굿닥터튼튼병원,14041,"경기도 안양시 동안구 경수대로 775, 1.3~9층 (호계동, 대교빌딩)",경기도 안양시 동안구 호계동 903-2번지 대교빌딩 1.3~9층,20110221,운영중,,,89,60,20,"재활의학과, 영상의학과, 마취통증의학과, 신경외과, 정형외과, 내과",3387.29,37.3896186501,126.9467941309
안양시,본병원,13992,"경기도 안양시 만안구 안양로314번길 15, 3 ~ 8층 (안양동)",경기도 안양시 만안구 안양동 668번지 35호,20160502,운영중,,,82,20,15,"내과, 정형외과, 신경외과, 마취통증의학과, 영상의학과",3219,37.4006903413,126.9210314998
안양시,국제나은병원,14030,경기도 안양시 만안구 안양로223번길 5 (안양동),경기도 안양시 만안구 안양동 456번지 1호 지상4층 ~ 14층,20070904,운영중,,,128,83,32,"재활의학과, 내과, 정형외과, 영상의학과, 마취통증의학과, 신경외과",9555.06,37.3929072990,126.9257119306
안양시,효산의료재단 샘여성병원,14030,경기도 안양시 만안구 안양로 215 (안양동),경기도 안양시 만안구 안양동 456번지 8호,20040401,운영중,,,30,46,16,"내과, 외과, 성형외과, 산부인과, 소아청소년과",5930.56,37.3928184817,126.9259837413
안양시,아벤스병원,13936,"경기도 안양시 동안구 관평로 307, 지하1층, 1층-5층 (관양동, 아벤스병원)","경기도 안양시 동안구 관양동 1400-5번지 아벤스병원 지하1층, 1층-5층",20081015,운영중,,,149,25,33,"재활의학과, 외과",4042.9,37.4039698630,126.9568124491
안양시,그린재활의학과병원,14055,"경기도 안양시 동안구 시민대로 311, 4층 (관양동, 금강스마트빌딩)",경기도 안양시 동안구 관양동 1746번지 금강스마트빌딩 4층,20081010,운영중,,,120,7,27,"재활의학과, 신경과",2429,37.3961005970,126.9646533740
안양시,의료법인 토마스의료재단 안양윌스기념병원,14112,"경기도 안양시 동안구 경수대로 560, 안양남부새마을금고 2-8층 (호계동)",경기도 안양시 동안구 호계동 995번지 4호 안양남부새마을금고,20120201,운영중,,,84,71,14,"영상의학과, 비뇨의학과, 피부과, 마취통증의학과, 신경외과, 정형외과, 내과",6086.07,37.3727618917,126.9582460427
안양시,서울나우병원,14058,경기도 안양시 동안구 시민대로 388 (관양동),경기도 안양시 동안구 관양동 908-10번지,20150217,운영중,,,47,39,12,"영상의학과, 마취통증의학과, 정형외과, 내과",1905.2,37.3959856278,126.9731726622
안양시,봄빛병원,14072,경기도 안양시 동안구 평촌대로211번길 26 (호계동),경기도 안양시 동안구 호계동 1049-3번지,19980221,운영중,,,60,53,35,"내과, 외과, 마취통증의학과, 산부인과, 소아청소년과, 영상의학과, 가정의학과",8055.68,37.3902223910,126.9545167277
안양시,의료법인서원의료재단김형근예병원,13949,"경기도 안양시 동안구 관악대로 458, 지하1층~지상8층 (관양동, 서진빌딩,456의2층~3층)",경기도 안양시 동안구 관양동 1480번지 1호,20010731,운영중,,,56,17,12,"신경외과, 영상의학과, 마취통증의학과, 재활의학과, 정형외과, 외과, 내과",2797.27,37.4037381910,126.9733443658
안양시,민정형외과병원,13988,"경기도 안양시 만안구 안양로 375, 유연빌딩(지하1층~6층) (안양동)",경기도 안양시 만안구 안양동 838번지 12호 유연빌딩(지하1층~6층),20180618,운영중,,,36,10,13,"내과, 정형외과, 신경외과, 마취통증의학과, 영상의학과",1613.49,37.4044621318,126.9163586088
안양시,신병원,430018,경기도 안양시 만안구 냉천로 5,경기도 안양시 만안구안양8동 559-7,19820525,폐업 등,20031105,,,,,,,37.3821533630,126.9293181825
안양시,우리병원,430839,"경기도 안양시 만안구 안양로 375 (안양동,838-15 지하1층~지상5층(본원),838-19지상1층(별관))","경기도 안양시 만안구 안양2동 838번지 12호  838-15 지하1층~지상5층(본원),838-19지상1층(별관)",20080630,폐업 등,20130805,,,,,,,37.4044621318,126.9163586088
안양시,새안양성모병원,13955,경기도 안양시 동안구 경수대로 905 (비산동),경기도 안양시 동안구 비산동 566번지 3호,19840322,폐업 등,20180411,,95,6,28,"내과, 정신건강의학과, 외과, 정형외과, 신경외과, 성형외과, 마취통증의학과, 소아청소년과, 피부과",2793,37.3972376542,126.9358582755
양주시,나무정원여성병원,11440,경기도 양주시 평화로1489번길 19-11 (덕계동),경기도 양주시 덕계동 513-14번지,20170322,운영중,,,70,21,42,"내과, 산부인과, 소아청소년과",3421,37.8227585625,127.0485092647
양주시,양주예쓰병원,11451,경기도 양주시 회정로 103 (덕정동),경기도 양주시 덕정동 224-3번지,20020525,운영중,,,184,28,33,"내과, 신경과, 외과, 정형외과, 신경외과, 마취통증의학과, 소아청소년과, 이비인후과, 피부과, 병리과, 재활의학과, 가정의학과, 응급의학과",5797.85,37.8376994741,127.0645221085
양주시,국군양주병원,482862,경기도 양주시 은현면 화합로 1133,경기도 양주시 은현면용암리산49-1,19940523,운영중,,,500,143,53,"내과, 신경과, 정신건강의학과, 외과, 정형외과, 신경외과, 흉부외과, 성형외과, 마취통증의학과, 산부인과, 안과, 이비인후과, 피부과, 비뇨의학과, 영상의학과, 진단검사의학과, 가정의학과, 응급의학과, 치과",0,37.8508855498,127.0415360385
양주시,양주우리병원,482842,경기도 양주시 광적면 부흥로 847,경기도 양주시 광적면 가납리 679번지 24호,20110316,운영중,,,58,3,14,"내과, 정형외과, 신경외과, 성형외과, 피부과, 비뇨의학과, 가정의학과",1395.35,37.8168156964,126.9882041974
양주시,양주소망병원,11435,경기도 양주시 평화로 1741 (회정동),경기도 양주시 회정동 41-5번지,20070523,운영중,,,114,7,20,"신경과, 정신건강의학과, 가정의학과",2240.58,37.8444924497,127.0541165333
양주시,자혜병원,482832,경기도 양주시 백석읍 기산로440번길 102,경기도 양주시 백석읍 기산리 381번지 3호,20090622,폐업 등,20091028,,,,,,,37.7725488971,126.9380148600
양평군,다나암병원,476922,경기도 양평군 강하면 사호1길 51,경기도 양평군 강하면 전수리 1016번지 6호,20070730,운영중,,,,,,,,37.4975807761,127.4191564639
양평군,양평병원,12550,경기도 양평군 양평읍 중앙로 129,경기도 양평군 양평읍 공흥리 316-2번지,19950120,운영중,,,118,31,30,"내과, 신경과, 외과, 정형외과, 마취통증의학과, 영상의학과, 가정의학과, 응급의학과",5012,37.4939488353,127.5034843038
양평군,국립교통재활병원,12564,경기도 양평군 양평읍 중앙로 260,경기도 양평군 양평읍 도곡리 1030번지,20140801,운영중,,,201,94,66,"치과, 가정의학과, 재활의학과, 영상의학과, 비뇨의학과, 이비인후과, 안과, 신경외과, 정신건강의학과, 내과",90903,37.4903871334,127.5178617380
양평군,양평효노인전문병원,476840,경기도 양평군 용문면 다문북길 16,경기도 양평군 용문면 다문리 788-1,20020619,폐업 등,20080318,,,,,,,37.4820985071,127.5888915032
양평군,웰파크병원,476920,경기도 양평군 강하면 사호1길 51,경기도 양평군 강하면 전수리1016-6,20070730,폐업 등,20080730,,,,,,,37.4975807761,127.4191564639
여주시,여주순영병원,469880,경기도 여주시 가남읍 경충대로 924,경기도 여주시 가남읍 은봉리85,20050106,운영중,,,299,16,44,"내과, 신경과, 정신건강의학과, 외과, 가정의학과",4228.44,37.1784613610,127.5661389553
여주시,여주세민병원,469881,경기도 여주시 가남읍 경충대로 924,경기도 여주시 가남읍 은봉리 81번지 2호,20031119,운영중,,,279,22,29,"내과, 신경과, 정신건강의학과, 소아청소년과, 이비인후과, 피부과, 비뇨의학과, 가정의학과",3337.85,37.1784613610,127.5661389553
여주시,연세새로운병원,12626,경기도 여주시 영릉로 22 (창동),경기도 여주시 창동 180-1번지,20010514,운영중,,,96,14,22,"내과, 외과, 정형외과, 마취통증의학과, 영상의학과, 재활의학과, 가정의학과",3236.64,37.2898732070,127.6329239251
여주시,세종여주병원,12618,"경기도 여주시 청심로 39, 세종여주병원 (하동)",경기도 여주시 하동 435번지 세종여주병원,19980427,운영중,,,180,34,56,"내과, 외과, 정형외과, 신경외과, 마취통증의학과, 산부인과, 소아청소년과, 안과, 영상의학과, 재활의학과, 응급의학과",14685.34,37.3014824890,127.6253165893
연천군,의료법인이정의료재단전곡백병원,486903,경기도 연천군 전곡읍 평화로 525,경기도 연천군 전곡읍 전곡리235,19970429,폐업 등,20091001,,,,,,,38.0174251575,127.0690089157
오산시,서울어린이병원,18142,경기도 오산시 경기대로 209 (원동),경기도 오산시 원동,20131108,운영중,,,84,18,47,"가정의학과, 이비인후과, 피부과, 내과, 소아청소년과",2554.68,37.1434211249,127.0731058660
오산시,버팀병원,18134,"경기도 오산시 경기대로 274, B1,1,2,3,5층 (오산동)","경기도 오산시 오산동 867-4번지 B1,1,2,3,5층",20140731,운영중,,,115,34,33,"내과, 정형외과, 신경외과, 마취통증의학과, 영상의학과, 가정의학과, 직업환경의학과",3770.85,37.1492924517,127.0739737410
오산시,오산세종병원,447310,경기도 오산시 오산로 8 (갈곶동),경기도 오산시 갈곶동 190번지 3호,20090820,운영중,,,46,23,8,"비뇨기과, 피부과, 이비인후과, 안과, 소아청소년과, 외과, 신경과, 마취통증의학과, 정형외과, 영상의학과, 내과, 신경외과",1854.56,37.1276070141,127.0672281064
오산시,송호욱병원,18114,"경기도 오산시 내삼미로79번길 19, 6~10층 (수청동)",경기도 오산시 수청동 618번지 5호,20180411,운영중,,,64,13,16,"내과, 정형외과, 영상의학과",2340.95,37.1694672132,127.0643762759
오산시,오산한국병원,18144,경기도 오산시  밀머리로1번길  16 (원동),경기도 오산시 원동 560번지 70호,20040503,폐업 등,20090105,,,,,,,37.1412846971,127.0755950189
오산시,서울병원,447750,경기도 오산시 경기대로 274 (오산동),경기도 오산시 오산동 867번지 4호 서울병원,19850828,폐업 등,20140725,,,,,,,37.1492924517,127.0739737410
오산시,하나병원,18138,"경기도 오산시 대원로 23, 지하1,지상1~4층 (원동)","경기도 오산시 원동 761-16번지 지하1,지상1~4층",20151231,폐업 등,20170324,,44,4,12,"내과, 외과, 정형외과, 소아청소년과, 이비인후과, 피부과, 가정의학과, 한방내과, 침구과",1266.35,37.1465686517,127.0710500179
용인시,사랑의병원,449929,경기도 용인시 처인구 중부대로 1539 (마평동),경기도 용인시 처인구 마평동 612번지 1호,19940226,운영중,,,31,7,8,"내과, 외과, 정형외과, 가정의학과, 한방내과, 한방재활의학과",797,37.2334938347,127.2155237623
용인시,(의)효심의료재단 용인서울병원,449010,경기도 용인시 처인구 고림로 81 (고림동),경기도 용인시 처인구 고림동 787번지 1호,20020612,운영중,,,0,49,0,"가정의학과, 정형외과, 영상의학과, 마취통증의학과, 외과, 신경외과, 내과",5899.11,37.2403149583,127.2144834225
용인시,엠플러스병원,17006,"경기도 용인시 기흥구 동백중앙로 265 (중동, 더엠프라자 8,9층)",경기도 용인시 기흥구 중동 831번지 2호 더엠프라자 8층 9층,20070316,운영중,,,32,15,10,"정형외과, 신경외과, 영상의학과",983.36,37.2764039945,127.1526461647
용인시,우리호병원,16841,"경기도 용인시 수지구 문정로 15, 4~7층 (풍덕천동, 평은프라자)",경기도 용인시 수지구 풍덕천동 1080번지 19호 평은프라자 4~7층,20080303,운영중,,,132,12,29,"신경외과, 영상의학과, 내과, 정형외과",3090.22,37.3222128738,127.0959002755
용인시,이음병원,446908,경기도 용인시 기흥구 흥덕1로 97 (영덕동),"경기도 용인시 기흥구 영덕동 986번지 10호 수다프라자 (5,6,7층)",20110513,운영중,,,183,19,32,"영상의학과, 진단검사의학과, 정신건강의학과, 신경과, 내과",2334.05,37.2748286723,127.0733350140
용인시,연세프라임병원,16921,"경기도 용인시 기흥구 용구대로 2355 (마북동, 용인프라임병원)",경기도 용인시 기흥구 마북동 482번지 10호,20170622,운영중,,,97,30,16,"내과, 정형외과, 신경외과, 마취통증의학과, 영상의학과",4700.07,37.2967560750,127.1088538757
용인시,샘물호스피스병원,449863,경기도 용인시 처인구 백암면 고안로51번길 112-25,경기도 용인시 처인구 백암면 고안리 548번지,20090115,운영중,,,90,76,45,"산부인과, 소아청소년과, 내과",6686.96,37.1385153838,127.4134712853
용인시,용인정신병원,446512,경기도 용인시 기흥구 중부대로 940 (상하동),경기도 용인시 기흥구 상하동 4번지,19760525,운영중,,,1000,63,177,"내과, 신경과, 정신건강의학과, 가정의학과, 치과",21317.79,37.2504643123,127.1535207705
용인시,린병원,16864,"경기도 용인시 수지구 포은대로59번길 15 (상현동, 광교복합의료센터)",경기도 용인시 수지구 상현동 1186-1번지 광교복합의료센터,20150312,운영중,,,295,59,58,"재활의학과, 신경과, 내과",11336.55,37.3006636584,127.0661933603
용인시,예스병원,16868,"경기도 용인시 수지구 용구대로 2736, 영일죽전빌딩 지하1층 ,1층일부,2층일부,3층~8층호 (죽전동)",경기도 용인시 수지구 죽전동 902번지 2호 영일죽전빌딩,20131128,운영중,,,86,55,15,"가정의학과, 재활의학과, 병리과, 영상의학과, 피부과, 이비인후과, 소아청소년과, 마취통증의학과, 신경외과, 정형외과, 외과, 내과",4428.4,37.3298838123,127.1093594708
용인시,조은손병원,17048,경기도 용인시 처인구 중부대로 1349 (김량장동),경기도 용인시 처인구 김량장동 292번지 5호,20170428,운영중,,,72,8,14,"내과, 정형외과",1852.2,37.2352180257,127.1948073879
용인시,용인삼성병원,446523,경기도 용인시 기흥구 구성로 111 (언남동),경기도 용인시 기흥구 언남동 242번지 5호,20140404,폐업 등,20160630,,52,8,11,"내과, 신경과, 정형외과, 신경외과, 마취통증의학과, 산부인과, 소아청소년과, 이비인후과, 피부과, 비뇨기과, 영상의학과",1298.9,37.2933628028,127.1214738877
용인시,신갈을지병원,446907,경기도 용인시 기흥구 중부대로 321 (신갈동),경기도 용인시 기흥구 신갈동 455번지 19호,19770115,폐업 등,19970114,,,,,,,37.2711185452,127.1028732820
용인시,의료법인신성의료재단 수지삼성병원,16846,경기도 용인시 수지구 풍덕천로22번길 15,경기도 용인시 수지구 풍덕천동 514-1외3,20020320,폐업 등,20110920,,,,,,,37.3168654316,127.0848461455
용인시,러스크병원,448506,"경기도 용인시 수지구 포은대로 313 (풍덕천동, 거묵상가(2층(201,202,203)~5층))","경기도 용인시 수지구 풍덕천1동 552번지 1호 거묵상가 2층(201,202,203호) ~ 5층",20071120,폐업 등,20130326,,,,,,,37.3153313144,127.0869198609
용인시,(의)영문의료재단 영문다보스병원,449929,경기도 용인시 처인구 금령로 132 (마평동),경기도 용인시 처인구 마평동 735번지 2호,19981228,폐업 등,20090518,,,,,,,37.2351678940,127.2107486743
용인시,강남연세병원,446913,"경기도 용인시 기흥구 죽전로 2 (보정동,1층, 5층)","경기도 용인시 기흥구 보정동 1261번지 2호 1층, 5층",20070328,폐업 등,20120402,,,,,,,37.3202016562,127.1089807048
용인시,수지아주병원,16859,경기도 용인시 수지구 심곡로 27 (상현동),경기도 용인시 수지구 상현동 200,20071015,폐업 등,20141014,,203,8,23,"정신건강의학과, 피부과, 비뇨기과, 재활의학과, 신경외과, 정형외과, 가정의학과, 이비인후과, 소아청소년과, 내과",2276.4,37.3077684925,127.0766697352
용인시,의료법인장전의료재단차수지병원,448506,경기도 용인시 수지구 풍덕천로22번길 15 (풍덕천동),경기도 용인시 수지구 풍덕천1동 514번지 1호,20111107,폐업 등,20161019,,49,1,13,"정신건강의학과, 외과, 내과",3512.95,37.3168654316,127.0848461455
용인시,다나병원,446908,"경기도 용인시 기흥구 흥덕1로79번길 24 (영덕동, 아이비타워 4,5,6,7,9층)","경기도 용인시 기흥구  975번지 1호 아이비타워 4,5,6,7,9층",20111014,폐업 등,20130207,,,,,,,37.2767692888,127.0715643954
용인시,오뉴병원,449925,"경기도 용인시 처인구 중부대로 1349, 3,4,5층 (김량장동)","경기도 용인시 처인구  292번지 5호 3,4,5층",20130215,폐업 등,20160425,,87,17,14,"내과, 정형외과, 마취통증의학과, 소아청소년과",1625.29,37.2352180257,127.1948073879
용인시,삼성하나병원,16876,"경기도 용인시 수지구 현암로 153, 7층 701~707호 (죽전동, 건영타운)",경기도 용인시 수지구 죽전동 1188번지 1호 건영타운 7층 701~707호,20150209,폐업 등,20160201,,30,6,7,"한방내과, 비뇨기과, 이비인후과, 소아청소년과, 내과",710.72,37.3319580770,127.1264390239
용인시,바른병원,16918,"경기도 용인시 기흥구 구성로 111 (언남동, 채러티디벨로퍼(주))",경기도 용인시 기흥구 언남동 242번지 5호,20161130,폐업 등,20171017,,52,8,11,"내과, 외과, 정형외과, 신경외과, 소아청소년과, 이비인후과, 재활의학과, 가정의학과",862.38,37.2933628028,127.1214738877
의왕시,아가페의료재단 시티병원,437822,경기도 의왕시 오전천로 29 (오전동),경기도 의왕시 오전동 374번지 1호,20131010,운영중,,,176,29,28,"신경과, 산부인과, 재활의학과, 피부과, 비뇨의학과, 소아청소년과, 마취통증의학과, 영상의학과, 가정의학과, 외과, 성형외과, 정형외과, 내과",7272,37.3502838907,126.9767891156
의왕시,의료법인 계요의료재단 계요병원,16062,"경기도 의왕시 오전로 15 (왕곡동, 계요병원)",경기도 의왕시 왕곡동 280-1번지 계요병원,19831111,운영중,,,800,75,153,"신경과, 정신건강의학과",15297.7,37.3479692759,126.9813213825
의왕시,다사랑 중앙병원,437822,경기도 의왕시 등칙골1길 22,경기도 의왕시 오전동 310,20040810,폐업 등,,,,,,,,37.3531282042,126.9738449329
의왕시,선병원,437822,경기도 의왕시 오전천로 29,경기도 의왕시 오전동 374-1,20020510,폐업 등,20131010,,,,,,,37.3502838907,126.9767891156
의왕시,계요병원,437020,,경기도 의왕시 왕곡동 280,19741201,폐업 등,,,,,,,,,
의정부시,서울척병원,480841,"경기도 의정부시 태평로 6, 2~5층 (의정부동)",경기도 의정부시 의정부동 99번지 2호 지상2-5층,20120713,운영중,,,67,59,9,"내과, 정형외과, 신경외과, 마취통증의학과, 영상의학과",2788.27,37.7336099379,127.0486766354
의정부시,참튼튼병원,480842,"경기도 의정부시 태평로 66, 1,2,3,4층 (의정부동)",경기도 의정부시 의정부동 126번지 10호,20120216,운영중,,,98,51,17,"가정의학과, 산부인과, 재활의학과, 병리과, 마취통증의학과, 피부과, 비뇨의학과, 외과, 영상의학과, 소아청소년과, 내과, 정형외과, 신경외과",2644.18,37.7384448943,127.0520521600
의정부시,한서중앙병원,11700,경기도 의정부시 평화로 447 (의정부동),"경기도 의정부시 의정부동 377번지 1호 지하1층,지상 2, 3, 4, 5층",20100308,운영중,,,160,10,21,"가정의학과, 정신건강의학과",2021.06,37.7319120090,127.0477790543
의정부시,의정부힐링스병원,480865,"경기도 의정부시 청사로48번길 19, 3~12층 (금오동)",경기도 의정부시 금오동 474번지 3호 외1필지 세하메디칼스타 지상3~12층,20090223,운영중,,,603,58,82,"침구과, 가정의학과, 내과, 정신건강의학과, 재활의학과",11323.7,37.7530805063,127.0709328423
의정부시,로체스터병원,480021,"경기도 의정부시 평화로 252, 2,4,5,6층 (호원동, 미소프라자)","경기도 의정부시 호원1동 450번지 미소프라자 지상2,4,5,6층",20071016,운영중,,,176,37,31,재활의학과,4906.17,37.7142640778,127.0477842240
의정부시,신여성병원,480848,경기도 의정부시 시민로 50 (의정부동),"경기도 의정부시 의정부동 492번지 3호 ,492-2지상3층",19970315,운영중,,,48,23,30,"소아청소년과, 산부인과",3212.57,37.7379590057,127.0405580321
의정부시,한도정신병원,480810,경기도 의정부시 입석로 36 (가능동),경기도 의정부시 가능1동 399번지 1호,19950915,운영중,,,180,20,25,"정신건강의학과, 신경과, 소아청소년과, 내과",2748.26,37.7558650433,127.0216253048
의정부시,튼튼어린이병원,11686,"경기도 의정부시 평화로 647, 미건메디컬프라자 지하1, 2, 3층 (의정부동)",경기도 의정부시 의정부동 235번지 19호 미건메디컬프라자,20171020,운영중,,,54,11,35,"내과, 신경과, 정신건강의학과, 외과, 정형외과, 소아청소년과, 안과, 이비인후과, 피부과, 비뇨의학과, 영상의학과, 진단검사의학과, 재활의학과, 결핵과",1224,37.7497190283,127.0446285586
의정부시,호원병원,480867,"경기도 의정부시 신흥로 145-1, B2-5층 (호원동)",경기도 의정부시 호원2동 345번지 6호  지하2층-지상5층,20120504,운영중,,,65,14,13,"내과, 신경과, 정형외과, 영상의학과, 가정의학과, 응급의학과",1795.32,37.7290377739,127.0433594067
의정부시,우먼피아여성병원,480864,경기도 의정부시 청사로5번길 16 (신곡동),경기도 의정부시 신곡2동 761번지 4호,20031128,운영중,,,44,12,24,"소아청소년과, 산부인과",3603.94,37.7488863458,127.0701057207
의정부시,센텀병원,480818,"경기도 의정부시 호국로1519번길 2-29, 지하2층 ~지상6층 (금오동)",경기도 의정부시 금오동 447번지 5호 외3필지,20070928,운영중,,,135,26,29,"재활의학과, 마취통증의학과, 신경외과, 소아청소년과, 정형외과, 신경과, 응급의학과, 진단검사의학과, 영상의학과, 외과, 내과",5796.96,37.7539278546,127.0709620048
의정부시,의료법인성베드로병원,480844,경기도 의정부시 평화로 622 (의정부동),경기도 의정부시 의정부동 228번지 22호,19951130,운영중,,,128,76,41,"내과, 외과, 정형외과, 신경외과, 마취통증의학과, 산부인과, 영상의학과",6048.65,37.7475155291,127.0458566149
의정부시,추병원,480844,경기도 의정부시 평화로 650 (의정부동),"경기도 의정부시 의정부동 234번지 1호 2호, 3호",19950403,운영중,,,257,120,54,"흉부외과, 응급의학과, 치과, 산부인과, 진단검사의학과, 영상의학과, 신경과, 가정의학과, 소아청소년과, 마취통증의학과, 신경외과, 정형외과, 외과, 내과",6855.76,37.7497753415,127.0452071306
의정부시,마스터병원,480070,경기도 의정부시 회룡로 177 (신곡동),경기도 의정부시 신곡동 664번지,20150508,운영중,,,143,25,25,"신경과, 재활의학과, 한방재활의학과, 침구과",3527.56,37.7274828303,127.0539111665
의정부시,리하트병원,11793,"경기도 의정부시 충의로 3, 1~5층 (용현동)",경기도 의정부시 용현동 46번지 3호,20161202,운영중,,,187,30,43,"내과, 신경과, 이비인후과, 피부과, 재활의학과, 가정의학과",6468.68,37.7321158525,127.0886669231
의정부시,보니타병원,480839,"경기도 의정부시 시민로 405, 나동 3,4층 (용현동, DU빌딩)",경기도 의정부시 용현동 407번지 9호,20120201,폐업 등,20130715,,,,,,,37.7343528482,127.0789398243
의정부시,연세셀병원,11711,"경기도 의정부시 평화로 243, 호원동 1~7층 (호원동)",경기도 의정부시 호원동 449번지 6호 지상1~7층,20101108,폐업 등,20170801,,62,6,9,"내과, 외과, 정형외과, 신경외과, 소아청소년과, 피부과, 비뇨기과, 영상의학과, 재활의학과, 가정의학과",1878.73,37.7135759930,127.0469828547
의정부시,동산병원,480813,"경기도 의정부시 신촌로 7, 2,3,4층 (가능동)","경기도 의정부시 가능1동 604번지 3호 지상2,3,4층",20090209,폐업 등,20100413,,,,,,,37.7504667396,127.0352931095
의정부시,새싹병원,480848,경기도 의정부시 신흥로232번길 5-8 (의정부동),경기도 의정부시 의정부2동 497번지 외1필지,20060616,폐업 등,20130204,,,,,,,37.7371339728,127.0439565968
의정부시,이레병원,480848,경기도 의정부시 신흥로232번길 5-8 (의정부동),경기도 의정부시 의정부동 497번지,20150513,폐업 등,20161209,,150,8,27,"가정의학과, 정신건강의학과, 신경과",2144.16,37.7371339728,127.0439565968
의정부시,강남병원,480813,"경기도 의정부시 신촌로 7, 2,3,4층 (가능동)","경기도 의정부시 가능동 604번지 3호 지상2,3,4층",20130515,폐업 등,20180219,,121,3,25,"가정의학과, 재활의학과, 진단검사의학과, 영상의학과, 비뇨의학과, 피부과, 이비인후과, 소아청소년과, 흉부외과, 신경외과, 정형외과, 외과, 내과",2283.97,37.7504667396,127.0352931095
의정부시,고려병원,11660,경기도 의정부시 의정로 109 (가능동),가능동 225-17  지상1-5층,20070522,폐업 등,20090729,,,,,,,37.7427570934,127.0344446462
의정부시,중앙병원,480844,경기도 의정부시 평화로 609 (의정부동),경기도 의정부시 의정부1동 237번지 7호,19961202,폐업 등,20151119,,105,7,23,"소아청소년과, 피부과, 비뇨기과, 흉부외과, 신경과, 재활의학과, 신경외과, 외과, 정형외과, 내과",2765.79,37.7462341073,127.0454558175
의정부시,의료법인해창의료재단신천병원,480802,경기도 의정부시 서부로 681-2 (가능동),경기도 의정부시 가능1동 109번지 4호,19950322,폐업 등,20160819,,220,101,51,"치과, 마취통증의학과, 영상의학과, 진단검사의학과, 정형외과, 신경외과, 소아청소년과, 외과, 내과",10644,37.7541730440,127.0357694160
의정부시,호원병원,480867,,경기도 의정부시 호원동 345번지 6호,20120504,폐업 등,,,,,,,,,
의정부시,리하트병원,480836,"경기도 의정부시 충의로 3, 1-5층 (용현동, 태아빌딩)","경기도 의정부시 용현동 46번지 3호 태아빌딩 지상1,2,3,4,5층",20111104,폐업 등,20150430,,188,27,44,"마취통증의학과, 비뇨기과, 가정의학과, 내과, 재활의학과",5142.35,37.7321158525,127.0886669231
이천시,장호원성모병원,17421,경기도 이천시 장호원읍 서동대로 8793,경기도 이천시 장호원읍 장호원리 341번지,20030814,운영중,,,84,16,23,"재활의학과, 병리과, 영상의학과, 비뇨의학과, 피부과, 이비인후과, 소아청소년과, 마취통증의학과, 신경외과, 정형외과, 내과",2676.38,37.1158952719,127.6121106081
이천시,이천파티마병원,467800,경기도 이천시 경충대로 2560-2 (중리동),경기도 이천시 중리동 467-2,19841229,운영중,,,89,6,22,"내과, 외과, 정형외과, 직업환경의학과",2506.96,37.2747663230,127.4490609315
이천시,추새로병원,17364,"경기도 이천시 영창로 189, 3~8층 (창전동)",경기도 이천시 창전동 150번지 11호,20151006,운영중,,,86,10,20,"내과, 신경과, 정형외과, 신경외과, 마취통증의학과, 영상의학과",3406.74,37.2815153727,127.4436754893
이천시,바른병원,467060,경기도 이천시 경충대로 2543 (진리동),경기도 이천시 진리동 9번지 11호 외 1필지,20030103,운영중,,,70,23,18,"외과, 마취통증의학과, 영상의학과, 재활의학과, 내과, 정형외과",2761.55,37.2737573052,127.4503587588
이천시,연세병원,467902,경기도 이천시 장호원읍 샘재로145번길 41,경기도 이천시 장호원읍 장호원리 162-16번지,20081231,폐업 등,20120102,,,,,,,37.1195650462,127.6288883839
이천시,서울병원,467906,경기도 이천시 장호원읍 샘재로145번길 41,경기도 이천시 장호원읍 장호원리 162번지 16호,20140611,폐업 등,20150619,,83,3,13,"한방내과, 정형외과, 내과, 흉부외과",1058.34,37.1195650462,127.6288883839
파주시,무척조은병원,413902,경기도 파주시 문산읍 방촌로 1675-20,경기도 파주시 문산읍 당동리 905번지,20120302,운영중,,,112,25,30,"응급의학과, 가정의학과, 소아청소년과, 이비인후과, 신경과, 비뇨의학과, 마취통증의학과, 재활의학과, 피부과, 외과, 영상의학과, 내과, 신경외과, 정형외과",3384.13,37.8639614261,126.7809787305
파주시,민들레병원,10858,경기도 파주시 탄현면 소리개길 74-17 (민들레병원),경기도 파주시 탄현면 법흥리 376-4번지 민들레병원,20021001,운영중,,,299,20,45,"소아청소년과, 정신건강의학과, 신경과, 내과",3978,37.7890039630,126.7097694598
파주시,문산중앙병원,10823,경기도 파주시 문산읍 문향로39번길 53,경기도 파주시 문산읍 문산리 31-32번지,20080204,운영중,,,99,20,25,"영상의학과, 피부과, 마취통증의학과, 성형외과, 신경외과, 정형외과, 내과",1666.19,37.8542502070,126.7832328308
파주시,기대플러스병원,10892,"경기도 파주시 청암로17번길 33, 3,4층 (목동동, 현대메디칼프라자)",경기도 파주시 목동동 933번지,20161125,운영중,,,73,14,18,"내과, 신경과, 외과, 정형외과, 신경외과, 마취통증의학과, 소아청소년과, 이비인후과, 영상의학과, 가정의학과",2370.24,37.7287108089,126.7363860182
파주시,파주미래아동병원,413100,"경기도 파주시 와석순환로 133, 5,6층 (동패동, 형성프라자)","경기도 파주시 동패동 1759번지 외 1필지 5층일부, 6층",20121008,운영중,,,41,21,27,"피부과, 이비인후과, 안과, 가정의학과, 내과, 소아청소년과",1717.9,37.7121288369,126.7451220069
파주시,더편안병원,10892,"경기도 파주시 청암로17번길 31, 3~8층 (목동동)",경기도 파주시 목동동 933번지 1호,20170112,운영중,,,199,19,42,"내과, 외과, 정형외과, 신경외과, 마취통증의학과, 소아청소년과, 영상의학과, 재활의학과",6207.06,37.7284733218,126.7359004972
파주시,광탄현대병원,413854,경기도 파주시 광탄면 큰여울길 20-16,경기도 파주시 광탄면 신산리 188번지 118호,20100816,운영중,,,51,2,11,"신경외과, 비뇨기과, 피부과, 소아청소년과, 정형외과, 외과, 내과",1220.95,37.7791967900,126.8496736250
파주시,늘편한병원,413874,경기도 파주시 법원읍 사임당로 826,경기도 파주시 법원읍 대능리 94-71번지,20131106,운영중,,,72,4,15,"소아청소년과, 정형외과, 이비인후과, 내과, 외과",1458.74,37.8492976171,126.8724505895
파주시,미소래병원,413826,경기도 파주시 금정7길 29 (금촌동),경기도 파주시 금촌동 949번지 1호,20120301,운영중,,,30,15,19,산부인과,2619.3,37.7572724013,126.7747698389
파주시,코키아병원,10892,"경기도 파주시 청암로17번길 55, 센트럴프라자 3,4층 301~307, 401, 403, 404, 405호 (목동동)",경기도 파주시 목동동 939번지 3호,20180126,운영중,,,39,13,18,"내과, 소아청소년과, 이비인후과, 피부과",1024.3,37.7279525426,126.7348164577
파주시,메디인병원,413826,경기도 파주시 시청로 6 (금촌동),경기도 파주시 금촌동 948번지 3호,20010723,운영중,,,125,75,31,"비뇨의학과, 신경과, 영상의학과, 마취통증의학과, 신경외과, 정형외과, 외과, 소아청소년과, 내과",5108.51,37.7580480392,126.7748530860
파주시,마디편한병원,413011,"경기도 파주시 중앙로 328 (금촌동, MH타워 3층,5층)",경기도 파주시 금촌동 329번지 158호,20080303,운영중,,,62,28,13,"마취통증의학과, 외과, 재활의학과, 영상의학과, 신경외과, 정형외과, 소아청소년과, 내과",35348.33,37.7648959643,126.7745250969
파주시,파주성모병원,413841,경기도 파주시 탄현면 평화로574번길 290,"경기도 파주시 탄현면 갈현리 290번지 1,2,3층(3층일부)",20080320,폐업 등,20140221,,,,,,,,
파주시,늘편한병원,413874,"경기도 파주시 법원읍 사임당로 826 (외1필지, 91-72외2필지)","경기도 파주시 법원읍 대능리 94번지 71호 외1필지, 91-72외2필지",20100211,폐업 등,20100930,,,,,,,37.8492976171,126.8724505895
파주시,서울복음병원,413120,경기도 파주시 숲속노을로 273 (문발동),경기도 파주시 문발동 561번지 2호,20110418,폐업 등,20130628,,33,7,9,"비뇨기과, 외과, 신경외과, 소아청소년과, 마취통증의학과, 피부과, 재활의학과, 정형외과, 신경과, 가정의학과, 이비인후과, 내과",2515,37.7248572434,126.7109962005
파주시,우리병원,413874,경기도 파주시 법원읍 사임당로 826,경기도 파주시 법원읍 대능1리 94번지 71호,20090416,폐업 등,20100129,,,,,,,37.8492976171,126.8724505895
파주시,늘편한병원,413874,"경기도 파주시 법원읍 사임당로 826 (외1필지, 94-72외2필지)","경기도 파주시 법원읍 대능리 94번지 71호 외1필지, 94-72외2필지",20100202,폐업 등,20100203,,,,,,,37.8492976171,126.8724505895
파주시,미래여성병원,413826,경기도 파주시 후곡로 19 (금촌동),경기도 파주시 금촌동 953번지 5호,20021204,폐업 등,20180501,,30,5,14,산부인과,2359,37.7557529111,126.7739105615
파주시,늘편한병원,413874,경기도 파주시 법원읍 사임당로 826,경기도 파주시 법원읍 대능리 94번지 71호,20100930,폐업 등,20131008,,,,,,,37.8492976171,126.8724505895
평택시,스마일본병원,17854,"경기도 평택시 비전5로 37, 3층~6층 (비전동)",경기도 평택시 비전동 1097번지 1호,20170327,운영중,,,82,23,22,"내과, 정형외과, 신경외과, 마취통증의학과, 영상의학과, 재활의학과",3074.21,37.0015889465,127.1146869601
평택시,의료법인 갈렌의료재단 박병원,17784,경기도 평택시 송탄로 33 (장당동),경기도 평택시 장당동 470번지 4호,20030120,운영중,,,165,34,32,"내과, 신경과, 외과, 정형외과, 신경외과, 마취통증의학과, 소아청소년과, 이비인후과, 영상의학과, 진단검사의학과, 재활의학과, 가정의학과, 응급의학과",4424.56,37.0482621367,127.0570065529
평택시,의료법인 청파의료재단 송탄중앙병원,459800,경기도 평택시 오좌동길 17-16 (독곡동),경기도 평택시 독곡동 379번지 2호,19980831,운영중,,,230,14,41,"내과, 정신건강의학과, 외과, 가정의학과, 한방내과",5558.38,37.0883924049,127.0639855822
평택시,의료법인백성의료재단 안중백병원,17817,경기도 평택시 안중읍 서동대로 1931-21 (안중백병원),경기도 평택시 안중읍 금곡리 205번지 10호,20030227,운영중,,,299,26,67,"내과, 신경과, 정신건강의학과, 외과, 정형외과, 영상의학과, 직업환경의학과",6775.61,37.0034226893,126.9586414225
평택시,성심중앙병원,17936,경기도 평택시 안중읍 안현로서6길 16 (성심중앙병원),경기도 평택시 안중읍 현화리 28번지 성심중앙병원,20001214,운영중,,,88,15,18,"가정의학과, 영상의학과, 비뇨의학과, 소아청소년과, 정형외과, 외과, 내과",3033.73,36.9840497212,126.9276424286
평택시,의료법인양진의료재단 성세아이들병원,450832,경기도 평택시 조개터로42번길 61 (합정동),경기도 평택시 합정동 774번지 1호 외 1필지(773-6),19851223,운영중,,,50,18,24,소아청소년과,4082.53,36.9903562328,127.1062031389
평택시,연세다움병원,17897,"경기도 평택시 중앙로 105 (비전동, 외2필지)",경기도 평택시 비전동 731-5외 2필지,19821227,운영중,,,117,19,29,"병리과, 영상의학과, 신경외과, 외과, 정형외과",4329.99,36.9935903917,127.0948923166
평택시,가톨릭세인병원,459825,경기도 평택시 둥구재길 16 (이충동),경기도 평택시 이충동 434번지 2호,20060503,운영중,,,93,5,14,"내과, 신경과, 외과, 정형외과, 신경외과, 흉부외과, 성형외과, 마취통증의학과, 소아청소년과, 이비인후과, 진단검사의학과, 재활의학과, 가정의학과",1943.5,37.0582638727,127.0607500580
평택시,서울제일병원,451880,경기도 평택시 안중읍 안현로 429,경기도 평택시 안중읍 297번지 11호,20081001,운영중,,,99,11,20,"재활의학과, 신경외과, 정형외과, 외과, 내과",3020.82,36.9881523917,126.9316345653
평택시,평택비전병원,17854,경기도 평택시 비전4로 47 (비전동),경기도 평택시 비전동 1096번지,20170104,운영중,,,87,6,19,"내과, 외과, 정형외과, 마취통증의학과, 재활의학과",2009.24,37.0024539834,127.1145814414
평택시,평택21세기병원,450020,경기도 평택시 중앙로 288 (합정동),경기도 평택시 합정동 966번지 7호,20130426,운영중,,,98,40,23,"영상의학과, 마취통증의학과, 내과, 정형외과, 신경외과",4683.65,36.9902752468,127.1144855747
평택시,서울제일병원,459110,"경기도 평택시 지산로 70, 2-7층 (지산동)",경기도 평택시 지산동 1078번지 2-7층,20121025,운영중,,,112,23,26,"재활의학과, 영상의학과, 마취통증의학과, 가정의학과, 내과, 정형외과",4251.69,37.0797779061,127.0623810734
평택시,의료법인 성림의료재단 메디웰병원,17739,경기도 평택시 정암로 78-14 (이충동),경기도 평택시 이충동 410번지,20061228,폐업 등,20140102,,,,,,,37.0551371850,127.0635348459
평택시,평택서울병원,450826,"경기도 평택시 평택로 78 (평택동,외4필지)",경기도 평택시 평택동 71번지 3호 외4필지,20060622,폐업 등,20110209,,,,,,,36.9939711588,127.0850795143
평택시,예솔병원,,,경기도 평택시 비전동 284-47,20031011,폐업 등,20100601,,,,,,,36.9993313099,127.1097756605
평택시,평택중앙병원,450040,경기도 평택시 통복시장로6번길 39 (통복동),경기도 평택시 통복동 88번지 2호 외4필지,20010716,폐업 등,20151015,,152,11,31,"병리과, 피부과, 정신건강의학과, 재활의학과, 마취통증의학과, 비뇨기과, 성형외과, 영상의학과, 소아청소년과, 신경외과, 정형외과, 외과, 내과",2652.51,36.9956358870,127.0868236377
평택시,의료법인 설백의료재단 평택국제병원,451841,"경기도 평택시 고덕면 방축길 109, 지2-3층",경기도 평택시 고덕면 방축리 111번지 지2~3호,20100201,폐업 등,20170927,,200,40,44,"내과, 신경과, 소아청소년과, 영상의학과, 가정의학과",6622.26,37.0150965847,127.0469472533
평택시,중앙성심병원,459821,경기도 평택시 탄현로 339 (신장동),경기도 평택시 신장동 212번지 11호,19981212,폐업 등,20160405,,47,2,18,"신경외과, 정형외과, 외과, 내과",1358.23,37.0825415129,127.0565146371
평택시,의료법인 원융의료재단 혜인병원,17777,경기도 평택시 점촌로19번길 60 (서정동),경기도 평택시 서정동 867번지,20020617,폐업 등,20180219,,96,8,18,"가정의학과, 재활의학과, 소아청소년과, 신경외과, 정형외과, 외과, 내과",3525.02,37.0660552434,127.0567231224
평택시,의료법인 원융의료재단 참다사랑요양병원,459100,경기도 평택시 오리곡길 30 (독곡동),경기도 평택시 독곡동 155번지 1호,20090430,폐업 등,,,,,,,,37.0882401696,127.0716827573
포천시,강병원,11144,경기도 포천시 포천로 1570 (신읍동),경기도 포천시 신읍동 195-2번지,20010508,운영중,,,99,34,23,"내과, 외과, 정형외과, 신경외과, 마취통증의학과, 소아청소년과, 피부과, 비뇨의학과, 영상의학과, 가정의학과",3389,37.8981434009,127.2046931854
포천시,국군포천병원,11123,경기도 포천시 화현면 화동로 564,경기도 포천시 화현면 화현리 14-2번지,19940517,운영중,,,115,66,12,"치과, 응급의학과, 진단검사의학과, 영상의학과, 비뇨의학과, 피부과, 이비인후과, 안과, 산부인과, 마취통증의학과, 신경외과, 정형외과, 외과, 정신건강의학과, 내과",9327,37.9159725251,127.3103585840
포천시,의료법인 범문의료재단 진병원,11175,"경기도 포천시 소흘읍 송우로 80 (황금프라자 3,4,6층)","경기도 포천시 소흘읍 송우리 726-76번지 황금프라자 3,4,6층",20120312,운영중,,,156,7,33,"가정의학과, 재활의학과, 정형외과, 외과, 정신건강의학과, 내과",178248,37.8303762534,127.1406222303
포천시,연세백병원,487823,"경기도 포천시 소흘읍 송우로 80 (송우황금프라자 3,4층)","경기도 포천시 소흘읍 송우리 726번지 76호 송우황금프라자 3,4층",20070423,폐업 등,20100326,,,,,,,37.8303762534,127.1406222303
하남시,미사튼튼병원,12913,"경기도 하남시 미사강변동로 73, 미사강변 노블레스 7~8층 (망월동)",경기도 하남시 망월동 1117번지 미사강변 노블레스,20171124,운영중,,,44,21,13,"내과, 신경과, 외과, 정형외과, 신경외과, 마취통증의학과, 영상의학과, 진단검사의학과, 재활의학과, 가정의학과",2794.84,37.5615485699,127.1930169878
하남시,햇살병원,465811,경기도 하남시 신평로 51 (신장동),경기도 하남시 신장동 427번지 180호,20000609,운영중,,,82,26,26,"영상의학과, 정형외과, 소아청소년과, 외과, 내과",1827.96,37.5384764253,127.2046232847
하남시,하남SD병원,465807,경기도 하남시 덕풍공원로 41 (덕풍동),경기도 하남시 덕풍동 362번지,20010616,운영중,,,52,14,19,"내과, 정신건강의학과, 외과, 마취통증의학과, 산부인과, 비뇨기과, 영상의학과, 가정의학과",1567.6,37.5397401700,127.1982228107
하남시,금병원,12960,경기도 하남시 하남대로739번길 74 (신장동),경기도 하남시 신장동 436번지 9호,20030429,운영중,,,35,14,12,"비뇨의학과, 피부과, 신경외과, 외과, 내과, 정형외과",1475.85,37.5368118226,127.2094291101
하남시,더 바른병원,465820,경기도 하남시 신장로 93-1 (신장동),경기도 하남시 신장동 432번지 17호,20100512,운영중,,,55,6,11,"영상의학과, 이비인후과, 외과, 정형외과, 내과",1554.01,37.5367706818,127.2073692113
하남시,한림병원,465811,경기도 하남시 신장로 93-1 (신장동),경기도 하남시 신장동 432번지 17호,20050526,폐업 등,20100510,,,,,,,37.5367706818,127.2073692113
하남시,하나병원,12974,"경기도 하남시 신장로 179, 203호,204호,205호,210호,211호,212호 (덕풍동, 무학프라자)",경기도 하남시 덕풍동 358번지 1호,20170207,폐업 등,20170911,,32,5,6,"내과, 신경과, 소아청소년과, 피부과, 가정의학과",705.91,37.5410774557,127.1995078611
화성시,수앤수병원,18611,경기도 화성시 향남읍 상신하길로298번길 7-27,경기도 화성시 향남읍 하길리 1470-5번지,20160901,운영중,,,60,6,10,"내과, 정형외과, 성형외과",1441.42,37.1146380407,126.9127263735
화성시,씨이오병원,18611,"경기도 화성시 향남읍 상신하길로298번길 7-7, 3~6층",경기도 화성시 향남읍 하길리 1472번지 2호,20180807,운영중,,,69,6,25,"내과, 정형외과, 성형외과, 소아청소년과, 이비인후과, 피부과, 영상의학과, 가정의학과, 직업환경의학과",3316,37.1156459854,126.9105799707
화성시,의료법인 은혜와감사의료재단 향남스마트병원,18611,"경기도 화성시 향남읍 상신하길로298번길 11, 8~10층",경기도 화성시 향남읍 하길리 1471번지 4호,20180202,운영중,,,96,9,27,"내과, 신경외과, 소아청소년과, 재활의학과",2466.46,37.1147739983,126.9110594717
화성시,센트럴병원,445160,"경기도 화성시 동탄지성로 116, 2~4층 (반송동, 강남프라자)",경기도 화성시 반송동 41번지 5호 강남프라자 2~4층,20080310,운영중,,,48,1,11,"내과, 소아청소년과, 마취통증의학과, 재활의학과, 정형외과",1621.44,37.2089792876,127.0628532186
화성시,희망찬병원,18399,경기도 화성시 병점중앙로 174 (진안동),경기도 화성시 진안동 868-9번지,20080905,운영중,,,81,28,17,"영상의학과, 신경외과, 정형외과, 내과",4259.62,37.2132004388,127.0374253198
화성시,메타메디병원,18423,"경기도 화성시 동탄원천로 338-7 (능동, 동탄V프라자)",경기도 화성시 능동 1066번지 4호 동탄브이프라자 3층~7층,20111004,운영중,,,228,5,29,"신경과, 이비인후과, 산부인과, 소아청소년과, 정신건강의학과, 내과",2662.62,37.2172663677,127.0588492699
화성시,동탄시티병원,18435,경기도 화성시 동탄지성로 113 (능동),경기도 화성시 반송동 43-5번지,20100916,운영중,,,90,30,21,"내과, 외과, 정형외과, 신경외과, 마취통증의학과, 소아청소년과, 영상의학과",6414.18,37.2084826524,127.0626194191
화성시,의료법인 화성의료재단 브론코기념병원,445918,경기도 화성시 팔탄면 온천로 29,경기도 화성시 팔탄면 덕우리 233번지 1호,20110221,운영중,,,125,5,41,"재활의학과, 가정의학과, 한방재활의학과",4581.09,37.1282887654,126.8594168217
화성시,센트럴아동병원,18454,"경기도 화성시 동탄지성로 17, 지하1~2층 일부층 (반송동, 풍성위버폴리스)",경기도 화성시 반송동 93-1번지 풍성위버폴리스 지하1~2층 일부층,20150227,운영중,,,52,16,29,소아청소년과,1831.12,37.2046139805,127.0720402235
화성시,동탄성모병원,18443,"경기도 화성시 동탄솔빛로 57 (반송동, 삼성미즈빌딩)",경기도 화성시 반송동 220-3번지 삼성미즈빌딩,20150925,운영중,,,84,7,37,"내과, 산부인과, 소아청소년과, 가정의학과",3504.77,37.1941090849,127.0735643111
화성시,동탄꾸러기병원,18466,"경기도 화성시 동탄순환대로 702, A동 (영천동, 성산타워 5~7층)",경기도 화성시 영천동 681-4번지 성산타워 5~7층 A동,20160316,운영중,,,55,5,32,"피부과, 이비인후과, 안과, 소아청소년과, 정신건강의학과, 신경과, 내과",1070.94,37.2073803005,127.1109610000
화성시,의료법인상운의료재단동탄제일병원,445170,경기도 화성시 삼성1로 144-6 (석우동),"경기도 화성시 석우동 42-1,2,3",20110512,운영중,,,200,63,80,"치과, 직업환경의학과, 가정의학과, 마취통증의학과, 영상의학과, 소아청소년과, 산부인과, 외과, 내과",13487.12,37.2165446873,127.0784987100
화성시,의료법인 녹산의료재단 동수원남양병원,,경기도 화성시 남양성지로 254-3 (남양동),경기도 화성시 남양동 1417-2,19990326,폐업 등,20141001,,89,4,24,"가정의학과, 신경외과, 마취통증의학과, 응급의학과, 외과, 소아청소년과, 정형외과, 내과",4099,37.2134058480,126.8294437229
화성시,이화병원,445954,,경기도 화성시 우정읍 이화리 439번지 1호,20060623,폐업 등,20070613,,,,,,,,
화성시,(사)한국장애인케어협회 굿닥터병원,445310,경기도 화성시 효행로265번길 16 (기안동),경기도 화성시 기안동 353번지,20090917,폐업 등,20140902,,,,,,,37.2250852913,126.9736987547
화성시,동탄시티병원,445160,"경기도 화성시 동탄반석로 134, 5~6층 (반송동, 에이치원메디컬센터)","경기도 화성시 반송동 104번지 1호 에이치원메디컬센터5,6층",20101018,폐업 등,,,,,,,,37.2010599904,127.0713616339
화성시,동탄플러스병원,18455,"경기도 화성시 동탄반석로 134, 5,6,7층 (반송동)",경기도 화성시 반송동 104번지 1호,20180312,폐업 등,20180529,,104,7,30,"성형외과, 재활의학과",2270.88,37.2010599904,127.0713616339
화성시,의료법인 은혜와감사의료재단 향남백병원,445926,"경기도 화성시 향남읍 발안로 107, 3,5층 (태성프라자)","경기도 화성시 향남읍 행정리 474번지 6호 태성프라자3층,5층(일부)",20090324,폐업 등,20161101,,30,10,2,"피부과, 비뇨기과, 소아청소년과, 내과",744.16,37.1317221347,126.9223778092
화성시,의료법인 백상의료재단 연세한국병원,445370,경기도 화성시 화산북로 21 (송산동),경기도 화성시 송산동 200번지 4호,20131011,폐업 등,20170609,,340,40,53,"정신건강의학과, 영상의학과, 마취통증의학과, 가정의학과, 신경외과, 재활의학과, 외과, 내과, 정형외과",8993.35,37.2100622996,127.0080299071

