"관리번호",공원명,공원구분,소재지도로명주소,소재지지번주소,위도,경도,공원면적,공원보유시설(운동시설),공원보유시설(유희시설),공원보유시설(편익시설),공원보유시설(교양시설),공원보유시설(기타시설),지정고시일,관리기관명,전화번호,데이터기준일자
41220-00001,잔다리 근린공원,근린공원,,경기도 평택시 세교동 55,37.004773,127.087643,11209,,,,,,2010-04-01,경기도 평택시청,031-8024-4248,2024-03-08
41220-00002,남산 근린공원,근린공원,경기도 평택시 팽성읍 팽성송화로 76,경기도 평택시 팽성읍 남산리 산49-1,36.954556,127.054893,43411,,,,,,2010-12-30,경기도 평택시청,031-8024-4248,2024-03-08
41220-00003,남산공원,근린공원,경기도 평택시 팽성읍 송화택지로25번길 63,경기도 평택시 팽성읍 송화리 789,36.961612,127.060809,15253.8,게이트볼장+마라톤운동기+심판의자+옆파도타기+온몸근육풀기+온몸노젓기+온몸역기올리기+온몸허리돌리기+윗몸일으키기+족구대+족구장+철봉+평행봉+하늘걷기,그네+그네보호대+모래포장+조합놀이대+흔들놀이,음수대+화장실,,맹암거(간선)+맹암거(지선)+빗물받이+옹벽+우수관+원형수로관+조각 조형물(가족)+집수정+트랜치,1999-03-19,경기도 평택시청,031-8024-4248,2024-03-08
41220-00004,농성 근린공원,근린공원,,경기도 평택시 팽성읍 안정리 78-27,36.965206,127.043748,29511,다리뻗치기+등허리지압기+옆파도타기+온몸근육풀기+온몸허리돌리기+평행봉+하늘걷기,,화장실,,기념비+기념비석+우수맨홀+집수정+충무공 임팔급 기념비+통합기준점+트랜치,1988-05-11,경기도 평택시청,031-8024-4248,2024-03-08
41220-00005,다솜 근린공원(소사벌택지 1호),근린공원,,경기도 평택시 비전동 1005-1 1028-3 1089-3,37.002667,127.093562,59205,등허리지압기+레그프레스+마라톤운동 장형+배드민턴장+배드민턴지주대+옆파도타기+온몸역기내리기+온몸허리돌리기+윗몸일으키기+파크골프장+하늘걷기,,자전거보관대+화장실,,맹암거+오수맨홀+우수관+우수관로+원형맨홀+집수정,2007-11-07,경기도 평택시청,031-8024-4248,2024-03-08
41220-00006,당산 근린공원(소사벌택지 3호),근린공원,,경기도 평택시 죽백동 728공,37.009141,127.116307,42417.7,레그프레스+롤링웨이스트(일반형)+바디싣업+스트레칭로라+체어웨이트+크로스컨트리+트윈트위스트,,자전거보관대+화장실,,PE원형개량오수받이+상수관로+오수관로(PVC이중벽관+관급)+옹벽+우수관로(PVC이중벽관+관급)+원형수로관+집수정-녹지용+집수정-포장용+측구수로관(녹지용)+측구수로관(포장용)+토목(산마루측구)+트랜치,2007-11-07,경기도 평택시청,031-8024-4248,2024-03-08
41220-00007,덕동산 근린공원(비전지구),근린공원,,경기도 평택시 비전동 산84-14,36.997727,127.100058,145023,네트걸이+농구대+농구장+다리걸기+다리뻗치기+등부딪히기+등허리지압기+마라톤운동기+매달리기+미니철봉+배드민턴장+벤치프레스+양팔줄당기기+어깨근육풀기+옆파도타기+온몸근육풀기+온몸노젓기+온몸역기올리기+온몸허리돌리기+원형목재 평균대+윗몸일으키기+지압보도+철기둥+철봉+철봉+링+팔굽혀피기+평균대+평행봉+하늘걷기+하늘사다리+허벅지근육풀기,나무숲걷기마당+모래놀이마당+모험놀이마당+실외교구 놀이마당+체험 놀이마당,급수전+음수대+자전거거치대+화장실,,U형측구+기념 헌정탑+디자인집수정+무덤+사당+위령비석+자연보호헌정기념비+정화조 맨홀+집수정+트랜치+현충탑,1953-03-11,경기도 평택시청,031-8024-4248,2024-03-08
41220-00008,동부 근린공원(비전3지구),근린공원,경기도 평택시 동부공원로 46 (비전동),경기도 평택시 비전동 880,36.993988,127.118683,29821,게이트볼장+농구대(이동식)+다리걸치기+데크관람대+배드민턴장+배드민턴지주대+벤치프레스+어깨근육풀기+옆파도타기+온몸근육풀기+온몸노젓기+온몸허리돌리기+운동장+윗몸일으키기+지압보도+철봉+철봉+링+팔굽혀피기+평행봉+풋살경기장+하늘걷기,그네+그네보호대+모래포장+인공암벽놀이대+조합놀이대+흔들놀이,음수전+화장실,,나트륨섭취관련 조형물+손씻기 조형물+집수정+청소년 담배끊기 조형물+치아건강 조형물+칼로리 둥근 조형물+트랜치,1994-01-11,경기도 평택시청,031-8024-4248,2024-03-08
41220-00009,동부그린 근린공원(비전3지구),근린공원,,경기도 평택시 비전동 875,36.996786,127.117584,10578,농구대+어깨근육풀기+온몸허리돌리기+운동장+족구대+철봉+평행봉+하늘걷기,그네+그네보호대+모래포장+조합놀이대+흔들놀이,화장실,,조형석+집수정,1994-01-11,경기도 평택시청,031-8024-4248,2024-03-08
41220-00010,동삭 근린공원(동삭지구 1호),근린공원,경기도 평택시 동삭1로22번길 40 (동삭동 지제더샵센트럴파크아파트),경기도 평택시 동삭동 산38-2,37.022762,127.090661,11039,,,,,,2009-03-09,경기도 평택시청,031-8024-4248,2024-03-08
41220-00011,모산 근린공원,근린공원,,경기도 평택시 동삭동 396,37.014183,127.093286,277794,어깨근육풀기+옆파도타기+온몸노젓기+온몸허리돌리기+하늘걷기,,화장실,,게이트벨브+빗물받이+상수관+오수관+오수맨홀+오수받이+우수관+집수정,1989-08-19,경기도 평택시청,031-8024-4248,2024-03-08
41220-00012,배나무 근린공원(소사벌택지 4호),근린공원,,경기도 평택시 죽백동 764공,37.006145,127.116709,44947.1,고무칩포장+레그프레스+롤링웨이스트(일반형)+바디싣업+스텝싸이클+스트레칭로라+원형뜀틀+체어웨이트+크로스컨트리+트윈트위스트,,자전거보관대,,스틸그레이팅+압연강판그레이팅+옹벽+우수관로(PVC이중벽관)+월류관+집수정-녹지용+집수정-포장용+측구수로관(녹지용)+측구수로관(포장용),2007-11-07,경기도 평택시청,031-8024-4248,2024-03-08
41220-00013,배다리 근린공원(소사벌택지 5호),근린공원,,경기도 평택시 죽백동 800공,37.001031,127.119240,277072.9,고무칩포장+다리뻗치기+등허리지압기+스텝싸이클+어깨근육풀기+옆파도타기+온몸역기올리기+온몸허리돌리기+윗몸일으키기+하늘걷기,고무칩포장+조형나무폴+클라이밍,램프+음수대+자전거보관대+화장실,,PE원형개량오수받이+배수관(PVC이중벽관)+벤치플륨관+스틸그레이팅+우수관로(PVC이중벽관+관급)+원형맨홀+자연석쌓기+준공기념비+집수정+집수정-녹지용+집수정-트렌치용+측구수로관+트랜치,2007-11-07,경기도 평택시청,031-8024-4248,2024-03-08
41220-00014,부용산 근린공원,근린공원,,경기도 평택시 팽성읍 객사리 산3,36.967630,127.060400,1740,,,,,묘비석+상수관+우수관+장대석쌓기+집수정,1975-07-12,경기도 평택시청,031-8024-4248,2024-03-08
41220-00015,비전 근린공원(매봉산),근린공원,경기도 평택시 매봉산5길 29 (비전동),경기도 평택시 비전동 274-6,36.995058,127.103395,99999,,,,,,1975-11-15,경기도 평택시청,031-8024-4248,2024-03-08
41220-00016,사군자 근린공원(서재지구),근린공원,,경기도 평택시 동삭동 710,37.007972,127.097251,10715,배드민턴장+배드민턴지주대+온몸근육풀기+온몸역기올리기+온몸허리돌리기,,급수전+화장실,,4괘문양판석(마천석)+우수관+자연석쌓기+저류조옹벽(유속차단)+집수정+측구수로관,2005-01-05,경기도 평택시청,031-8024-4248,2024-03-08
41220-00017,사색 근린공원(서재지구),근린공원,,경기도 평택시 동삭동 719,37.012872,127.098871,11378,등허리지압기+배드민턴장+배드민턴지주대(이동식)+온몸근육풀기+온몸역기올리기+온몸허리돌리기,,,,PE관 설치+수목보호받침틀+스틸그레이팅+우수관+자연석쌓기+집수정+측구수로관+트랜치,2005-01-05,경기도 평택시청,031-8024-4248,2024-03-08
41220-00018,삼각산(평택) 근린공원,근린공원,,경기도 평택시 비전동 473-78,37.001172,127.090938,4861,어깨근육풀기+옆파도타기+온몸허리돌리기+인라인스케이트장+하늘걷기,고무칩포장+그네+그네보호대+조합놀이대+흔들놀이,음수전,데크 램프형 무대,U형측구+디자인집수정+디자인트랜치+수목보호대+옹벽+집수정+트랜치,1953-03-11,경기도 평택시청,031-8024-4248,2024-03-08
41220-00019,상서재동초 근린공원(동삭2지구),근린공원,,경기도 평택시 동삭동 산25-1,37.018494,127.098362,11296,,,,,,2014-03-17,경기도 평택시청,031-8024-4248,2024-03-08
41220-00020,상서재마당 근린공원(동삭2지구 근린2호),근린공원,,경기도 평택시 동삭동 산1,37.013885,127.102771,12214,,,,,,2013-05-08,경기도 평택시청,031-8024-4248,2024-03-08
41220-00021,생기자리 근린공원(용죽지구),근린공원,,경기도 평택시 용이동 산122번지,37.006435,127.136474,21262.6,배드민턴 라인마킹+배드민턴 포스트+배드민턴장+옆파도타기운동+오금펴기운동+온몸근육운동+하늘걷기운동+허리돌리기운동,강아지흔들놀이대+고양이흔들놀이대+모래포설+양흔들놀이대,음수전+자전거보관대+화장실,,배수관+야외관람석+오수관(토목공사분)(PVC PIPE)+오수맨홀(토목공사분)+유공관+집수정+트렌치B+화장실 기초 타설,2010-11-24,경기도 평택시청,031-8024-4248,2024-03-08
41220-00022,세교 근린공원(세교지구),근린공원,,경기도 평택시 세교동 556-1,37.002585,127.083758,10133.9,농구대+농구장+등허리지압기+마라톤운동기+벤치프레스+온몸근육풀기+온몸노젓기+온몸역기올리기+온몸허리돌리기+윗몸일으키기+지압보도+하늘걷기,고무칩포장+그네+그네보호대+물놀이시설+시소+아쿠아눈사람+아쿠아트리바스켓+아쿠아플라워+연꽃샤워+조합놀이대,음수대+화장실,,쇠기둥조형물+시계탑+조형옹벽,1992-03-13,경기도 평택시청,031-8024-4248,2024-03-08
41220-00023,솔숲 근린공원(소사2지구),근린공원,,경기도 평택시 소사동 산13-1,36.990325,127.130417,19494,,,,,,2011-07-14,경기도 평택시청,031-8024-4248,2024-03-08
41220-00024,송화 근린공원,근린공원,,경기도 평택시 팽성읍 송화리 106-1,36.958616,127.057677,41950,,,,,,1994-04-04,경기도 평택시청,031-8024-4248,2024-03-08
41220-00025,신흥 근린공원(신흥지구),근린공원,,경기도 평택시 용이동 744-1번지,37.003764,127.148865,17877,농구대+농구장+다목적경기장+등허리지압기+마라톤운동+배드민턴장+온몸노젓기+하늘걷기+허리돌리기,그네+놀이시설 경계+조합놀이대+흔들놀이,음수대+자전거보관대(10대용)+화장실,,가든테이블세트+수목보호홀덮개+연결관로+우수관로+원형맨홀+집수정+횡단배수로,2010-09-27,경기도 평택시청,031-8024-4248,2024-03-08
41220-00026,안정 근린공원,근린공원,경기도 평택시 팽성읍 안정순환로267번길 42,경기도 평택시 팽성읍 송화리 68-55,36.960697,127.053128,26350,다리뻗치기+등허리지압기+마라톤운동+옆파도타기+온몸근육풀기+온몸노젓기+온몸역기내리기+온몸역기올리기+온몸허리돌리기+테니스 네트대+테니스장+하늘걷기,그네+모래포설+조합놀이대+흔들놀이,화장실,,기념비석+맹암거(간선)+맹암거(지선)+배변용모래밭+배수로+빗물받이+애견배변봉투함+우수관+조형석+집수정+테니스 연습옹벽+트랜치,1975-07-12,경기도 평택시청,031-8024-4248,2024-03-08
41220-00027,역사유적 근린공원(소사지구),근린공원,,경기도 평택시 소사동 506,36.987599,127.120279,13057,다리근육풀기+등허리지압기+온몸역기올리기+윗몸일으키기+지압보도+하늘걷기,,계단 중앙 분리 펜스,,U형측구+운동시설보호대+유구설명석+자연석쌓기+집수정+측구배수+트랜치,2005-01-31,경기도 평택시청,031-8024-4248,2024-03-08
41220-00028,영신 제1호 근린공원(영신지구),근린공원,경기도 평택시 영신로 108 (동삭동),경기도 평택시 동삭동 589-3,37.018323,127.083491,13139,,,,,,2010-01-29,경기도 평택시청,031-8024-4248,2024-03-08
41220-00029,영신이들 근린공원(지제 세교지구),근린공원,,경기도 평택시 세교동 392답,37.011250,127.073562,13847,,,,,,2013-09-03,경기도 평택시청,031-8024-4248,2024-03-08
41220-00030,용이 근린공원(용이지구 3호),근린공원,경기도 평택시 현신3길 13 (용이동),경기도 평택시 용이동 441-1,36.996314,127.136287,21590,다리뻗치기+마라톤운동기+옆파도타기+온몸근육풀기+온몸역기내리기+온몸허리돌리기+윗몸일으키기+하늘걷기,벽사다리놀이기+시소+조합놀이대+탄성고무칩포장+흔들놀이,음수전+화장실+휠체어경사로,계단식관람석,PVC이중벽관+U형측구+떼수로+배수로+상수관로+새들분수전+집수정,2003-12-04,경기도 평택시청,031-8024-4248,2024-03-08
41220-00031,원동 근린공원 (모산영신지구),근린공원,경기도 평택시 지제동삭1로 163 (동삭동 더샵지제역센트럴파크1BL아파트),경기도 평택시 동삭동 467-9,37.022131,127.087362,11669,,,,,,2009-09-30,경기도 평택시청,031-8024-4248,2024-03-08
41220-00032,은실 근린공원,근린공원,,경기도 평택시 세교동 산86-1,37.006568,127.081995,276422,,,,,,1972-08-25,경기도 평택시청,031-8024-4248,2024-03-08
41220-00033,이화 근린공원(용이지구 2호),근린공원,,경기도 평택시 용이동 483,36.999855,127.145107,16742,마라톤운동기+옆파도타기+온몸근육풀기+온몸역기내리기+온몸허리돌리기+윗몸일으키기+자유철봉기,조합놀이대+탄성고무칩포장+흔들놀이,음수전+화장실,,PVC이중벽관+U형측구+떼수로+배수로+상수관로+새들분수전,2003-12-04,경기도 평택시청,031-8024-4248,2024-03-08
41220-00034,죽백 근린공원(용죽지구),근린공원,,경기도 평택시 용이동 561-1번지,37.001502,127.149320,49638.6,옆파도타기운동+오금펴기운동+온몸근육풀기운동+하늘걷기운동+허리돌리기운동,그네놀이대+놀이시설 경계+조합놀이대1+흔들놀이대,자전거보관대+화장실,,배수관+오수관(토목공사분)(PVC PIPE)+오수맨홀(토목공사분)+집수정+측구수로관,2010-11-24,경기도 평택시청,031-8024-4248,2024-03-08
41220-00035,지제울 근린공원(지제 세교지구),근린공원,,경기도 평택시 지제동 624-2답,37.017364,127.077589,44650,,,,,,2013-09-03,경기도 평택시청,031-8024-4248,2024-03-08
41220-00036,추팔 근린공원(송화택지),근린공원,,경기도 평택시 팽성읍 추팔리 398-2,36.951944,127.075162,11053,네트걸이대+운동장+평행봉+풋살골대,,음수전+화장실,,수도시설+집수정+측구배수,2000-10-24,경기도 평택시청,031-8024-4248,2024-03-08
41220-00037,통복(원평) 근린공원,근린공원,,경기도 평택시 통복동 170,36.990316,127.080030,11781,농구대+농구장+다리뻗치기+마라톤운동기+배드민턴장+양팔줄당기기+어깨근육풀기+옆파도타기+온몸역기내리기+온몸역기올리기+온몸허리돌리기+지압보도+철봉+평행봉+하늘걷기,고무칩포장+그네+그네보호대+조합놀이대,음수전+주차장,,우수맨홀+지압보도장 기념비+집수정+트랜치,1989-08-19,경기도 평택시청,031-8024-4248,2024-03-08
41220-00038,평택공단 근린공원,근린공원,,경기도 평택시 세교동 540,37.010515,127.079436,12300,네트걸이대+미니축구장골대+어깨근육풀기+온몸허리돌리기+족구장+축구대+축구장+하늘걷기,,화장실,,PE 빗물받이+맹암거+머릿돌+사각수로관+우수관+우수맨홀+집수정+측구수로,1993-02-15,경기도 평택시청,031-8024-4248,2024-03-08
41220-00039,풀내음 근린공원(소사2지구),근린공원,,경기도 평택시 소사동 81-1,36.986737,127.126498,15700,,,,,,2011-07-14,경기도 평택시청,031-8024-4248,2024-03-08
41220-00040,하날 근린공원(소사벌택지 2호),근린공원,,경기도 평택시 비전동 1035공,37.004393,127.110811,36864,레그프레스+옆파도타기+온몸역기올리기+온몸허리돌리기+하늘걷기,,자전거보관대+화장실,,배수관(PVC이중벽관)설치(조경용)+우수관로+장대석놓기+집수정+집수정 일반용+측구수로관+측구수로관 설치(트랜치),2007-11-07,경기도 평택시청,031-8024-4248,2024-03-08
41220-00041,현신 근린공원(용이지구 1호),근린공원,,경기도 평택시 용이동 494-1,36.998446,127.151239,12538,농구대+농구장+미니축구장+어깨근육풀기+옆파도타기+온몸허리돌리기+윗몸일으키기+족구대+족구장+축구대+하늘걷기,고무칩포장+조합놀이대+흔들놀이,음수전+화장실+휠체어경사로,,상수관로+새들분수전+우수관+집수정,2005-10-24,경기도 평택시청,031-8024-4248,2024-03-08
41220-00042,현촌 근린공원(현촌지구),근린공원,,경기도 평택시 용이동 602-2,36.997396,127.130501,45228.6,마라톤운동기+배드민턴장+배드민턴지주대+어깨근육풀기+옆파도타기+온몸근육풀기+온몸허리돌리기+하늘걷기,고무칩포장+그네+그네보호대+시소+조합놀이대,화장실,,PVC이중벽관+맹암거+수목보호홀덮개+우수관+집수정+트랜치,2010-09-24,경기도 평택시청,031-8024-4248,2024-03-08
41220-00043,노성1리 마을쉼터,기타,,경기도 평택시 팽성읍 노성리 42-1,36.929800,127.031500,999,등허리지압기+마라톤운동기+온몸근육풀기+온몸노젓기+온몸역기내리기+온몸허리돌리기+하늘걷기,,음수전,,수목보호대+옹벽+조형탑+집수정,,경기도 평택시청,031-8024-4248,2024-03-08
41220-00044,노성2리 마을쉼터,기타,,경기도 평택시 팽성읍 노성리 79-9,36.935208,127.021417,999,거꾸로매달리기+등허리지압기+옆파도타기+온몸노젓기+온몸허리돌리기+하늘걷기,그네+그네보호대+조합놀이대+탄성고무칩포장,음수전,,배수로+수목보호대+자연석쌓기+집수정+트랜치+트랜치측구집수정,,경기도 평택시청,031-8024-4248,2024-03-08
41220-00045,노양1리 마을쉼터,기타,,경기도 평택시 팽성읍 노양리 40-15,36.936252,126.999602,999,등허리지압기+온몸근육풀기+온몸역기내리기+온몸허리돌리기+하늘걷기,고무매트포장+조합놀이대,음수전,,수목보호대+집수정,,경기도 평택시청,031-8024-4248,2024-03-08
41220-00046,노양2리 마을쉼터,기타,,경기도 평택시 팽성읍 노양리 14-9,36.941074,127.006815,999,등허리지압기+옆파도타기+온몸근육풀기+온몸역기내리기+온몸허리돌리기+하늘걷기,조합놀이대+탄성고무칩포장,,,급수관+맹암거+소화전+수목보호덮개+집수정+트랜치,,경기도 평택시청,031-8024-4248,2024-03-08
41220-00047,노와1리 마을쉼터,기타,,경기도 평택시 팽성읍 노와리 95-1,36.958509,127.087795,1394,농구대+농구장+어깨근육풀기+옆파도타기+온몸노젓기+온몸역기내리기+온몸허리돌리기+지압보도+하늘걷기,,,,PVC이중벽관+집수정,,경기도 평택시청,031-8024-4248,2024-03-08
41220-00048,노와2리 마을쉼터,기타,,경기도 평택시 팽성읍 노와리 244-2,36.949849,127.096921,668,등허리지압기+옆파도타기+온몸근육풀기+온몸역기내리기+온몸역기올리기+온몸허리돌리기+윗몸일으키기+하늘걷기,,,,집수정,,경기도 평택시청,031-8024-4248,2024-03-08
41220-00049,노와4리 마을쉼터,기타,,경기도 평택시 팽성읍 노와리 153-190,36.951728,127.081941,694,다리뻗치기+배드민턴지주대(이동식)+옆파도타기+온몸역기올리기+온몸허리돌리기+윗몸일으키기+하늘걷기,,,,PE 빗물받이+PVC이중벽관+벤치플륨관+집수정,,경기도 평택시청,031-8024-4248,2024-03-08
41220-00050,대사1리 마을쉼터,기타,,경기도 평택시 팽성읍 대사리 205-7,36.944426,127.062246,851,농구대+마라톤운동기+옆파도타기+온몸근육풀기+온몸허리돌리기,고무칩포장+그네+그네보호대+조합놀이대,,,집수정+트랜치,,경기도 평택시청,031-8024-4248,2024-03-08
41220-00051,동창리 마을쉼터,기타,,경기도 평택시 팽성읍 동창리 121-2,36.972130,127.034420,1114,농구대+배드민턴지주대(이동식)+어깨근육풀기+옆파도타기+온몸허리돌리기+운동장+족구대(이동식)+하늘걷기,,음수전,,배수로+우수관+집수정,,경기도 평택시청,031-8024-4248,2024-03-08
41220-00052,두1리 마을쉼터,기타,,경기도 평택시 팽성읍 두리 123-14,36.977043,127.064720,890,등허리지압기+마라톤운동기+옆파도타기+온몸근육풀기+온몸노젓기+온몸역기내리기+온몸허리돌리기,,,,8각 수목보호판+스피커지지대+옹벽+원형수로관+집수정+측구수로관,,경기도 평택시청,031-8024-4248,2024-03-08
41220-00053,두2리 마을쉼터,기타,,경기도 평택시 팽성읍 두리 36-18,36.970214,127.063551,570,등허리지압기+어깨근육풀기+온몸허리돌리기,고무칩포장+조합놀이대,,,수목보호판+집수정+흉관,,경기도 평택시청,031-8024-4248,2024-03-08
41220-00054,두정2리 마을쉼터,기타,,경기도 평택시 팽성읍 두정리 138-6,36.945054,127.026243,760,온몸노젓기+온몸역기내리기+온몸허리돌리기+하늘걷기,조합놀이대+탄성고무칩포장,,,수목보호대+집수정+흉관,,경기도 평택시청,031-8024-4248,2024-03-08
41220-00055,두정3리 마을쉼터,기타,,경기도 평택시 팽성읍 두정리 163-127,36.944500,127.032089,668,등허리지압기+온몸근육풀기+온몸역기내리기+하늘걷기,조합놀이대+탄성고무칩포장,,,배수로+소화전+수목보호대+자연석쌓기+집수정,,경기도 평택시청,031-8024-4248,2024-03-08
41220-00056,본정1리 마을쉼터,기타,,경기도 평택시 팽성읍 본정리 47-16,36.946182,127.007023,999,등허리지압기+온몸근육풀기+온몸역기내리기+온몸허리돌리기+윗몸일으키기+하늘걷기,고무칩포장+조합놀이대,,,공적비+수목보호판+집수정,,경기도 평택시청,031-8024-4248,2024-03-08
41220-00057,비전쌈지,기타,,경기도 평택시 비전동 788-3,37.000544,127.092964,99999,어깨근육풀기+온몸허리돌리기+지압보도,,,,U형측구+집수정+집수정뚜껑+트렌치뚜껑,,경기도 평택시청,031-8024-4248,2024-03-08
41220-00058,석근1리 마을쉼터,기타,,경기도 평택시 팽성읍 석근리 8-9,36.939908,127.054346,423,마라톤운동기+옆파도타기+온몸역기내리기+온몸역기올리기+온몸허리돌리기+윗몸일으키기,,,,우수관+조형석+집수정+효자정문,,경기도 평택시청,031-8024-4248,2024-03-08
41220-00059,석봉리 마을쉼터,기타,,경기도 평택시 팽성읍 석봉리 123-5,36.983403,127.043641,1109,농구대(이동식)+마라톤운동기+배드민턴지주대(이동식)+온몸근육풀기+온몸역기내리기+온몸허리돌리기+운동장+하늘걷기,고무칩포장+조합놀이대,음수전,,디자인집수정+우수관+이음관+집수정,,경기도 평택시청,031-8024-4248,2024-03-08
41220-00060,신대1리 마을쉼터,기타,,경기도 평택시 팽성읍 신대리 225-2,36.947249,127.000419,999,마라톤운동기+배드민턴대+온몸근육풀기+온몸역기내리기+온몸허리돌리기+하늘걷기,고무칩포장+시소+조합놀이대,,,우수관+이음관+집수정,,경기도 평택시청,031-8024-4248,2024-03-08
41220-00061,신대2리 마을쉼터,기타,,경기도 평택시 팽성읍 신대리 211-53,36.946419,126.999132,1668,마라톤운동기+배드민턴지주대(이동식)+온몸역기내리기+온몸허리돌리기+운동장+하늘걷기,고무칩포장+조합놀이대,,,옹벽+우수관+우수관 이음관+자연석쌓기+집수정+트랜치,,경기도 평택시청,031-8024-4248,2024-03-08
41220-00062,안정4리 마을쉼터,기타,,경기도 평택시 팽성읍 안정리 100-8,36.961730,127.040502,999,어깨근육풀기+온몸근육풀기+온몸역기내리기+온몸허리돌리기,조합놀이대+탄성고무칩포장,자전거보관대,,수목보호판+집수정+흉관,,경기도 평택시청,031-8024-4248,2024-03-08
41220-00063,유천동 마을쉼터,기타,,경기도 평택시 유천동 788,36.973241,127.102948,1680,농구대+농구장+다리뻗치기+등허리지압기+미니철봉+발바닥지압걷기+옆파도타기+온몸노젓기+온몸역기내리기+온몸역기올리기+온몸허리돌리기+윗몸일으키기+하늘걷기,고무칩포장+조합놀이대+흔들놀이,,,,,경기도 평택시청,031-8024-4248,2024-03-08
41220-00064,자란쌈지 마을쉼터,기타,,경기도 평택시 비전동 600-25,36.997450,127.094460,425.7,어깨근육풀기+옆파도타기+온몸허리돌리기,,,,빗물받이+우수관,,경기도 평택시청,031-8024-4248,2024-03-08
41220-00065,평궁리 마을쉼터,기타,,경기도 평택시 팽성읍 평궁리 474-12,36.971743,127.088742,3986,농구대+농구장+등허리지압기+배구대+배구장+어깨근육풀기+온몸노젓기+온몸역기올리기+온몸허리돌리기+족구대(이동식),그네+그네보호대+모래포장+조합놀이대+흔들놀이,음수전+자전거거치대+주차장+화장실,,PE 빗물받이+SKATE MASTER+맹암거+벤치플륨관+우수관+집수정+트랜치,,경기도 평택시청,031-8024-4248,2024-03-08
41220-00066,함정리 마을쉼터,기타,,경기도 평택시 팽성읍 함정리 155-11,36.953171,127.014210,6686,농구대+다리근육풀기+등허리지압기+마라톤운동기+배구대+온몸근육풀기+온몸역기내리기+온몸역기올리기+온몸허리돌리기+운동장+윗몸일으키기+철봉+축구장+풋살골대+하늘걷기,고무칩포장+그네+그네보호대+조합놀이대,음수전+화장실(남자)+화장실(여자),,수목보호홀덮개+우수관+자연석쌓기+집수정+트랜치,,경기도 평택시청,031-8024-4248,2024-03-08
41220-00467,율북 묘지공원,묘지공원,,경기도 평택시 청북면 율북리 산41,37.071975,126.969708,41090,,,,,,2009-12-30,경기도 평택시청,031-8024-4248,2024-03-08
41220-00067,내리 문화공원,문화공원,경기도 평택시 팽성읍 내리길 64-23,경기도 평택시 팽성읍 내리 산3-3,36.975255,127.032559,98886,,,,,,2013-04-15,경기도 평택시청,031-8024-4248,2024-03-08
41220-00068,마을마당 문화공원(소사2지구),문화공원,,경기도 평택시 소사동 산6,36.990495,127.131715,7151,,,,,,2011-07-14,경기도 평택시청,031-8024-4248,2024-03-08
41220-00069,신흥 문화공원(신흥지구),문화공원,,경기도 평택시 용이동 752,37.000970,127.145431,8054,,,화장실,,PE집수정+수목보호홀덮개+연결관+집수정+횡단배수로,2010-09-27,경기도 평택시청,031-8024-4248,2024-03-08
41220-00071,고잔 소공원,소공원,,경기도 평택시 신대동 368-18,36.996702,127.068161,996,등허리지압기+옆파도타기+온몸근육풀기+온몸허리돌리기+윗몸일으키기+하늘걷기,고무칩포장+그네+그네보호대+모래포장+조합놀이대+흔들놀이,,,배수관(다발관)+빗물받이+의류수거함+집수정+측구수로관+흉관,2009-09-22,경기도 평택시청,031-8024-4248,2024-03-08
41220-00072,남산1호 소공원(팽성6호),소공원,,경기도 평택시 팽성읍 남산리 561-1,36.954545,127.063028,634,옆파도타기+온몸역기올리기+온몸허리돌리기+윗몸일으키기+하늘걷기,,,,우수관+집수정,2006-12-18,경기도 평택시청,031-8024-4248,2024-03-08
41220-00073,남산2호 소공원(팽성7호),소공원,,경기도 평택시 팽성읍 남산리 564,36.953862,127.064383,997,,고무칩포장+조합놀이대+흔들놀이,,,우수관+집수정,2006-12-18,경기도 평택시청,031-8024-4248,2024-03-08
41220-00074,노와이주1호 소공원(노와지구13호),소공원,,경기도 평택시 팽성읍 노와리 460-3,36.946808,127.092641,697.2,,,,,,2008-10-23,경기도 평택시청,031-8024-4248,2024-03-08
41220-00075,노와이주2호 소공원(노와지구14호),소공원,,경기도 평택시 팽성읍 노와리 461-17,36.946282,127.093677,678,,,,,,2008-10-23,경기도 평택시청,031-8024-4248,2024-03-08
41220-00076,두정1리 소공원,소공원,,경기도 평택시 팽성읍 두정리 45-1,36.940061,127.038337,1203,농구대+배구네트대+어깨근육풀기+옆파도타기+온몸역기내리기+온몸허리돌리기+하늘걷기,고무칩포장+그네+그네보호대+조합놀이대,음수전,,수목보호판+집수정+플륨관,2012-06-14,경기도 평택시청,031-8024-4248,2024-03-08
41220-00077,등꽃향기 소공원,소공원,,경기도 평택시 비전동 839-10,36.994020,127.111466,931,,,,,PE 빗물받이+우수관+집수정+트렌치+현타+하수관천공접합,2009-12-30,경기도 평택시청,031-8024-4248,2024-03-08
41220-00078,롯데캐슬 소공원,소공원,,경기도 평택시 비전동 953 954,36.999790,127.096026,1361.7,옆파도타기+온몸허리돌리기+하늘걷기,,,,배수로+빗물받이+집수정+트랜치+화강석옹벽(울타리),2008-08-28,경기도 평택시청,031-8024-4248,2024-03-08
41220-00079,본정리 소공원,소공원,,경기도 평택시 팽성읍 본정리 산9-2,36.948820,127.010414,4297,,,,,,2016-02-29,경기도 평택시청,031-8024-4248,2024-03-08
41220-00080,상서재3호 소공원(동삭2지구),소공원,,경기도 평택시 동삭동 산15-1,37.016989,127.096875,1164,,,,,,2013-05-08,경기도 평택시청,031-8024-4248,2024-03-08
41220-00081,소공원 1호(동삭 세교지구),소공원,,경기도 평택시 동삭동 179-1,37.004417,127.091063,1000,,,,,,2016-04-19,경기도 평택시청,031-8024-4248,2024-03-08
41220-00082,잔다리 소공원,소공원,,경기도 평택시 세교동 산6-2,37.010682,127.090992,1287,,,,,,2010-04-01,경기도 평택시청,031-8024-4248,2024-03-08
41220-00083,소공원1호(두정지구),소공원,,경기도 평택시 팽성읍 본정리 4-4,36.945392,127.021142,2268,,,,,,2013-11-29,경기도 평택시청,031-8024-4248,2024-03-08
41220-00084,소공원2호(두정지구),소공원,,경기도 평택시 팽성읍 본정리 27-1임,36.945744,127.023017,908,,,,,,2013-11-29,경기도 평택시청,031-8024-4248,2024-03-08
41220-00085,소공원3호(두정지구),소공원,,경기도 평택시 팽성읍 본정리 31-3답,36.946666,127.023092,839,,,,,,2013-11-29,경기도 평택시청,031-8024-4248,2024-03-08
41220-00086,송화 소공원,소공원,,경기도 평택시 팽성읍 송화리 834,36.961321,127.053609,635,,,,,,2009-12-30,경기도 평택시청,031-8024-4248,2024-03-08
41220-00087,통복1 소공원,소공원,,경기도 평택시 신대동 8-7,36.997714,127.082209,1582,,,,,,2016-08-12,경기도 평택시청,031-8024-4248,2024-03-08
41220-00088,어울림 소공원(소사2지구),소공원,,경기도 평택시 소사동 122-1,36.989273,127.124384,709,,,,,,2011-07-14,경기도 평택시청,031-8024-4248,2024-03-08
41220-00089,원정(포승)소공원(쌍용지구),소공원,,경기도 평택시 포승읍 원정리 221-85,36.999847,126.838805,782,,,,,,2012-06-14,경기도 평택시청,031-8024-4248,2024-03-08
41220-00090,원정22호 소공원(쌍용지구),소공원,,경기도 평택시 포승읍 원정리 281-1,36.996347,126.840059,1367,,,,,,2012-06-14,경기도 평택시청,031-8024-4248,2024-03-08
41220-00091,원정리 소공원,소공원,,경기도 평택시 팽성읍 원정리 87-2,36.974819,127.040340,1084,등허리지압기+온몸근육풀기+온몸역기내리기+하늘걷기,조합놀이대+탄성고무칩포장,,,소화전+수목보호대+스틸그레이팅+집수정+흉관,2012-06-14,경기도 평택시청,031-8024-4248,2024-03-08
41220-00092,추팔 소공원,소공원,,경기도 평택시 팽성읍 추팔리 296-1,36.963840,127.075481,1541,등허리지압기+온몸근육풀기+온몸역기내리기+온몸허리돌리기+족구대+하늘걷기,고무칩포장+그네+그네보호대+조합놀이대,화장실,,수목보호판+스틸그레이팅+집수정,2012-06-14,경기도 평택시청,031-8024-4248,2024-03-08
41220-00093,화촌1 소공원,소공원,경기도 평택시 화촌2길 7 (통복동),경기도 평택시 통복동 242-2,36.992578,127.072429,1176,다리뻗치기+등허리지압기+어깨근육풀기+온몸근육풀기+온몸허리돌리기+윗몸일으키기,고무매트포장+고무칩포장+그네+그네보호대+시소+조합놀이대,,,배수관(다발관)+빗물받이+집수정가림막+흉관,2009-09-22,경기도 평택시청,031-8024-4248,2024-03-08
41220-00094,화촌2 소공원,소공원,,경기도 평택시 통복동 242-6,36.992284,127.072444,757,옆파도타기+철봉+하늘걷기,,,,수목보호덮개+집수정+측구수로관,2009-09-22,경기도 평택시청,031-8024-4248,2024-03-08
41220-00095,1호 물빛1 수변공원(소사벌택지  이곡수변),수변공원,,경기도 평택시 비전동 999공,37.005251,127.100660,39061,,,램프+음수대+자전거보관대,,PVC DC 엘보+U형플륨관 설치+수목보호대+압연강판+우수관로+우수받이+집수정설치(트렌치용+레미콘 관급),2007-11-07,경기도 평택시청,031-8024-4248,2024-03-08
41220-00096,2호 물빛2 수변공원(소사벌택지 이곡수변),수변공원,,경기도 평택시 비전동 1016공,37.003573,127.103911,11228,옆파도타기+온몸역기올리기+하늘걷기,,램프,,PVC DC 엘보+U형플륨관 설치+압연강판+우수관로+장대석놓기+집수정설치(트렌치용+레미콘 관급),2007-11-07,경기도 평택시청,031-8024-4248,2024-03-08
41220-00097,3호 소리 수변공원(소사벌택지),수변공원,,경기도 평택시 죽백동 737-2공,37.007098,127.111214,11408.5,다리뻗치기+등허리지압기+스텝싸이클+옆파도타기+온몸허리돌리기+윗몸일으키기+하늘걷기,,,,도복장PVC관+연결BOX관+우수관로+월류관+집수정,2007-11-07,경기도 평택시청,031-8024-4248,2024-03-08
41220-00098,4호 소리 수변공원(소사벌택지),수변공원,,경기도 평택시 비전동 1032공,37.004339,127.107357,19823,다리뻗치기+등허리지압기+옆파도타기+온몸역기올리기+윗몸일으키기+하늘걷기,,,,PVC이중벽관(Type1+con c관급)+연결BOX관+연결관C(흄관)+우수관로+원형수로관+월류관+집수정+집수정설치(트렌치용+레미콘 관급)+트랜치,2007-11-07,경기도 평택시청,031-8024-4248,2024-03-08
41220-00099,5호 물빛3 수변공원(소사벌택지 이곡수변),수변공원,,경기도 평택시 비전동 1069공,37.002460,127.107881,19099,레그프레스+크로스컨트리+트윈트위스트,,램프+화장실,,PVC DC 엘보+U형플륨관 설치+압연강판+압연강판(디자인그레이팅)+우수관로+트렌치측구집수정,2007-11-07,경기도 평택시청,031-8024-4248,2024-03-08
41220-00100,6호 물빛4 수변공원(소사벌택지 이곡수변),수변공원,,경기도 평택시 비전동 1065 1093 1099,37.001798,127.111412,24015,레그프레스+트윈트위스트,,램프+자전거보관대,,PVC DC 엘보+U형플륨관 설치+수목보호대+압연강판+압연강판(디자인그레이팅)+우수관로+징검돌 쇄굴방지공+트랜치측구집수정,2007-11-07,경기도 평택시청,031-8024-4248,2024-03-08
41220-00101,7호 너울 수변공원(소사벌택지),수변공원,,경기도 평택시 비전동 966 966-1~6,37.003257,127.090635,23421,,,,,PE 빗물받이+배수관(PVC이중벽관),2007-11-07,경기도 평택시청,031-8024-4248,2024-03-08
41220-00102,군문 수변공원,수변공원,,경기도 평택시 군문동 201-1,36.982112,127.091679,9955,,,,,,2012-06-14,경기도 평택시청,031-8024-4248,2024-03-08
41220-00103,상서재 1호 수변공원(동삭2지구),수변공원,,경기도 평택시 동삭동 12-1,37.015396,127.104691,12194,,,,,,2014-03-17,경기도 평택시청,031-8024-4248,2024-03-08
41220-00104,11호 어린이공원(서정동),어린이공원,,경기도 평택시 동삭동 186-1,37.006472,127.093243,1933,,,,,,2010-04-01,경기도 평택시청,031-8024-4248,2024-03-08
41220-00105,14호 어린이공원(고덕국제화지구  두릉리),어린이공원,,경기도 평택시 세교동 산3-8,37.011591,127.091001,1645,,,,,,2010-04-01,경기도 평택시청,031-8024-4248,2024-03-08
41220-00106,17호 어린이공원(고덕국제화지구 좌교리),어린이공원,,경기도 평택시 세교동 26,37.004107,127.089859,2614,,,,,,2010-04-01,경기도 평택시청,031-8024-4248,2024-03-08
41220-00107,18호 어린이공원(고덕국제화지구 해창리),어린이공원,,경기도 평택시 세교동 288-1,37.008211,127.087410,8042,,,,,,2010-04-01,경기도 평택시청,031-8024-4248,2024-03-08
41220-00108,19호 어린이공원(고덕국제화지구),어린이공원,,경기도 평택시 세교동 37-3,37.006081,127.087364,2000,,,,,,2010-04-01,경기도 평택시청,031-8024-4248,2024-03-08
41220-00109,1호 어린이공원(동삭 세교지구),어린이공원,,경기도 평택시 평택동 38,36.993417,127.087884,1555.7,옆파도타기+온몸근육풀기+온몸역기올리기+온몸허리돌리기+하늘걷기,,음수전,,JC기념탑+뚜껑(디자인그레이팅)+스틸그레이팅,1990-04-12,경기도 평택시청,031-8024-4248,2024-03-08
41220-00110,1호 어린이공원(포승지구 BIX),어린이공원,,경기도 평택시 군문동 360-3,36.987728,127.084538,2050,마라톤운동기+옆파도타기+온몸근육풀기+온몸허리돌리기+하늘걷기,고무매트포장+그네+그네보호대+조합놀이대+흔들놀이,,,PE 빗물받이+우수관+조형석+집수정+횡단배수로,1995-12-20,경기도 평택시청,031-8024-4248,2024-03-08
41220-00111,1호 어린이공원(화양지구),어린이공원,,경기도 평택시 동삭동 546,37.020321,127.081163,4109,,,,,,2010-01-29,경기도 평택시청,031-8024-4248,2024-03-08
41220-00112,20호 어린이공원(고덕국제화지구  해창리),어린이공원,,경기도 평택시 세교동 559-2,37.000296,127.083343,1999,,고무매트포장+그네+그네보호대,화장실,,집수정,1992-03-13,경기도 평택시청,031-8024-4248,2024-03-08
41220-00113,23호 현덕 어린이공원(인광2지구),어린이공원,,경기도 평택시 지제동 산7-7임,37.022168,127.077426,6172,,,,,,2013-09-03,경기도 평택시청,031-8024-4248,2024-03-08
41220-00114,25호 어린이공원(여염리),어린이공원,,경기도 평택시 비전동 927,36.995114,127.109641,1625,다리뻗치기+온몸노젓기+온몸허리돌리기+윗몸일으키기,놀이집+조합놀이대+탄성고무칩포장+흔들놀이,,,U형측구+자연석쌓기+집수정,2016-02-29,경기도 평택시청,031-8024-4248,2024-03-08
41220-00115,26호 어린이공원(서정동),어린이공원,,경기도 평택시 용이동 690,36.993175,127.124286,1815.4,옆파도운동+오금펴기운동+온몸근육운동+하늘걷기운동,강아지흔들놀이대+고양이흔들놀이대+그네놀이대+놀이시설 경계+양흔들놀이대+조합놀이대3,,,PE 연결관+PE 집수정+배수관+집수정,2010-11-24,경기도 평택시청,031-8024-4248,2024-03-08
41220-00116,27호 어린이공원(율포리),어린이공원,,경기도 평택시 죽백동 816-4공,37.002339,127.124685,1644.3,체어웨이트+크로스컨트리+트윈트위스트,고무칩포장+그네+그네보호대+조합놀이대+흔들놀이,,,우수관로+원형수로관+집수정,2007-11-07,경기도 평택시청,031-8024-4248,2024-03-08
41220-00117,28호 어린이공원(서정동),어린이공원,,경기도 평택시 세교동 408-2전,37.013263,127.075078,1893,,,,,,2013-09-03,경기도 평택시청,031-8024-4248,2024-03-08
41220-00118,29호 어린이공원(서정동),어린이공원,,경기도 평택시 비전동 1075공,37.002226,127.107017,1524,온몸역기올리기+온몸허리돌리기+하늘걷기,고무칩포장+볼록렌즈 사진기+위스퍼디쉬+조합놀이대,,,우수관로+원형수로관+육가+집수정,2007-11-07,경기도 평택시청,031-8024-4248,2024-03-08
41220-00119,2호 어린이공원(동삭 세교지구),어린이공원,,경기도 평택시 비전동 1004-1공,37.003243,127.096344,1939,다리뻗치기+온몸근육풀기+온몸역기내리기+윗몸일으키기,고무볼+고무칩포장+마운딩놀이대+소리관+조합놀이대+터널지나기+흔들놀이,,,Pvc이중벽관+원형수로관+집수정,2007-11-07,경기도 평택시청,031-8024-4248,2024-03-08
41220-00120,2호 어린이공원(여염리),어린이공원,,경기도 평택시 비전동 981공,37.006453,127.101332,1518,마라톤운동기+윗몸일으키기,고무칩포장+그네+그네보호대+모래깔기+미끄럼틀+조합놀이대+흔들놀이,,,우수관로+원형수로관+육가+집수정,2007-11-07,경기도 평택시청,031-8024-4248,2024-03-08
41220-00121,2호 어린이공원(화양지구),어린이공원,경기도 평택시 비전1로 35-9 (비전동),경기도 평택시 비전동 784,37.001483,127.092427,2012,다리뻗치기+마라톤운동기+발바닥지압걷기+온몸돌리기+온몸역기내리기+온몸역기올리기+탄성고무칩포장+하늘걷기,그네+그네보호대+모래+시소(4인용)+조합놀이대+탄성고무칩포장+흔들놀이,,,맹암거(간선)+맹암거(지선)+우수관(PVC이중관)+집수정+흉관,1989-07-20,경기도 평택시청,031-8024-4248,2024-03-08
41220-00122,30호 어린이공원(고덕국제화지구  율포리),어린이공원,,경기도 평택시 동삭동 402-4,37.014959,127.091348,2568,,,,,,2009-09-30,경기도 평택시청,031-8024-4248,2024-03-08
41220-00123,31호 어린이공원(고덕국제화지구 (좌교리),어린이공원,,경기도 평택시 동삭동 474,37.020406,127.087155,2140,,,,,,2009-09-30,경기도 평택시청,031-8024-4248,2024-03-08
41220-00124,32호 어린이공원(고덕국제화지구  해창리),어린이공원,,경기도 평택시 팽성읍 노와리 460-1,36.946748,127.092348,1505,등허리지압기+온몸근육풀기+온몸허리돌리기+윗몸일으키기,고무칩포장+그네+그네보호대+시소+조합놀이대+흔들놀이,,,수목보호판+집수정,2008-10-23,경기도 평택시청,031-8024-4248,2024-03-08
41220-00125,33호 어린이공원(고덕국제화지구  해창리),어린이공원,,경기도 평택시 동삭동 683-1,37.008536,127.092566,1529,등허리지압기+마라톤운동기+온몸노젓기,고무칩(적색)+그네+그네보호대+시소+조합놀이대+회전놀이대+흔들놀이,,,소화전+우수관+집수정+측구수로관,2005-01-05,경기도 평택시청,031-8024-4248,2024-03-08
41220-00126,34호 어린이공원(고덕국제화지구  여염리),어린이공원,,경기도 평택시 팽성읍 안정리 44-17,36.963580,127.045791,1581,등허리지압기+온몸노젓기+온몸허리돌리기+하늘걷기,고무칩포장+그네+그네보호대+조합놀이대,,,연결관+집수정,1989-04-01,경기도 평택시청,031-8024-4248,2024-03-08
41220-00127,35호 어린이공원(여염리),어린이공원,,경기도 평택시 군문동 368,36.986733,127.082337,2001.4,옆파도타기+온몸근육풀기+온몸허리돌리기+하늘걷기,고무칩포장+모래테이블+모래포장+조합놀이대+흔들놀이,,,PE 빗물받이+맹암거(간선)+맹암거(지선)+수목보호대+우수관+집수정+횡단배수로,1995-12-20,경기도 평택시청,031-8024-4248,2024-03-08
41220-00128,36호 어린이공원(여염리),어린이공원,,경기도 평택시 팽성읍 안정리 98-9,36.960841,127.041475,1500,옆파도타기+온몸근육풀기+온몸역기내리기+온몸허리돌리기+하늘걷기,고무칩포장+그네+그네보호대+조합놀이대,,,수목보호틀+집수정+트랜치,1989-04-01,경기도 평택시청,031-8024-4248,2024-03-08
41220-00129,37호 어린이공원(장당동),어린이공원,,경기도 평택시 소사동 산156-2,36.987296,127.118765,2680,,,,,,2014-02-28,경기도 평택시청,031-8024-4248,2024-03-08
41220-00130,38호 어린이공원(서정동),어린이공원,,경기도 평택시 동삭동 342-4,37.020670,127.095856,4339,,,,,,2009-03-09,경기도 평택시청,031-8024-4248,2024-03-08
41220-00131,39호 어린이공원(서정동),어린이공원,,경기도 평택시 비전동 888-1,36.992456,127.118302,2411,어깨근육풀기+온몸허리돌리기+하늘걷기,고무매트포장+그네+그네보호대+등반및사다리놀이대+모래포장+시소+조합놀이대,,,PE 빗물받이+맹암거(간선)+맹암거(지선)+산마루측구+우수관+집수정+측구수로관,1994-01-11,경기도 평택시청,031-8024-4248,2024-03-08
41220-00132,3호 어린이공원(세교지구),어린이공원,,경기도 평택시 죽백동 720-1공,37.008997,127.111722,1874,스트레칭로라+크로스컨트리+트윈트위스트,고무칩포장+그네+그네보호대+시소(2인용)+조합놀이대+흔들놀이,,,우수관로(PVC이중벽관)+원형수로관+집수정,2007-11-07,경기도 평택시청,031-8024-4248,2024-03-08
41220-00133,3호 어린이공원(화양지구),어린이공원,,경기도 평택시 평택동 312,36.989339,127.087918,1547,다리근육풀기+양팔줄당기기+어깨근육풀기+옆파도타기+오금펴기+온몸노젓기+온몸허리돌리기+하늘걷기,고무칩포장+조합놀이대,,,수목보호대+조형동상+집수정,2005-08-29,경기도 평택시청,031-8024-4248,2024-03-08
41220-00134,40호 어린이공원(고덕국제화지구 두릉리),어린이공원,,경기도 평택시 동삭동 41,37.013973,127.101586,1864,,,,,,2013-05-08,경기도 평택시청,031-8024-4248,2024-03-08
41220-00135,41호 어린이공원(고덕국제화지구 두릉리),어린이공원,,경기도 평택시 비전동 1020공,37.003050,127.103288,1529,마라톤운동기+온몸근육풀기+윗몸일으키기,고무칩포장+모래깔기+모래놀이탁자+스프링시소+조합놀이대+흔들놀이,,,우수관로+원형수로관+육가+집수정,2007-11-07,경기도 평택시청,031-8024-4248,2024-03-08
41220-00136,42호 어린이공원(고덕국제화지구 두릉리),어린이공원,,경기도 평택시 소사동 95-1,36.988779,127.126921,2309,,,,,,2011-07-14,경기도 평택시청,031-8024-4248,2024-03-08
41220-00137,43호 어린이공원(고덕국제화지구 해창리),어린이공원,,경기도 평택시 비전동 852,36.992207,127.111111,1696,,고무칩포장+조합놀이대+흔들놀이,화장실,,맹암거+무지개조형물동산+배수관+자연석쌓기+집수정뚜껑+트랜치,1990-06-15,경기도 평택시청,031-8024-4248,2024-03-08
41220-00138,44호 어린이공원(고덕국제화지구 율포리),어린이공원,,경기도 평택시 비전동 867,36.997892,127.113339,1713,등허리지압기+배드민턴대+배드민턴장+온몸허리돌리기+하늘걷기,고무칩포장+그네+그네보호대+모래포장+시소+흔들놀이,음수전+화장실,,맹암거(간선)+맹암거(지선)+연결관+집수정+측구수로,1994-01-11,경기도 평택시청,031-8024-4248,2024-03-08
41220-00139,45호 어린이공원(고덕국제화지구 율포리),어린이공원,,경기도 평택시 죽백동 722-1공,37.007835,127.114714,1906.4,롤링웨이스트(일반형)+스텝싸이클+체어웨이트,고무칩포장+조합놀이대+흔들놀이,,,우수관로(PVC이중벽관)+집수정+측구수로관(포장용),2007-11-07,경기도 평택시청,031-8024-4248,2024-03-08
41220-00140,46호 어린이공원(고덕국제화지구  해창리),어린이공원,경기도 평택시 은실1길 17-2 (세교동),경기도 평택시 세교동 190-4,37.003291,127.077025,2076,,,,,,2008-05-13,경기도 평택시청,031-8024-4248,2024-03-08
41220-00141,47호 어린이공원(고덕국제화지구 당현리),어린이공원,,경기도 평택시 비전동 1087공,37.001007,127.110353,2164,,고무칩포장+물놀이대+물놀이장설비+물조합놀이대+우산워터드롭+워터샤워+흔들놀이,음수대,,상수관로+수목보호대+우수관로+원형수로관+집수정,2007-11-07,경기도 평택시청,031-8024-4248,2024-03-08
41220-00142,48호 어린이공원(고덕국제화지구 율포리),어린이공원,,경기도 평택시 동삭동 657-1,37.010922,127.093456,1547,등허리지압기+마라톤운동기+온몸노젓기+온몸역기올리기+온몸허리돌리기,고무칩포장+미로찾기+시소+조합놀이대+체력단련대+흔들놀이,,,맹암거+우수관+집수정,2005-01-05,경기도 평택시청,031-8024-4248,2024-03-08
41220-00143,49호 어린이공원(율포리),어린이공원,,경기도 평택시 지제동 640-3답,37.015581,127.073583,2053,,,,,,2013-09-03,경기도 평택시청,031-8024-4248,2024-03-08
41220-00144,4호 어린이공원(화양지구),어린이공원,,경기도 평택시 용이동 588-2,37.002040,127.133739,1934.9,마라톤운동기+어깨근육풀기+온몸허리돌리기,고무칩포장+그네+그네보호대+조합놀이대,,,트랜치,2010-09-24,경기도 평택시청,031-8024-4248,2024-03-08
41220-00145,50호 어린이공원(고덕국제화지구  해창리),어린이공원,,경기도 평택시 소사동 107-9,36.992400,127.129384,1507,,,,,,2011-07-14,경기도 평택시청,031-8024-4248,2024-03-08
41220-00146,5호 어린이공원(화양지구),어린이공원,,경기도 평택시 합정동 969,36.988610,127.112957,5195,고무칩포장+마라톤운동기+온몸노젓기+온몸역기올리기+온몸허리돌리기,고무칩포장+조합놀이대+흔들놀이,,,공사 기념비+수목보호덮개+트랜치,2005-01-04,경기도 평택시청,031-8024-4248,2024-03-08
41220-00147,6호 어린이공원(화양지구),어린이공원,,경기도 평택시 비전동 631-1,36.995846,127.088908,2067,게이트볼장+옆파도타기+온몸근육풀기+온몸허리돌리기+하늘걷기,,양면음수전,,배수로용 집수정+집수정,1990-04-12,경기도 평택시청,031-8024-4248,2024-03-08
41220-00148,7호 어린이공원(화양지구),어린이공원,,경기도 평택시 용이동 673,36.994217,127.127940,2781,오금펴기운동+온몸근육운동+하늘걷기운동+허리돌리기운동,강아지흔들놀이대+고양이흔들놀이대+그네놀이대+놀이시설 경계+양흔들놀이대+조합놀이대4,,,배수관+집수정,2010-11-24,경기도 평택시청,031-8024-4248,2024-03-08
41220-00149,8호 어린이공원(서정동),어린이공원,,경기도 평택시 팽성읍 송화리 786-2,36.960478,127.058004,1723,마라톤운동기+옆파도타기+온몸근육풀기+온몸허리돌리기+하늘걷기,그네+그네보호대+모래포장+시소+조합놀이대,,,수목보호판+집수정,1999-03-19,경기도 평택시청,031-8024-4248,2024-03-08
41220-00150,8호 어린이공원(화양지구),어린이공원,,경기도 평택시 세교동 562-6,36.999990,127.081609,1483,등허리지압기+어깨근육풀기+옆파도타기+온몸허리돌리기+하늘걷기,고무칩포장+그네+그네보호대+모래포장+시소+조합놀이대+흔들놀이,화장실,,맹암거(간선)+맹암거(지선)+수목보호대+수목보호홀덮개+우수관+집수정,1992-03-13,경기도 평택시청,031-8024-4248,2024-03-08
41220-00151,9호 어린이공원(서정동),어린이공원,,경기도 평택시 동삭동 678-3,37.011810,127.099547,2107,마라톤운동기+온몸근육풀기+온몸역기올리기+온몸허리돌리기,고무칩(적색)+그네+그네보호대+시소+조합놀이대+회전놀이대+흔들놀이,,,수목보호받침틀+우수관+집수정,2005-01-05,경기도 평택시청,031-8024-4248,2024-03-08
41220-00152,JC 어린이공원,어린이공원,,경기도 평택시 팽성읍 객사리 88-2,36.965569,127.064853,1694,마라톤운동기+옆파도타기+온몸역기올리기+온몸허리돌리기+하늘걷기,모래포장+조합놀이대+흔들놀이,,,맹암거(간선)+맹암거(지선)+우수관+집수정,1994-04-04,경기도 평택시청,031-8024-4248,2024-03-08
41220-00153,가족 어린이공원,어린이공원,,경기도 평택시 비전동 885-1,36.992420,127.116668,2257,마라톤운동기+배드민턴대+배드민턴장+옆파도타기+온몸허리돌리기+하늘걷기,그네+그네보호대+모래포장+조합놀이대(철거)+흔들놀이,화장실,,소화전+집수정,1994-01-11,경기도 평택시청,031-8024-4248,2024-03-08
41220-00154,가족(제2호) 어린이공원(영신지구),어린이공원,,경기도 평택시 동삭동 산88-1,37.020748,127.079647,2681,,,,,,2010-01-29,경기도 평택시청,031-8024-4248,2024-03-08
41220-00155,개나리 어린이공원,어린이공원,,경기도 평택시 동삭동 695-8,37.008235,127.095028,2322,온몸노젓기+온몸역기올리기+온몸허리돌리기,고무칩(적색)+시소+조합놀이대+체력단련대+회전놀이대+흔들놀이,,,맹암거+수목틀경계석 설치+우수관+집수정,2005-01-05,경기도 평택시청,031-8024-4248,2024-03-08
41220-00156,거꾸로 어린이공원(지제세교지구),어린이공원,경기도 평택시 비전로 27 (비전동),경기도 평택시 비전동 610-1,36.995889,127.093712,2210,어깨근육풀기+온몸역기내리기+온몸허리돌리기+하늘걷기,그네+그네보호대+모래포장+조합놀이대+흔들놀이,음수전,,산마루측구+우수관+원형수로관+자연석쌓기+집수정,1989-08-30,경기도 평택시청,031-8024-4248,2024-03-08
41220-00157,건지 어린이공원,어린이공원,,경기도 평택시 소사동 525,36.989393,127.124254,1480,,그네+시소+조합놀이대+탄성고무칩포장,,,,2005-05-09,경기도 평택시청,031-8024-4248,2024-03-08
41220-00158,경남아너스빌 어린이공원,어린이공원,,경기도 평택시 소사동 23-4,36.988838,127.130491,2754,,,,,,2011-07-14,경기도 평택시청,031-8024-4248,2024-03-08
41220-00159,골목길 어린이공원(용죽지구),어린이공원,,경기도 평택시 비전동 879-2,36.994734,127.115778,2638.6,옆파도타기+온몸근육풀기+온몸노젓기+온몸허리돌리기+하늘걷기,그네+그네보호대+모래테이블+모래포장+조합놀이대+흔들놀이,,,맹암거(간선)+맹암거(지선)+배수관+벤치플륨관+자연석쌓기+집수정,1994-01-11,경기도 평택시청,031-8024-4248,2024-03-08
41220-00160,광말 어린이공원,어린이공원,,경기도 평택시 팽성읍 송화리 778-1,36.963975,127.059345,1558,마라톤운동기+옆파도타기+온몸근육풀기+온몸허리돌리기+윗몸일으키기+하늘걷기,모래포장+시소+조합놀이대,,,맹암거(간선)+맹암거(지선)+배수관+벤치플륨관+집수정,1999-03-19,경기도 평택시청,031-8024-4248,2024-03-08
41220-00161,그린 어린이공원(소사벌택지 11호),어린이공원,,경기도 평택시 비전동 969공,37.007471,127.104020,4115,다리뻗치기+등허리지압기+배드민턴장+배드민턴지주대+옆파도타기+하늘걷기,개미터널+고무칩포장+그네+그네보호대+미끄럼틀+시소+흔들놀이,,,우수관로+원형수로관+집수정,2007-11-07,경기도 평택시청,031-8024-4248,2024-03-08
41220-00162,긴둥골 어린이공원(안중지구 택지개발),어린이공원,,경기도 평택시 신대동 418-9,36.995260,127.066754,2129,어깨근육풀기+옆파도타기+온몸역기내리기+온몸허리돌리기+족구장+족구지주+하늘걷기,고무칩포장+조합놀이대+흔들놀이,,,맹암거(간선)+맹암거(지선)+빗물받이뚜겅+우수관+측구수로관+트렌치뚜껑,2016-02-29,경기도 평택시청,031-8024-4248,2024-03-08
41220-00163,길마 어린이공원(청북지구 택지개발),어린이공원,,경기도 평택시 합정동 908-4,36.989860,127.102063,2031,다리근육풀기+등허리지압기+옆파도타기+온몸근육풀기+온몸허리돌리기+하늘걷기,그네+그네보호대+모래포장+시소+조합놀이대+흔들놀이,음수전,,공원기둥+집수정,1993-12-03,경기도 평택시청,031-8024-4248,2024-03-08
41220-00164,꼬불길 어린이공원(지제세교지구),어린이공원,,경기도 평택시 용이동 749-1번지,37.001736,127.148257,2359,마라톤운동+하늘걷기+허리돌리기,그네+놀이시설 경계+시소+조합놀이대+흔들놀이,,,수목보호홀덮개+연결관+우수관+원형맨홀+원형수로관+원형수로관집수정+집수정,2010-09-27,경기도 평택시청,031-8024-4248,2024-03-08
41220-00165,꽃잎소리 어린이공원(소사벌택지 9호),어린이공원,,경기도 평택시 팽성읍 안정리 43-4,36.964653,127.045679,4858.3,다리뻗치기+옆파도타기+온몸근육풀기+온몸허리돌리기+윗몸일으키기+하늘걷기,고무칩포장+그네+그네보호대+모래포장+시소(2인용)+조합놀이대+흔들놀이,음수대,,스탠드+원심력수로관+원형플랜터A+집수정+집수정연결관A+트랜치,2010-12-09,경기도 평택시청,031-8024-4248,2024-03-08
41220-00166,꿈동산 어린이공원(소사벌택지 3호),어린이공원,,경기도 평택시 동삭동 575-1,37.020082,127.083718,2269,,,,,,2010-01-29,경기도 평택시청,031-8024-4248,2024-03-08
41220-00167,나비 어린이공원(소사벌택지 2호),어린이공원,,경기도 평택시 용이동 300-2번지,36.990964,127.121355,3613,옆파도운동+오금펴기운동+하늘걷기운동+허리돌리기운동,그네놀이대+놀이시설 경계+시소놀이대,자전거보관대,,배수관+집수정,2010-11-24,경기도 평택시청,031-8024-4248,2024-03-08
41220-00168,낙촌 어린이공원,어린이공원,,경기도 평택시 통복동 22-2,36.998618,127.083086,1567,,,,,,2016-08-12,경기도 평택시청,031-8024-4248,2024-03-08
41220-00169,내일 4호 어린이공원(모산영신지구),어린이공원,,경기도 평택시 용이동 593-3,36.999606,127.131558,3951,마라톤운동기+옆파도타기+하늘걷기,고무칩포장+그네+그네보호대+시소+조합놀이대+흔들놀이,자전거거치대,,,2010-09-24,경기도 평택시청,031-8024-4248,2024-03-08
41220-00170,노래비 1호 어린이공원(모산영신지구),어린이공원,,경기도 평택시 비전동 752-13,36.994051,127.100670,985,마라톤운동기+옆파도타기+온몸근육풀기+온몸허리돌리기+이형판석포장+하늘걷기,그네+모래포장+조합놀이대+흔들놀이,,,공원조형탑+집수정,1990-04-12,경기도 평택시청,031-8024-4248,2024-03-08
41220-00171,노루댕이 어린이공원(장당 3호),어린이공원,경기도 평택시 지제동삭1로 163 (동삭동 더샵지제역센트럴파크1BL아파트),경기도 평택시 동삭동 412-14,37.016004,127.090542,1887,,,,,,2009-09-30,경기도 평택시청,031-8024-4248,2024-03-08
41220-00172,노와이주 어린이공원(노와이주단지 12호),어린이공원,,경기도 평택시 용이동 485-1,37.000023,127.148210,1805,마라톤운동기+온몸근육풀기+온몸역기내리기+온몸허리돌리기+윗몸일으키기+탄성고무칩포장,그네+그네보호대+조합놀이대+탄성고무칩포장+흔들놀이,,,집수정+흉관,2003-12-04,경기도 평택시청,031-8024-4248,2024-03-08
41220-00173,놀이 어린이공원(서재지구 80호),어린이공원,,경기도 평택시 용이동 447-1,36.998348,127.139361,1849,마라톤운동기+옆파도타기+온몸근육풀기+윗몸일으키기+탄성고무칩포장,그네+그네보호대+시소+조합놀이대+탄성고무칩포장+흔들놀이,,,집수정+흉관,2003-12-04,경기도 평택시청,031-8024-4248,2024-03-08
41220-00174,농성 어린이공원(안정2호 근린공원),어린이공원,,경기도 평택시 용이동 459-1,36.996513,127.140007,1914,,고무매트포장+구름사다리+그네+그네보호대+사다리놀이기+시소+조합놀이대+흔들놀이,,,수목보호홀덮개,2003-12-04,경기도 평택시청,031-8024-4248,2024-03-08
41220-00175,높은들 어린이공원,어린이공원,,경기도 평택시 용이동 453-4,36.995507,127.136516,2589,농구대+농구장+옆파도타기+온몸허리돌리기+윗몸일으키기,고무칩포장+그네+그네보호대+조합놀이대+흔들놀이,,,집수정+흉관,2003-12-04,경기도 평택시청,031-8024-4248,2024-03-08
41220-00176,늘푸른 어린이공원,어린이공원,,경기도 평택시 비전동 1047공,37.002497,127.111008,1688,옆파도타기+온몸허리돌리기+하늘걷기,고무칩포장+엑스시소+조합놀이대+흔들놀이,,,우수관로+집수정,2007-11-07,경기도 평택시청,031-8024-4248,2024-03-08
41220-00177,늘푸른안정 어린이공원,어린이공원,,경기도 평택시 세교동 555-1,37.001829,127.086017,1597.4,농구대+농구장+다리뻗치기+어깨근육풀기+옆파도타기+온몸허리돌리기+하늘걷기,그네+그네보호대+모래포장+시소+흔들놀이,화장실,,집수정,1992-03-13,경기도 평택시청,031-8024-4248,2024-03-08
41220-00178,대동 어린이공원(소사3지구),어린이공원,,경기도 평택시 신대동 184-9,37.000529,127.058007,1500,,,,,,2016-02-29,경기도 평택시청,031-8024-4248,2024-03-08
41220-00179,대장골 어린이공원(청북지구 택지개발),어린이공원,,경기도 평택시 비전동 803,36.998698,127.101299,5081,다리쭉뻗기+허리돌리기+배드민턴장+배드민턴지주대+어깨근육풀기+상체근육풀기+크로스컨츄리+전신하늘걷기,그네+모래테이블+모래포장+시소+조합놀이대+흔들놀이,음수전+화장실+휠체어경사로,,각관지주대+기존소나무 수목보호판+맹암거(간선)+맹암거(지선)+빗물받이+옹벽+와이어형지주대+우수관+집수정+트랜치,1989-07-20,경기도 평택시청,031-8024-4248,2024-03-08
41220-00180,도곡 어린이공원(포승공단),어린이공원,,경기도 평택시 비전동 798-1,37.000145,127.097266,2436,마라톤운동기+옆파도타기+온몸근육풀기+온몸허리돌리기+윗몸일으키기+하늘걷기,그네+그네보호대+모래포장+시소+원형사다리놀이+조합놀이대+흔들놀이,화장실,,집수정,1989-07-20,경기도 평택시청,031-8024-4248,2024-03-08
41220-00181,도화동 어린이공원(안중지구 택지개발),어린이공원,,경기도 평택시 세교동 230-59,37.006571,127.076627,1819,다리뻗치기+옆파도타기+마라톤운동+온몸허리돌리기+어깨근육풀기+하늘걷기+온몸노젓기+하늘걷기,모래포장+시소+조합놀이대+흔들놀이,,,맹암거(간선)+맹암거(지선)+수목보호대+집수정+흉관,2002-05-02,경기도 평택시청,031-8024-4248,2024-03-08
41220-00182,돌우물 어린이공원,어린이공원,,경기도 평택시 죽백동 778-1공,37.005663,127.120216,1562.3,롤링웨이스트(일반형)+스텝싸이클+체어웨이트+트윈트위스트,고무칩포장+사자 스텝퍼+원숭이 매달리기+조합놀이대+캥거루허리돌리기+흔들놀이,,,우수관로+원형수로관+조립식배수로+집수정+측구수로관(포장용),2011-12-30,경기도 평택시청,031-8024-4248,2024-03-08
41220-00183,돌패기 어린이공원(청북지구 택지개발),어린이공원,,경기도 평택시 비전동 826,36.996461,127.108229,5322,마라톤운동기+옆파도타기+온몸근육풀기+온몸역기올리기+온몸허리돌리기+하늘걷기,고무칩포장+조합놀이대+흔들놀이,화장실,,L형측구+맹암거(간선)+맹암거(지선)+빗물받이+우수관+자연석쌓기+집수정+하수관천공접합,1989-07-20,경기도 평택시청,031-8024-4248,2024-03-08
41220-00184,동령 어린이공원,어린이공원,,경기도 평택시 합정동 921-1,36.989147,127.099840,1632.8,등허리지압기+마라톤운동+옆파도타기+온몸근육풀기+온몸허리돌리기,그네(2인용)+그네보호대 +시소(4인용)+조합놀이대+흔들놀이대,,,집수정,1993-12-03,경기도 평택시청,031-8024-4248,2024-03-08
41220-00185,동막골(동구재) 어린이공원,어린이공원,,경기도 평택시 합정동 930-1,36.987735,127.103446,1974.1,온몸근육풀기+하늘걷기+허리돌리기,그네(2인용)+시소(2인용)+조합놀이대,,,PE빗물받이+집수정+측구수로관,1989-08-30,경기도 평택시청,031-8024-4248,2024-03-08
41220-00186,동부 105호 어린이공원(신촌지구),어린이공원,,경기도 평택시 세교동 557-1,37.003313,127.083109,1604.3,농구대+농구장,그네+그네보호대+모래포장+조합놀이대+흔들놀이,화장실,,배수로+집수정,1992-03-13,경기도 평택시청,031-8024-4248,2024-03-08
41220-00187,동부 106호 어린이공원(신촌지구),어린이공원,,경기도 평택시 팽성읍 추팔리 396-2,36.957551,127.078011,8329,축구대+축구장,,음수대+화장실,,집수정+측구수로,2000-10-24,경기도 평택시청,031-8024-4248,2024-03-08
41220-00188,동삭 어린이공원(동삭지구),어린이공원,,경기도 평택시 합정동 749,36.991862,127.096174,1990,마라톤운동기+어깨근육풀기+온몸허리돌리기+윗몸일으키기+하늘걷기,그네+그네보호대+모래포장+시소+조합놀이대+흔들놀이,,,집수정,1990-04-12,경기도 평택시청,031-8024-4248,2024-03-08
41220-00189,동일 어린이공원,어린이공원,,경기도 평택시 통복동 73,36.998423,127.085552,2821,농구대+농구장+등허리지압기+발바닥지압대(반원형)+어깨근육풀기+옆파도타기+온몸역기내리기+온몸허리돌리기+윗몸일으키기+철봉+하늘걷기,고무칩포장+그네+그네보호대+시소+조합놀이대,화장실,,수목보호대+오수관+조형석+조형탑(봉사의탑)+집수정+흉관,1989-08-30,경기도 평택시청,031-8024-4248,2024-03-08
41220-00190,두릉이주 어린이공원,어린이공원,,경기도 평택시 팽성읍 안정리 169-50,36.959505,127.047945,6173,다리근육풀기+마라톤운동기+옆파도타기+온몸근육풀기+온몸노젓기+온몸역기올리기+온몸허리돌리기+철봉+하늘걷기,고무칩포장+그네+그네보호대+조합놀이대+흔들놀이,음수전+화장실,,맹암거+배수관+옹벽+자연석쌓기+집수정+트랜치,1975-07-12,경기도 평택시청,031-8024-4248,2024-03-08
41220-00191,둔터 어린이공원(청북지구 택지개발),어린이공원,,경기도 평택시 팽성읍 송화리 770-1,36.963502,127.054582,1616,농구대+농구장+마라톤운동기+옆파도타기+온몸근육풀기+온몸허리돌리기+하늘걷기,그네+그네보호대+모래포장+시소+조합놀이대,,,수목보호대+집수정,1999-03-19,경기도 평택시청,031-8024-4248,2024-03-08
41220-00192,둥실봉 어린이공원,어린이공원,,경기도 평택시 합정동 774,36.990515,127.105605,1985,어깨근육풀기+옆파도타기+온몸허리돌리기+하늘걷기,그네+그네보호대+모래막이+모래포장+시소(2인용)+조합놀이대+흔들놀이,,,PE이중벽관+수목보호틀+집수정+트랜치,1990-04-12,경기도 평택시청,031-8024-4248,2024-03-08
41220-00193,뒷동산 어린이공원(소사벌택지 5호),어린이공원,,경기도 평택시 동삭동 429-1,37.017869,127.087190,2320,,,,,,2009-09-30,경기도 평택시청,031-8024-4248,2024-03-08
41220-00194,롯데인벤스 어린이공원,어린이공원,,경기도 평택시 죽백동 748공,37.004445,127.113983,1776.1,롤링웨이스트(일반형)+배드민턴장+배드민턴지주대+크로스컨트리+트윈트위스트,고무칩포장+조합놀이대+흔들놀이,,,우수관로+원형수로관+집수정,2007-11-07,경기도 평택시청,031-8024-4248,2024-03-08
41220-00195,모산골 어린이공원(동삭2지구),어린이공원,,경기도 평택시 동삭동 714,37.009731,127.100923,2322,,고무칩포장+조합놀이대+흔들놀이,,,수목보호덮개+수목보호받침틀+우수관+집수정,2005-01-05,경기도 평택시청,031-8024-4248,2024-03-08
41220-00196,모험 어린이공원(소사벌택지 4호),어린이공원,,경기도 평택시 합정동 881,36.990793,127.119713,1483,마라톤운동기+어깨근육풀기+상체근육풀기+온몸들어올리기+온몸역기내리기+온몸허리돌리기,그네+모래포장+조합놀이대+흔들놀이,,,PE 빗물받이+맹암거(간선)+맹암거(지선)+우수관+집수정+측구수로관+횡단배수로,1996-11-13,경기도 평택시청,031-8024-4248,2024-03-08
41220-00197,무동 어린이공원(소사2지구),어린이공원,,경기도 평택시 합정동 902-4,36.988787,127.105013,1516,옆파도타기+온몸근육풀기+온몸허리돌리기,고무칩포장+그네+조합놀이대+흔들놀이,,,부엉이가족+스틸그레이팅+스틸그레이팅 받침+우수관+우수배수+자연석쌓기+집수정+횡단배수로,1993-12-03,경기도 평택시청,031-8024-4248,2024-03-08
41220-00198,무지개 어린이공원,어린이공원,,경기도 평택시 합정동 830,36.989137,127.091306,1500,,,,,,1988-01-08,경기도 평택시청,031-8024-4248,2024-03-08
41220-00199,문화촌 어린이공원,어린이공원,,경기도 평택시 합정동 836,36.990232,127.096101,1500,다리뻗치기+마라톤운동기+옆파도타기+온몸노젓기+온몸허리돌리기+운동장+철봉(3인용)+하늘걷기,모래포장+조합놀이대+흔들놀이,,,맹암거(간선)+맹암거(지선)+우수관+집수정,1988-01-08,경기도 평택시청,031-8024-4248,2024-03-08
41220-00200,물결 어린이공원(소사벌택지 6호),어린이공원,,경기도 평택시 세교동 560-1,37.001993,127.079310,1525,등허리지압기+온몸허리돌리기+하늘걷기,고무칩포장+그네+그네보호대+모래포장+조합놀이대+하늘과자연의 소리+흔들놀이,화장실,,조형물옹벽+집수정,1992-03-13,경기도 평택시청,031-8024-4248,2024-03-08
41220-00201,물방울(동부84호) 어린이공원(세교지구단위),어린이공원,,경기도 평택시 합정동 871-5,36.989920,127.116372,1500,마라톤운동기+배드민턴대+배드민턴장+온몸근육풀기+온몸노젓기+온몸허리돌리기+철봉+하늘걷기,그네+그네보호대+모래포장+조합놀이대+흔들놀이,,,PE 빗물받이+맹암거(간선)+맹암거(지선)+스틸그레이팅+우수관+자연석쌓기+집수정+측구수로관,1996-11-13,경기도 평택시청,031-8024-4248,2024-03-08
41220-00070,현촌한마음 문화공원(현촌지구),문화공원,,경기도 평택시 용이동 596-7공,36.998927,127.133623,6694.9,마라톤운동기+어깨근육풀기+옆파도타기+온몸허리돌리기+하늘걷기,,자전거거치대+화장실,,집수정+트랜치+흉관,2010-09-24,경기도 평택시청,031-8024-4248,2024-03-08
41220-00265,고덕 1호 문화공원 (고덕국제화지구),문화공원,,경기도 평택시 고덕면 율포리 356-9잡,37.054885,127.034647,148156,,,,,,2013-01-04,경기도 평택시청,031-8024-4248,2024-03-08
41220-00204,노와이주단지 체육공원(노와지구),체육공원,,경기도 평택시 팽성읍 노와리 456공,36.947202,127.090014,18000.6,등허리지압기+배드민턴지주대+옆파도타기+온몸근육풀기+온몸노젓기+온몸역기올리기+온몸허리돌리기+운동장+하늘걷기,,음수전+화장실,,상수관+스탠드+우수관+원심력사각수로관+유공관+자연석쌓기+잔디수로+제수변+집수정+측구수로관,2008-10-23,경기도 평택시청,031-8024-4248,2024-03-08
41220-00205,11호 근린공원(고덕국제화지구  해창리),근린공원,,경기도 평택시 고덕면 해창리 531답,37.038837,127.016067,61914,,,,,,2013-01-04,경기도 평택시청,031-8024-4248,2024-03-08
41220-00206,13호 근린공원(고덕국제화지구 좌교리),근린공원,,경기도 평택시 고덕면 좌교리 산35-4임,37.044113,127.032301,673747,,,,,,2013-01-04,경기도 평택시청,031-8024-4248,2024-03-08
41220-00207,14호 근린공원(고덕국제화지구  해창리),근린공원,,경기도 평택시 고덕면 해창리 361-1전,37.032926,127.019145,19999,,,,,,2013-01-04,경기도 평택시청,031-8024-4248,2024-03-08
41220-00208,2호 근린공원(고덕국제화지구 서정동),근린공원,,경기도 평택시 서정동 608-2답,37.072141,127.042956,186797,,,,,,2013-01-04,경기도 평택시청,031-8024-4248,2024-03-08
41220-00209,3호 근린공원(고덕국제화지구 당현리),근린공원,,경기도 평택시 고덕면 당현리 457답,37.059962,127.034466,70920,,,,,,2013-01-04,경기도 평택시청,031-8024-4248,2024-03-08
41220-00210,4호 근린공원(고덕국제화지구 두릉리),근린공원,,경기도 평택시 고덕면 두릉리 산32-5임,37.058820,127.021191,23246,,,,,,2013-01-04,경기도 평택시청,031-8024-4248,2024-03-08
41220-00211,5호 근린공원(고덕국제화지구 율포리),근린공원,,경기도 평택시 고덕면 율포리 512-6잡,37.051142,127.019873,38267,,,,,,2013-01-04,경기도 평택시청,031-8024-4248,2024-03-08
41220-00212,6호 근린공원(고덕국제화지구 좌교리),근린공원,,경기도 평택시 고덕면 좌교리 433-52전,37.046797,127.018503,59444,,,,,,2013-01-04,경기도 평택시청,031-8024-4248,2024-03-08
41220-00213,7호 근린공원(고덕국제화지구 두릉리),근린공원,,경기도 평택시 고덕면 두릉리 576임,37.053903,127.017266,26170,,,,,,2013-01-04,경기도 평택시청,031-8024-4248,2024-03-08
41220-00214,8호 근린공원(고덕국제화지구 두룡리),근린공원,,경기도 평택시 고덕면 두릉리 547-1번,37.050157,127.015155,36470,,,,,,2013-01-04,경기도 평택시청,031-8024-4248,2024-03-08
41220-00215,9호 근린공원(고덕국제화지구 율포리),근린공원,,경기도 평택시 고덕면 율포리 539-5장,37.047085,127.014586,22200,,,,,,2013-01-04,경기도 평택시청,031-8024-4248,2024-03-08
41220-00216,LG Digital Park일반산업단지 근린공원,근린공원,경기도 평택시 진위면 엘지로 222,경기도 평택시 진위면 청호리 367,37.128946,127.091568,19939.5,체력단련시설+체력단련장1+체력단련장2,,,,도수로+벤치플륨관+산마루측구+우배수시설+우수맨홀+우수받이+우수받이연결관+절토구간+집수정+집수정연결관,2013-09-11,경기도 평택시청,031-8024-4248,2024-03-08
41220-00217,가곡 근린공원,근린공원,경기도 평택시 진위면 가곡1길 39,경기도 평택시 진위면 가곡리 70-1,37.112580,127.087180,18268,,,,,,2006-06-13,경기도 평택시청,031-8024-4248,2024-03-08
41220-00218,갈곶 근린공원(진위제2산업단지),근린공원,,경기도 평택시 진위면 갈곶리 118,37.123960,127.079289,12781,다리뻗치기+마라톤운동+어깨근육풀기+역기내리기+역기올리기+인조잔디 라인마킹(풋살장 시설 및 포장)+풋살골대(이동식)(풋살장 시설 및 포장)+풋살장+하늘걷기,,음수전+자전거보관대+화장실,,DRAIN Valve+Q.C Valve+U형 플륨관+급수관+맹암거 간선+맹암거 간선(풋살장 우배수)+맹암거 지선+맹암거 지선(풋살장 우배수)+스틸그레이팅(풋살장 시설 및 포장)+연결관+오수받이(PE)+자연석쌓기B+잔디수로+제수변+집수정+집수정(풋살장 우배수)+측구수로관(풋살장 우배수),2013-12-05,경기도 평택시청,031-8024-4248,2024-03-08
41220-00219,견산 근린공원,근린공원,,경기도 평택시 진위면 견산리 산9임,37.107238,127.077771,53243,,,,,,2006-06-13,경기도 평택시청,031-8024-4248,2024-03-08
41220-00220,궁2리 근린공원(궁리2지구),근린공원,,경기도 평택시 고덕면 궁리 산32,37.022288,127.035645,19409,,,,,,2016-04-28,경기도 평택시청,031-8024-4248,2024-03-08
41220-00221,모곡 근린공원,근린공원,경기도 평택시 산단로52번길 21 (모곡동),경기도 평택시 모곡동 444,37.035404,127.075836,27546.6,게이트볼장+온몸근육풀기+온몸허리돌리기+윗몸일으키기+축구대+축구장+테니스 네트대+테니스 심판대+테니스장+하늘걷기,,자전거거치대+주차장+화장실,,PE 빗물받이+공단준공기념비+우수관+조회대+트랜치+하수관천공접합,1988-04-23,경기도 평택시청,031-8024-4248,2024-03-08
41220-00222,반지산(돌산) 근린공원,근린공원,,경기도 평택시 이충동 662,37.058844,127.064732,25136.2,다리뻗치기+등허리지압기+배드민턴장+배드민턴지주대+온몸근육풀기+온몸허리돌리기+지압보도,고무매트포장+조합놀이대,화장실,,PE 빗물받이+U형측구+맨홀+맨홀뚜껑+배수관+배수로+산석경계벽+상수관+오수관+옹벽+자연석쌓기+집수정+플륨관,2002-05-29,경기도 평택시청,031-8024-4248,2024-03-08
41220-00223,봉골 근린공원(고덕일반산업단지),근린공원,,경기도 평택시 고덕면 여염리 1683공,37.026177,127.063527,115620.2,다목적운동장,,음수전+자전거보관대+화장실,,L형측구+PE빗물받이+QC밸브+배수관(PE이중벽관)+배수관(PVC PIPE)+상수관로+오수관로(PE이중벽관)+집수정A+측구B+측구수로관+측구수로관A,2010-11-16,경기도 평택시청,031-8024-4248,2024-03-08
41220-00224,봉남 근린공원,근린공원,,경기도 평택시 진위면 봉남리 산22-1,37.105507,127.092851,99999,,,,,,2006-06-13,경기도 평택시청,031-8024-4248,2024-03-08
41220-00225,부락산분수 근린공원,근린공원,,경기도 평택시 이충동 279-1,37.065121,127.067652,161070,농구대+등허리지압기+마라톤운동기+옆파도타기+온몸역기올리기+온몸근육풀기+온몸허리돌리기+윗몸일으키기+철봉+평행봉+온몸역기내리기+하늘걷기,,음수전+화장실,,소화전+시계탑+옹벽+집수정+컨츄리매너 옹벽+트랜치,2010-12-30,경기도 평택시청,031-8024-4248,2024-03-08
41220-00226,상서재 근린공원(동삭2지구),근린공원,,경기도 평택시 칠원동 산56,37.022294,127.098857,16326,,,,,,2013-05-08,경기도 평택시청,031-8024-4248,2024-03-08
41220-00227,상서재서초 근린공원(동삭2지구),근린공원,,경기도 평택시 칠원동 산63,37.035098,127.105155,13005,,,,,,2013-05-08,경기도 평택시청,031-8024-4248,2024-03-08
41220-00228,서정 근린공원,근린공원,,경기도 평택시 서정동 201-7 201-8,37.063181,127.060854,18910,거꾸로매달리기+건너기+다리뻗치기+다리올리기+등치기+등허리지압기+마라톤운동기+벤치프레스+어깨근육풀기+옆파도타기+오금펴기+온몸노젓기+온몸역기올리기+온몸허리돌리기+윗몸일으키기+철봉+평행봉+하늘걷기,,음수전+화장실,,옹벽+자연석쌓기+집수정+측량기준점+트랜치+현충탑,1966-08-31,경기도 평택시청,031-8024-4248,2024-03-08
41220-00229,석정 근린공원,근린공원,,경기도 평택시 이충동 산81-1,37.056071,127.061922,321558,,,,,,1987-05-11,경기도 평택시청,031-8024-4248,2024-03-08
41220-00230,송탄 근린공원,근린공원,,경기도 평택시 지산동 산 182-3,37.078655,127.059925,182249,게이트볼장+고무매트포장+넓적다리펴기운동+농구대+다리올리기+등부딪히기+등허리지압기+마라톤운동기+매달리기+배드민턴장+배드민턴지주대+벤치프레스+옆파도타기+오금펴기+온몸노젓기+온몸근육풀기+온몸노젓기+온몸역기내리기+온몸허리돌리기+윗몸일으키기+인라인스케이트장+자유철봉+지압보도+철봉+링+팔굽혀피기+평행봉+하늘걷기,고무매트포장+고무칩포장+구름사다리+그네+그네보호대+시소+조합놀이대+흔들놀이,급수전+음수대+자전거거치대+주차장+화장실,,무덤+배수로+옹벽+자연석쌓기+트랜치,1976-12-18,경기도 평택시청,031-8024-4248,2024-03-08
41220-00231,수촌 근린공원(수촌지구),근린공원,,경기도 평택시 칠원동 313-1,37.019440,127.109343,12249,,,,,,2009-12-16,경기도 평택시청,031-8024-4248,2024-03-08
41220-00232,신장 근린공원,근린공원,경기도 평택시 신장로 124 (신장동),경기도 평택시 신장동 370-2,37.085894,127.051198,89174,2단 철봉+게이트볼장+농구대(이동식)+농구장+다리뻗치기+등허리지압기+마라톤운동기+벤치프레스+어깨근육풀기+옆파도타기+온몸근육풀기+온몸노젓기+온몸역기올리기+온몸허리돌리기+윗몸일으키기+인라인스케이트장+족구장+족구지주+하늘걷기,고무칩포장+그네+모형기차+조합놀이대,음수전+자전거보관대+화장실,,빗물받이+수목보호대+옹벽+우수관+준공기념비+측구수로,1987-05-11,경기도 평택시청,031-8024-4248,2024-03-08
41220-00233,신촌 새말 근린공원(신촌지구 동부 101호),근린공원,,경기도 평택시 칠원동 산36-36,37.024067,127.104973,12317,,,,,,2009-12-16,경기도 평택시청,031-8024-4248,2024-03-08
41220-00234,여염 근린공원(고덕일반산업단지),근린공원,,경기도 평택시 고덕면 여염리 1650공,37.030820,127.055173,56087.7,생활체육시설 A(온몸돌리기)+생활체육시설 B(마라톤운동)+생활체육시설 C(온몸노젖기)+생활체육시설 D(윗몸일으키기)+생활체육시설 E(공중걷기)+생활체육시설 F(옆파도타기),,램프+램프뒤 자갈채움+화장실,,PE빗물받이+경관옹벽+배수관(PE이중벽관)+상수관로+수로관덮개 C+시설물표찰+식수대 화산석포설+오수관로+오수맨홀(원형)+자연석쌓기 A+집수정A+집수정B+측구A+측구수로관+측구수로관A+측구수로관B,2010-11-16,경기도 평택시청,031-8024-4248,2024-03-08
41220-00235,장당(석정) 근린공원,근린공원,,경기도 평택시 장당동 636 636-2,37.052747,127.063266,1958,농구대+마라톤운동기+배드민턴장+배드민턴지주대+온몸역기내리기+온몸역기올리기+온몸허리돌리기+하늘걷기,,자전거보관대,,L형측구+PE 빗물받이+U형측구+공원등기초+기념비석+빗물받이+스틸그레이팅+우수관+자연석쌓기+잔디수로+전선관+집수정+트랜치+하수관천공접합,2005-03-07,경기도 평택시청,031-8024-4248,2024-03-08
41220-00236,장당택지 근린공원,근린공원,,경기도 평택시 이충동 615,37.050776,127.057345,10254.6,다리뻗치기+마라톤운동기+양팔줄당기기+온몸허리돌리기+윗몸일으키기+지압보도+하늘걷기,고무칩포장+그네+시소+조합놀이대,음수전+자전거거치대+화장실,관람대,비만탈출코끼리 조형물+수목보호대+집수정+측량기준점+트랜치+화장실 경계벽,2002-10-25,경기도 평택시청,031-8024-4248,2024-03-08
41220-00237,장안하늘채 근린공원(동부 25호),근린공원,,경기도 평택시 장안동 621,37.057621,127.077627,10088.5,다리올리기+마라톤운동기+옆파도타기+온몸근육풀기+온몸노젓기+평행봉+하늘걷기,모래놀이집+모래포장+시소+조합놀이대+흔들놀이,자전거거치대(10대)+화장실,,수목보호덮개+집수정+트랜치,1996-12-17,경기도 평택시청,031-8024-4248,2024-03-08
41220-00238,제1호 근린공원(가재지구),근린공원,경기도 평택시 가재길 52 (가재동),경기도 평택시 가재동 436-1,37.044253,127.075250,25600,,,,,,2011-11-25,경기도 평택시청,031-8024-4248,2024-03-08
41220-00239,제1호 근린공원(브레인시티 일반산업단지),근린공원,,경기도 평택시 장안동 204-2,37.052902,127.087992,29646,,,,,,2010-03-15,경기도 평택시청,031-8024-4248,2024-03-08
41220-00240,제2호 근린공원(가재지구),근린공원,경기도 평택시 막곡길 45-14 (가재동),경기도 평택시 가재동 산58-1,37.042392,127.083782,16340,,,,,,2011-11-25,경기도 평택시청,031-8024-4248,2024-03-08
41220-00241,제2호 근린공원(브레인시티 일반산업단지),근린공원,경기도 평택시 삼남로 351 (장안동),경기도 평택시 장안동 61-4,37.056557,127.092852,13757,,,,,,2010-03-15,경기도 평택시청,031-8024-4248,2024-03-08
41220-00242,제3호 근린공원(브레인시티 일반산업단지),근린공원,,경기도 평택시 장안동 산130,37.050579,127.092787,15005,,,,,,2010-03-15,경기도 평택시청,031-8024-4248,2024-03-08
41220-00243,진위 근린공원,근린공원,경기도 평택시 진위면 견산1길 17-10,경기도 평택시 진위면 견산리 산16,37.109273,127.074837,36636,,,,,,2006-06-13,경기도 평택시청,031-8024-4248,2024-03-08
41220-00244,진위산업단지 근린공원,근린공원,경기도 평택시 진위면 진위산단로 53-21,경기도 평택시 진위면 청호리 342-4,37.122825,127.082002,12100.1,농구대+농구장+온몸역기올리기+온몸허리돌리기+윗몸일으키기+족구네트걸이+풋살골대,,음수전+화장실,,공사 기념비+수목보호대+집수정+트랜치,2006-09-18,경기도 평택시청,031-8024-4248,2024-03-08
41220-00245,충의 근린공원,근린공원,,경기도 평택시 이충동 692,37.059477,127.071108,14181.6,네트걸이대+다리뻗치기+등허리지압기+마라톤운동기+배드민턴장+옆파도타기+윗몸일으키기+지압길 포장+하늘걷기,고무매트포장+조합놀이대,화장실,,U형측구+수목보호덮개+옹벽+집수정+충의각 기념비+충의각 위령비+토사방지용 원주목경계+트랜치,2002-05-29,경기도 평택시청,031-8024-4248,2024-03-08
41220-00246,칠괴 근린공원,근린공원,,경기도 평택시 칠괴동 579-1,37.032169,127.088287,9895.7,2단 매달리기+다리올리기+링 매달리기+철봉+축구대+축구장,,자전거거치대+화장실,,집수정,1996-12-17,경기도 평택시청,031-8024-4248,2024-03-08
41220-00247,가곡5리 마을쉼터,기타,,경기도 평택시 진위면 가곡리 419-4,37.115643,127.072373,536,어깨근육풀기+온몸역기내리기+온몸허리돌리기,고무매트포장+조합놀이대,,,배수로+수목보호대+집수정,,경기도 평택시청,031-8024-4248,2024-03-08
41220-00248,견산1리 마을쉼터,기타,,경기도 평택시 진위면 견산리 409-1 410-1,37.108159,127.073751,264,어깨근육풀기+온몸역기내리기+온몸역기올리기+온몸허리돌리기+윗몸일으키기,고무칩포장+조합놀이대,램프,,집수정+트랜치,,경기도 평택시청,031-8024-4248,2024-03-08
41220-00249,견산2리 마을쉼터,기타,,경기도 평택시 진위면 견산리 24-3,37.107169,127.080433,234,온몸근육풀기+온몸역기내리기+윗몸일으키기,고무매트포장+조합놀이대,,,수목보호대,,경기도 평택시청,031-8024-4248,2024-03-08
41220-00250,견산3리 마을쉼터,기타,,경기도 평택시 진위면 견산리 372 396 373,37.109004,127.072384,1035,온몸근육풀기+온몸역기내리기+윗몸일으키기,고무매트포장+조합놀이대,,,반사경+배수로+집수정,,경기도 평택시청,031-8024-4248,2024-03-08
41220-00251,견산5리 마을쉼터,기타,,경기도 평택시 진위면 견산리 439-2,37.107212,127.072677,631,다리뻗치기+옆파도타기+온몸허리돌리기,고무칩포장+시소+조합놀이대,,,집수정,,경기도 평택시청,031-8024-4248,2024-03-08
41220-00252,고덕당현1리 마을쉼터,기타,,경기도 평택시 고덕면 당현리 341-1,37.065287,127.033445,1033,등허리지압기+마라톤운동기+온몸근육풀기+온몸노젓기+온몸역기올리기+온몸허리돌리기+족구대(이동식)+족구장,,,,맹암거(간선)+맹암거(지선)+빗물받이+산책로손잡이+우수관+원형수로관+집수정+측구수로관,,경기도 평택시청,031-8024-4248,2024-03-08
41220-00253,고덕문화마을2 마을쉼터,기타,,경기도 평택시 고덕면 해창리 1148-4,37.038078,127.014455,987.2,,,,,,2000-06-07,경기도 평택시청,031-8024-4248,2024-03-08
41220-00254,마두1리 마을쉼터,기타,,경기도 평택시 서탄면 마두리 40-3,37.109829,127.023405,576,온몸역기올리기+온몸허리돌리기+윗몸일으키기+지압자갈포장+하늘걷기,고무칩포장+조합놀이대,,,수목보호대+집수정+트랜치,,경기도 평택시청,031-8024-4248,2024-03-08
41220-00255,마산1리 마을쉼터,기타,,경기도 평택시 진위면 마산리 829-1,37.084656,127.084434,999,농구대+등허리지압기+어깨근육풀기+온몸허리돌리기+족구 네트대+족구장+지압길 포장,고무매트포장+그네+그네보호대+조합놀이대,,,,,경기도 평택시청,031-8024-4248,2024-03-08
41220-00256,목천 마을쉼터,기타,,경기도 평택시 신장동 327-15 327-14 326-5~7,37.083503,127.054172,451,마라톤운동기+발바닥지압걷기+어깨근육풀기+옆파도타기+온몸역기올리기+온몸허리돌리기,고무매트포장+조합놀이대+흔들놀이,,,소화전+집수정,,경기도 평택시청,031-8024-4248,2024-03-08
41220-00257,문곡1리 마을쉼터,기타,,경기도 평택시 고덕면 문곡리 419 419-1,37.066241,127.011993,1000,어깨근육풀기+온몸역기내리기+온몸허리돌리기+윗몸일으키기,고무매트포장+그네+그네보호대+조합놀이대,,,집수정,,경기도 평택시청,031-8024-4248,2024-03-08
41220-00258,수월암2리 마을쉼터,기타,,경기도 평택시 서탄면 수월암리 406 409 434-1,37.118986,127.034179,991,등허리지압기+어깨근육풀기+온몸허리돌리기+지압길 포장,고무매트포장+조합놀이대+흔들놀이,,,,,경기도 평택시청,031-8024-4248,2024-03-08
41220-00259,신리 마을쉼터,기타,,경기도 평택시 진위면 신리 126-3,37.097397,127.071037,793,등허리지압기+옆파도타기+온몸역기내리기+지압자갈포장+하늘걷기,고무칩포장+그네+조합놀이대,,,수목보호대+측구수로,,경기도 평택시청,031-8024-4248,2024-03-08
41220-00260,신흥 마을쉼터,기타,,경기도 평택시 신장동 646-8,37.086660,127.057540,738,등허리지압기+마라톤운동기+발바닥목재판걷기+발바닥지압기+어깨근육풀기+온몸역기올리기+온몸허리돌리기,,,,집수정,,경기도 평택시청,031-8024-4248,2024-03-08
41220-00261,적봉 마을쉼터,기타,,경기도 평택시 서정동 972,37.077714,127.042113,1002,마라톤운동기+발바닥지압걷기+어깨근육풀기+옆파도타기+온몸허리돌리기+족구대+족구장+탁구대(이동식)+하늘걷기,고무매트포장+그네+조합놀이대+흔들놀이,,,옹벽+집수정+트랜치,,경기도 평택시청,031-8024-4248,2024-03-08
41220-00262,하북2리 마을쉼터,기타,,경기도 평택시 진위면 하북리 187-12,37.104372,127.058457,999,온몸역기올리기+온몸허리돌리기+윗몸일으키기+지압길 포장+하늘걷기,고무칩포장+조합놀이대,,,U형측구+수목보호대,,경기도 평택시청,031-8024-4248,2024-03-08
41220-00263,하북3리 마을쉼터,기타,,경기도 평택시 진위면 하북리 350-11,37.099001,127.049593,999,등허리지압기+배드민턴장+온몸근육풀기+온몸역기내리기+온몸허리돌리기+하늘걷기,고무칩포장,화장실,,측구수로관,,경기도 평택시청,031-8024-4248,2024-03-08
41220-00264,회화리 마을쉼터,기타,,경기도 평택시 서탄면 회화리 133,37.095060,127.022973,960,등허리지압기+온몸노젓기+온몸역기내리기+온몸허리돌리기,고무칩포장+그네+그네보호대+조합놀이대,,,,,경기도 평택시청,031-8024-4248,2024-03-08
41220-00266,부락산 문화공원(동부 130호),문화공원,,경기도 평택시 지산동 519-4,37.071400,127.075284,101095,U형 네트브릿지+경사 사다리+등허리지압기+로그터널+마법다리+버마래더+버켓 브릿지+버티칼 네트+수평네트+스네이크 브릿지+스노우모바일+스윙플랫폼+스카이 버켓+스카이버마+스카이벌룬+스텝 브릿지+스틱타잔스윙+스파이더 웹+아일랜드+어깨근육풀기+온몸근육풀기+엑스크로스+옆파도타기+옆파도타기+하늘걷기+온몸근육풀기+온몸근육풀기+마라톤운동+온몸허리돌리기+윗몸일으키기+인디아나 브릿지+자유철봉+정글로프+지압보도+체스 브릿지+콤플렉스 래더+평행봉+플라이 짚+하늘걷기+해먹네트+행잉월,,음수전+자전거거치대+화장실,,기념비+자연석쌓기+측량기준점+트랜치,2013-04-15,경기도 평택시청,031-8024-4248,2024-03-08
41220-00468,문화공원 1호(황해경제구역 현덕지구),문화공원,,경기도 평택시 현덕면 장수리 300-9,36.936623,126.905903,29103,,,,,,2016-06-17,경기도 평택시청,031-8024-4248,2024-03-08
41220-00267,고덕문화마을1 소공원,소공원,,경기도 평택시 고덕면 해창리 1141-1,37.040265,127.014809,1230.4,농구대+온몸근육풀기+온몸허리돌리기+철봉+하늘걷기,그네+그네보호대+모래포장+조합놀이대,주차장,,공사조형기념비+배수로,2000-06-07,경기도 평택시청,031-8024-4248,2024-03-08
41220-00268,금암2리 소공원,소공원,,경기도 평택시 서탄면 금암리 469-8,37.110578,127.036043,1009,발바닥지압걷기+어깨근육풀기+옆파도타기+온몸노젓기+온몸역기내리기+온몸허리돌리기,,화장실,,PVC이중벽관+벤치플륨관+집수정,2012-06-14,경기도 평택시청,031-8024-4248,2024-03-08
41220-00269,동부19호 소공원,소공원,,경기도 평택시 도일동 525,37.053000,127.106322,303,,,,,,1996-12-17,경기도 평택시청,031-8024-4248,2024-03-08
41220-00270,상서재1호 소공원(동삭2지구),소공원,,경기도 평택시 칠원동 334-4,37.019276,127.106952,920,,,,,,2013-05-08,경기도 평택시청,031-8024-4248,2024-03-08
41220-00271,상서재2호 소공원(동삭2지구),소공원,,경기도 평택시 칠원동 337-1,37.019323,127.106823,1356,,,,,,2013-05-08,경기도 평택시청,031-8024-4248,2024-03-08
41220-00272,서정동 소공원(서정연립재건축),소공원,경기도 평택시 서정북로 100 (서정동 주공외인연립),경기도 평택시 서정동 780,37.069739,127.061914,4434.8,,,,,,2012-04-13,경기도 평택시청,031-8024-4248,2024-03-08
41220-00273,성두 소공원(고덕일반산업단지 소공원1),소공원,,경기도 평택시 고덕면 여염리 1665공,37.034796,127.043204,2280.1,생활체육시설 B+생활체육시설 C+생활체육시설 D,,자전거보관대,,벤치플륨관+스틸그레이팅+시설물표찰+집수정A,2010-11-16,경기도 평택시청,031-8024-4248,2024-03-08
41220-00274,소공원 1호 (송원 현대재건축),소공원,경기도 평택시 탄현로368번길 48 (독곡동 현대연립),경기도 평택시 독곡동 산69-3,37.084785,127.060812,990,,,,,,2010-10-21,경기도 평택시청,031-8024-4248,2024-03-08
41220-00275,수촌1 소공원(수촌지구),소공원,,경기도 평택시 칠원동 440-3,37.021725,127.105338,1704,,,,,,2009-12-16,경기도 평택시청,031-8024-4248,2024-03-08
41220-00276,신장지구 소공원,소공원,,경기도 평택시 신장동 170-3,37.085809,127.054661,2925,,,,,,2015-10-08,경기도 평택시청,031-8024-4248,2024-03-08
41220-00277,용우물 소공원(고덕일반산업단지 소공원3),소공원,,경기도 평택시 고덕면 여염리 1652공,37.038943,127.050892,2099.3,생활체육시설 B+생활체육시설 C+생활체육시설 D,,자전거보관대,,벤치플륨관+스틸그레이팅+시설물표찰+집수정A,2010-11-16,경기도 평택시청,031-8024-4248,2024-03-08
41220-00278,임주 소공원(고덕일반산업단지 소공원2),소공원,,경기도 평택시 고덕면 여염리 1666공,37.037126,127.048316,2238.5,생활체육시설 A+생활체육시설 E+생활체육시설 F,,자전거보관대,,배수관+벤치플륨관+스틸그레이팅+시설물표찰+집수정A,2010-11-16,경기도 평택시청,031-8024-4248,2024-03-08
41220-00279,장등1리 소공원,소공원,,경기도 평택시 서탄면 장등리 466-8,37.074458,127.023535,1084,마라톤운동기+매달려온몸회전하기+발바닥지압걷기+온몸노젓기+온몸역기올리기,고무매트포장+그네+조합놀이대+흔들놀이,,,배수로+집수정,2012-06-14,경기도 평택시청,031-8024-4248,2024-03-08
41220-00280,장등2리 소공원,소공원,,경기도 평택시 서탄면 장등리 451-9,37.073978,127.025434,1000,등허리지압기+발바닥지압걷기+어깨근육풀기+온몸역기내리기+온몸허리돌리기+윗몸일으키기,고무매트포장+그네+그네보호대+조합놀이대,,,집수정,2012-06-14,경기도 평택시청,031-8024-4248,2024-03-08
41220-00281,제5호 소공원(진위역),소공원,,경기도 평택시 진위면 하북리 140-11,37.110518,127.062712,1900,,,,,,2009-12-30,경기도 평택시청,031-8024-4248,2024-03-08
41220-00282,제6호 소공원(진위역),소공원,,경기도 평택시 진위면 하북리 170-1,37.110428,127.062125,2257,,,,,,2009-12-30,경기도 평택시청,031-8024-4248,2024-03-08
41220-00283,진위3일반산단1호 소공원(진위3일반산업단지),소공원,,경기도 평택시 진위면 마산리 336,37.089220,127.094889,8731,,,,,,2015-10-15,경기도 평택시청,031-8024-4248,2024-03-08
41220-00284,진위3일반산단2호 소공원(진위3일반산업단지),소공원,,경기도 평택시 진위면 마산리 산52,37.083073,127.098124,1500,,,,,,2015-10-15,경기도 평택시청,031-8024-4248,2024-03-08
41220-00285,칠원 소공원,소공원,,경기도 평택시 칠원동 58-1 58-3 50 49-6,37.032005,127.100642,3863,다리뻗치기+어깨근육풀기+옆파도타기+온몸허리돌리기+하늘걷기,,음수전,,공적비+기념비석+스탬프 찍는곳+연결관+자연석쌓기+준공기념비+칠원동주민송덕비+트랜치,1996-12-17,경기도 평택시청,031-8024-4248,2024-03-08
41220-00286,풍진 소공원(신설),소공원,,경기도 평택시 서정동 833,37.067101,127.055243,850,,,,,,1980-01-29,경기도 평택시청,031-8024-4248,2024-03-08
41220-00287,상서재 2호 수변공원(동삭2지구),수변공원,,경기도 평택시 칠원동 451-2,37.027392,127.115756,9484,,,,,,2014-03-17,경기도 평택시청,031-8024-4248,2024-03-08
41220-00288,소풍정원,수변공원,,경기도 평택시 고덕면 궁리 424-25,37.011844,127.020575,112245,,그네+그네보호대+모래포장+반원터널분수+우산워터드롭+워터샤워+조합놀이대+탄성고무칩포장,샤워장+세척장+음수전+화장실,,PE이중벽관+맹암거+미로원+빗물받이+소풍정원액자 포토존+수질정화기+엣지+자연석쌓기+집수정,2016-02-29,경기도 평택시청,031-8024-4248,2024-03-08
41220-00289,수변공원 10호(고덕국제화지구 율포리),수변공원,,경기도 평택시 고덕면 율포리 65답,37.042043,127.044785,11800,,,,,,2013-01-04,경기도 평택시청,031-8024-4248,2024-03-08
41220-00290,수변공원 11호(고덕국제화지구 여염리),수변공원,,경기도 평택시 고덕면 여염리 281-8답,37.042913,127.047362,10395,,,,,,2013-01-04,경기도 평택시청,031-8024-4248,2024-03-08
41220-00291,수변공원 12호(고덕국제화지구 율포리),수변공원,,경기도 평택시 고덕면 율포리 산11-5임,37.042370,127.043867,26763,,,,,,2013-01-04,경기도 평택시청,031-8024-4248,2024-03-08
41220-00292,수변공원 13호(고덕국제화지구  장당동),수변공원,,경기도 평택시 장당동 559-1대,37.041184,127.071250,13428,,,,,,2013-01-04,경기도 평택시청,031-8024-4248,2024-03-08
41220-00293,수변공원 14호(고덕국제화지구  율포리),수변공원,,경기도 평택시 고덕면 율포리 2-6목,37.049900,127.043385,8285,,,,,,2013-01-04,경기도 평택시청,031-8024-4248,2024-03-08
41220-00294,수변공원 15호(고덕국제화지구  장당동),수변공원,,경기도 평택시 장당동 524-58답,37.049070,127.052502,30638,,,,,,2013-01-04,경기도 평택시청,031-8024-4248,2024-03-08
41220-00295,수변공원 1호(고덕국제화지구 해창리),수변공원,,경기도 평택시 고덕면 해창리 99답,37.027325,127.029194,4809,,,,,,2013-01-04,경기도 평택시청,031-8024-4248,2024-03-08
41220-00296,수변공원 2호(고덕국제화지구 궁리),수변공원,,경기도 평택시 고덕면 궁리 303-2목,37.027408,127.033300,67862,,,,,,2013-01-04,경기도 평택시청,031-8024-4248,2024-03-08
41220-00297,수변공원 3호(고덕국제화지구 해창리),수변공원,,경기도 평택시 고덕면 해창리 66답,37.030342,127.031781,56051,,,,,,2013-01-04,경기도 평택시청,031-8024-4248,2024-03-08
41220-00298,수변공원 4호(고덕국제화지구 궁리),수변공원,,경기도 평택시 고덕면 궁리 310답,37.030414,127.033791,15746,,,,,,2013-01-04,경기도 평택시청,031-8024-4248,2024-03-08
41220-00299,수변공원 5호(고덕국제화지구 좌교리),수변공원,,경기도 평택시 고덕면 좌교리 94답,37.033702,127.036699,8662,,,,,,2013-01-04,경기도 평택시청,031-8024-4248,2024-03-08
41220-00300,수변공원 6호(고덕국제화지구 여염리),수변공원,,경기도 평택시 고덕면 여염리 377답,37.035169,127.042966,7599,,,,,,2013-01-04,경기도 평택시청,031-8024-4248,2024-03-08
41220-00301,수변공원 7호(고덕국제화지구 여염리),수변공원,,경기도 평택시 고덕면 여염리 362-1답,37.036833,127.041657,35231,,,,,,2013-01-04,경기도 평택시청,031-8024-4248,2024-03-08
41220-00302,수변공원 8호(고덕국제화지구 율포리),수변공원,,경기도 평택시 고덕면 율포리 98답,37.041322,127.042695,11150,,,,,,2013-01-04,경기도 평택시청,031-8024-4248,2024-03-08
41220-00303,수변공원 9호(고덕국제화지구 여염리),수변공원,,경기도 평택시 고덕면 여염리 315답,37.040832,127.045428,11782,,,,,,2013-01-04,경기도 평택시청,031-8024-4248,2024-03-08
41220-00304,수변공원(브레인시티),수변공원,경기도 평택시 삼남로 236 (도일동),경기도 평택시 도일동 983-7,37.048381,127.098853,61615,,,,,,2010-03-15,경기도 평택시청,031-8024-4248,2024-03-08
41220-00305,수촌1 수변공원(수촌지구),수변공원,,경기도 평택시 칠원동 289-25,37.020343,127.113678,21187,,,,,,2009-12-16,경기도 평택시청,031-8024-4248,2024-03-08
41220-00306,제1호 수변공원(가재지구 128호),수변공원,,경기도 평택시 가재동 479-1,37.042328,127.077653,1100,,,,,,2011-11-25,경기도 평택시청,031-8024-4248,2024-03-08
41220-00307,제2호 수변공원(가재지구 129호),수변공원,,경기도 평택시 가재동 479-1,37.042328,127.077653,6560,,,,,,2011-11-25,경기도 평택시청,031-8024-4248,2024-03-08
41220-00308,통복2 수변공원(수촌지구),수변공원,경기도 평택시 수촌길 50 (칠원동),경기도 평택시 칠원동 286,37.020802,127.113503,13256,,,,,,2009-12-16,경기도 평택시청,031-8024-4248,2024-03-08
41220-00309,물장구 어린이공원(소사벌택지 10호),어린이공원,,경기도 평택시 서정동 산110-4임,37.066367,127.048000,6557,,,,,,2013-01-04,경기도 평택시청,031-8024-4248,2024-03-08
41220-00310,미로 어린이공원(서재지구 79호),어린이공원,,경기도 평택시 고덕면 두릉리 529-1답,37.055543,127.017238,1770,,,,,,2013-01-04,경기도 평택시청,031-8024-4248,2024-03-08
41220-00311,미리내 어린이공원(지제세교지구),어린이공원,,경기도 평택시 고덕면 좌교리 399-1답,37.044118,127.013642,4449,,,,,,2013-01-04,경기도 평택시청,031-8024-4248,2024-03-08
41220-00312,바다 어린이공원(현촌지구),어린이공원,,경기도 평택시 고덕면 해창리 485-1장,37.041406,127.014060,3888,,,,,,2013-01-04,경기도 평택시청,031-8024-4248,2024-03-08
41220-00313,방아다리 어린이공원(장당 2호),어린이공원,,경기도 평택시 고덕면 해창리 437-1답,37.036903,127.017934,1520,,,,,,2013-01-04,경기도 평택시청,031-8024-4248,2024-03-08
41220-00314,방죽골 어린이공원(안중지구 택지개발),어린이공원,,경기도 평택시 고덕면 여염리 산60임,37.037592,127.046179,3378,,,,,,2015-04-03,경기도 평택시청,031-8024-4248,2024-03-08
41220-00315,배꽃 어린이공원(소사2지구),어린이공원,,경기도 평택시 서정동 산1-1임,37.071496,127.065145,1853,,,,,,2015-04-03,경기도 평택시청,031-8024-4248,2024-03-08
41220-00316,배당지 어린이공원(청북지구 택지개발),어린이공원,,경기도 평택시 고덕면 율포리 334-2전,37.051333,127.041019,3898,,,,,,2015-04-03,경기도 평택시청,031-8024-4248,2024-03-08
41220-00317,배미 어린이공원,어린이공원,,경기도 평택시 서정동 632답,37.065532,127.043825,2049,,,,,,2015-04-03,경기도 평택시청,031-8024-4248,2024-03-08
41220-00318,백로 어린이공원(청북지구 택지개발),어린이공원,,경기도 평택시 서정동 617-7답,37.068493,127.047609,6117,,,,,,2015-04-03,경기도 평택시청,031-8024-4248,2024-03-08
41220-00319,비전 어린이공원,어린이공원,,경기도 평택시 고덕면 여염리 326-4답,37.039568,127.045056,2072,,,,,,2013-01-04,경기도 평택시청,031-8024-4248,2024-03-08
41220-00320,비파 어린이공원(청북지구 택지개발),어린이공원,,경기도 평택시 고덕면 율포리 184-6장,37.045928,127.031262,2098,,,,,,2015-04-03,경기도 평택시청,031-8024-4248,2024-03-08
41220-00321,사랑방 어린이공원(용죽지구),어린이공원,,경기도 평택시 고덕면 좌교리 270답,37.040669,127.029528,4674,,,,,,2015-04-03,경기도 평택시청,031-8024-4248,2024-03-08
41220-00322,삼각 어린이공원,어린이공원,,경기도 평택시 고덕면 해창리 15-2장,37.031435,127.026598,2280,,,,,,2015-04-03,경기도 평택시청,031-8024-4248,2024-03-08
41220-00323,상가 어린이공원,어린이공원,,경기도 평택시 고덕면 해창리 733-27임,37.026212,127.016897,2258,,,,,,2015-04-03,경기도 평택시청,031-8024-4248,2024-03-08
41220-00324,상서재 어린이공원(서재지구 75호),어린이공원,,경기도 평택시 고덕면 여염리 373-2답,37.036401,127.044059,1585,,,,,,2015-04-03,경기도 평택시청,031-8024-4248,2024-03-08
41220-00325,새터말 어린이공원,어린이공원,,경기도 평택시 고덕면 여염리 산66임,37.035739,127.043912,1712,,,,,,2015-04-03,경기도 평택시청,031-8024-4248,2024-03-08
41220-00326,새한 어린이공원,어린이공원,,경기도 평택시 고덕면 여염리 296-2답,37.041939,127.048848,1864,,,,,,2015-04-03,경기도 평택시청,031-8024-4248,2024-03-08
41220-00327,색동(제1호) 어린이공원(영신지구),어린이공원,,경기도 평택시 장당동 531답,37.046524,127.053769,2134,,,,,,2015-04-03,경기도 평택시청,031-8024-4248,2024-03-08
41220-00328,샛별 어린이공원(서재지구 78호),어린이공원,,경기도 평택시 서정동 678-36대,37.071243,127.059738,1625,,,,,,2015-04-03,경기도 평택시청,031-8024-4248,2024-03-08
41220-00329,서당제 어린이공원(안중지구 택지개발),어린이공원,,경기도 평택시 서정동 산126-4과,37.061627,127.043251,1509,,,,,,2015-04-03,경기도 평택시청,031-8024-4248,2024-03-08
41220-00330,서재초 어린이공원(동삭2지구),어린이공원,,경기도 평택시 고덕면 두릉리 산42임,37.058579,127.028561,1522,,,,,,2015-04-03,경기도 평택시청,031-8024-4248,2024-03-08
41220-00331,서정 어린이공원,어린이공원,,경기도 평택시 고덕면 두릉리 631-1답,37.055653,127.025264,2182,,,,,,2015-04-03,경기도 평택시청,031-8024-4248,2024-03-08
41220-00332,성동 어린이공원,어린이공원,,경기도 평택시 고덕면 두릉리 593-4답,37.055621,127.023015,2345,,,,,,2015-04-03,경기도 평택시청,031-8024-4248,2024-03-08
41220-00333,소사1 어린이공원(소사지구),어린이공원,,경기도 평택시 고덕면 해창리 490-2대,37.042464,127.014761,1511,,,,,,2015-04-03,경기도 평택시청,031-8024-4248,2024-03-08
41220-00334,소사뜰 어린이공원(소사2지구),어린이공원,,경기도 평택시 고덕면 율포리 438-11임,37.047403,127.030629,2369,,,,,,2015-04-03,경기도 평택시청,031-8024-4248,2024-03-08
41220-00335,소사벌 어린이공원,어린이공원,,경기도 평택시 고덕면 율포리 376전,37.050300,127.034107,1868,,,,,,2015-04-03,경기도 평택시청,031-8024-4248,2024-03-08
41220-00336,송담4로 어린이공원(안중송담지구),어린이공원,,경기도 평택시 고덕면 해창리 61-1답,37.031237,127.031844,1857,,,,,,2015-04-03,경기도 평택시청,031-8024-4248,2024-03-08
41220-00337,송담5길 어린이공원(안중 송담지구),어린이공원,,경기도 평택시 고덕면 당현리 524-2답,37.064697,127.031864,9166,,,,,,2015-04-03,경기도 평택시청,031-8024-4248,2024-03-08
41220-00338,송담6길 어린이공원(안중 송담지구),어린이공원,,경기도 평택시 고덕면 율포리 480답,37.049688,127.025091,8114,,,,,,2015-04-03,경기도 평택시청,031-8024-4248,2024-03-08
41220-00339,송담8길 어린이공원(안중 송담지구),어린이공원,,경기도 평택시 고덕면 율포리 106답,37.042946,127.042342,9077,,,,,,2015-04-03,경기도 평택시청,031-8024-4248,2024-03-08
41220-00340,송담9길 어린이공원(안중 송담지구),어린이공원,,경기도 평택시 고덕면 해창리 382존,37.036711,127.023278,6614,,,,,,2015-04-03,경기도 평택시청,031-8024-4248,2024-03-08
41220-00341,송북 어린이공원,어린이공원,,경기도 평택시 서정동 692-5대,37.071243,127.059738,2542,,,,,,2013-01-04,경기도 평택시청,031-8024-4248,2024-03-08
41220-00342,송천 어린이공원,어린이공원,,경기도 평택시 서정동 산127-13임,37.061306,127.043194,5638,,,,,,2013-01-04,경기도 평택시청,031-8024-4248,2024-03-08
41220-00343,송화 어린이공원,어린이공원,,경기도 평택시 지산동 1136,37.077127,127.066247,1616.7,벤치프레스+어깨근육풀기+옆파도타기+오금펴기+온몸허리돌리기+윗몸일으키기+하늘걷기,그네+그네보호대+모래포장+시소+조합놀이대+회전놀이대+흔들놀이,음수전,,맹암거(간선)+맹암거(지선)+우수관+집수정,1991-06-18,경기도 평택시청,031-8024-4248,2024-03-08
41220-00344,수촌1 어린이공원(수촌지구),어린이공원,,경기도 평택시 이충동 631,37.057816,127.063011,1536.2,다리뻗치기+등허리지압기+옆파도타기+온몸근육풀기+온몸역기내리기+온몸허리돌리기,고무매트포장+조합놀이대,,,집수정,2002-05-29,경기도 평택시청,031-8024-4248,2024-03-08
41220-00345,수촌2 어린이공원(수촌지구),어린이공원,,경기도 평택시 장당동 641-9,37.051757,127.064859,1500,마라톤운동기+온몸역기내리기+하늘걷기,모래포장+조합놀이대+흔들놀이,자전거보관대,,집수정,2004-02-06,경기도 평택시청,031-8024-4248,2024-03-08
41220-00346,숲속 어린이공원(소사벌택지 1호),어린이공원,,경기도 평택시 이충동 676,37.058548,127.069157,4039.3,다리뻗치기+다목적 운동장+등허리지압기+마라톤운동기+하늘걷기,고무칩포장+시소+조합놀이대,,,운동시설보호대+집수정,2002-05-29,경기도 평택시청,031-8024-4248,2024-03-08
41220-00347,신대쌈지 어린이공원,어린이공원,,경기도 평택시 이충동 687,37.060955,127.069178,1997.2,옆파도타기+윗몸일으키기+하늘걷기,고무매트포장+고무칩포장+그네+조합놀이대,,,수목보호대+운동시설보호대+집수정+트랜치,2002-05-29,경기도 평택시청,031-8024-4248,2024-03-08
41220-00348,신서 어린이공원,어린이공원,,경기도 평택시 서정동 845,37.066265,127.061203,1600.1,손잡이 평행대+온몸역기내리기+온몸허리돌리기+철봉+하늘걷기,고무매트포장+그네+시소,,,수목보호대,1986-09-30,경기도 평택시청,031-8024-4248,2024-03-08
41220-00349,신작 어린이공원,어린이공원,,경기도 평택시 칠원동 393-4,37.026563,127.109632,4053,,,,,,2009-12-16,경기도 평택시청,031-8024-4248,2024-03-08
41220-00350,신촌 새마답 어린이공원(신촌지구 동부 103호),어린이공원,경기도 평택시 새말로 90-4 (칠원동),경기도 평택시 칠원동 388-4,37.024643,127.109529,5143,,,,,,2009-12-16,경기도 평택시청,031-8024-4248,2024-03-08
41220-00351,신촌 장자울 어린이공원(신촌지구 동부 104호),어린이공원,,경기도 평택시 고덕면 두릉리 797-1,37.063510,127.027702,1872.8,마라톤운동기+배드민턴장+배드민턴지주대+옆파도타기+온몸근육풀기+온몸역기올리기+온몸허리돌리기+윗몸일으키기+하늘걷기,고무칩포장+조합놀이대,음수전,,디자인집수정+상수관+수목보호대+우수관+제수변+집수정+트랜치,2006-08-28,경기도 평택시청,031-8024-4248,2024-03-08
41220-00352,신흥 어린이공원(신흥지구),어린이공원,,경기도 평택시 지산동 1260,37.082884,127.068815,4205,온몸역기내리기+온몸허리돌리기+하늘걷기,고무칩포장+놀이집+조합놀이대,,,자연석쌓기+트랜치,2007-10-22,경기도 평택시청,031-8024-4248,2024-03-08
41220-00353,안정 어린이공원(안정지구 6호),어린이공원,,경기도 평택시 장당동 632-1,37.051373,127.061853,2500.1,온몸허리돌리기+철봉+평행봉,모래포장+조합놀이대+회전놀이대+흔들놀이,자전거보관대,점토블럭 관람대,집수정+트랜치,2002-10-25,경기도 평택시청,031-8024-4248,2024-03-08
41220-00354,안중 22호 어린이공원(인광지구),어린이공원,,경기도 평택시 칠원동 산62-3,37.035098,127.105155,3410,,,,,,2013-05-08,경기도 평택시청,031-8024-4248,2024-03-08
41220-00355,암석 제3호 어린이공원(영신지구),어린이공원,,경기도 평택시 서정동 786,37.069903,127.055693,1652.2,어깨근육풀기+옆파도타기+온몸노젓기+온몸역기올리기+온몸허리돌리기+윗몸일으키기+족구대+족구장+하늘걷기,그네+모래포장+조합놀이대+흔들놀이,,,배수관+집수정,1980-01-29,경기도 평택시청,031-8024-4248,2024-03-08
41220-00356,앞마당 어린이공원(용죽지구),어린이공원,경기도 평택시 지산로 101 (독곡동 대림아파트),경기도 평택시 독곡동 489,37.081727,127.064462,2211.8,마라톤+역기올리기+옆파도타기+온몸근육풀기+온몸역기내리기+온몸허리돌리기+윗몸일으켜기+자유철봉+하늘걷기,그네+그물오르기+미스트터널+조합놀이대+터널놀이+트랙라이더,음수전,,,1991-06-18,경기도 평택시청,031-8024-4248,2024-03-08
41220-00357,어린이공원 1호(황해경제자유구역 현덕지구),어린이공원,,경기도 평택시 지산동 1026,37.081061,127.059896,2110.6,배드민턴지주대+벤치프레스+어깨근육풀기+옆파도타기+온몸허리돌리기+윗몸일으키기+평행봉+하늘걷기,그네+그네보호대+모래포장+시소+조합놀이대+회전놀이대,음수대,,집수정,1992-11-07,경기도 평택시청,031-8024-4248,2024-03-08
41220-00358,어린이공원(주공2단지재개발),어린이공원,경기도 평택시 새말로104번길 48 (칠원동),경기도 평택시 칠원동 산39-4,37.022154,127.108465,2071,,,,,,2009-12-16,경기도 평택시청,031-8024-4248,2024-03-08
41220-00359,어린이공원(통복지구),어린이공원,,경기도 평택시 칠원동 250-8,37.021009,127.110292,1984,,,,,,2009-12-16,경기도 평택시청,031-8024-4248,2024-03-08
41220-00360,어울림 어린이공원(현촌지구),어린이공원,,경기도 평택시 서정동 906,37.061307,127.057443,1654.1,어깨근육풀기+역기올리기+온몸허리돌리기+하늘걷기+허리펴기,그네+시소+조합놀이대,음수전,,,1980-01-29,경기도 평택시청,031-8024-4248,2024-03-08
41220-00361,어인남 어린이공원,어린이공원,,경기도 평택시 칠원동 산36-7,37.027298,127.103850,3627,,,,,,2009-12-16,경기도 평택시청,031-8024-4248,2024-03-08
41220-00362,어제 3호 어린이공원(모산영신지구),어린이공원,,경기도 평택시 칠원동 128-2,37.027380,127.104663,4029,,,,,,2009-12-16,경기도 평택시청,031-8024-4248,2024-03-08
41220-00363,오좌 어린이공원,어린이공원,,경기도 평택시 독곡동 472,37.084521,127.063593,1782.8,마라톤운동기+어깨근육풀기+옆파도타기+온몸역기내리기+온몸역기올리기+온몸허리돌리기+윗몸일으키기+평행봉+하늘걷기,,,,집수정,1991-06-18,경기도 평택시청,031-8024-4248,2024-03-08
41220-00364,옹기 어린이공원,어린이공원,,경기도 평택시 서정동 868,37.065383,127.057560,1654.7,옆타도타기+온몸허리돌리기+하늘걷기,그네+시소+조합놀이대,음수대,,,1980-01-29,경기도 평택시청,031-8024-4248,2024-03-08
41220-00365,용이1호 어린이공원(용이지구),어린이공원,,경기도 평택시 서정동 809,37.064730,127.064543,1592.2,옆파도타기+온몸허리돌리기+윗몸일으키기+전신달리기+전신올리기+하늘걷기,그네+모래포장+올라서 돌리기+조합놀이대+흔들놀이,,,맹암거(간선)+맹암거(지선)+집수정,1986-09-30,경기도 평택시청,031-8024-4248,2024-03-08
41220-00366,용이2호 어린이공원(용이지구),어린이공원,,경기도 평택시 장당동 631-1,37.048934,127.057736,2147.6,농구대,그네+모래포장+조합놀이대+흔들놀이,자전거보관대,,집수정,2002-10-25,경기도 평택시청,031-8024-4248,2024-03-08
41220-00367,용이3호 어린이공원(용이지구),어린이공원,,경기도 평택시 도일동 1167-1,37.040157,127.100104,6523.1,옆파도타기+온몸역기올리기+온몸허리돌리기+하늘걷기,고무칩포장+조합놀이대+흔들놀이,음수전,,준공기념비+집수정+트랜치,2005-10-04,경기도 평택시청,031-8024-4248,2024-03-08
41220-00368,용이4호 어린이공원(용이지구),어린이공원,,경기도 평택시 이충동 590,37.063458,127.066653,3159.4,옆파도타기+온몸근육풀기+하늘걷기,고무칩포장+그네+조합놀이대,음수대+음수전,,PE 빗물받이+우수관+집수정+트랜치,1993-06-28,경기도 평택시청,031-8024-4248,2024-03-08
41220-00369,우주별 어린이공원(소사벌택지 8호),어린이공원,,경기도 평택시 장당동 469-2,37.047925,127.056432,2395,,,,,,2009-09-25,경기도 평택시청,031-8024-4248,2024-03-08
41220-00370,원앙 어린이공원,어린이공원,,경기도 평택시 장안동 620,37.061018,127.080700,3373,다리뻗치기+마라톤운동기+옆파도타기+온몸근육풀기+온몸노젓기+평행봉+하늘걷기,공중걷기대+그네+그네보호대+모래포장+조합놀이대+흔들놀이,자전거거치대,,자연석쌓기+집수정,2007-11-19,경기도 평택시청,031-8024-4248,2024-03-08
41220-00371,원이충 어린이공원,어린이공원,,경기도 평택시 서정동 881,37.063619,127.054832,1654.9,양팔줄당기기+어깨근육풀기+옆파도타기+온몸허리돌리기+윗몸일으키기+하늘걷기,그네+그네보호대+모래포장+조합놀이대,음수대,,맹암거(간선)+맹암거(지선)+집수정,1980-01-29,경기도 평택시청,031-8024-4248,2024-03-08
41220-00372,원장당 어린이공원(장당 1호),어린이공원,,경기도 평택시 가재동 442,37.043810,127.076560,1730,,,,,,2011-11-25,경기도 평택시청,031-8024-4248,2024-03-08
41220-00373,원정 어린이공원(포승공단),어린이공원,경기도 평택시 삼남로 357 (장안동),경기도 평택시 장안동 60-1,37.057468,127.092162,1515,,,,,,2010-03-15,경기도 평택시청,031-8024-4248,2024-03-08
41220-00374,원평14통(삽다리) 어린이공원,어린이공원,,경기도 평택시 진위면 하북리 94-1,37.112162,127.063630,1542,,,,,,2007-07-09,경기도 평택시청,031-8024-4248,2024-03-08
41220-00375,유통단지 어린이공원(동부 83호),어린이공원,,경기도 평택시 가재동 534,37.042838,127.074142,2590,,,,,,2011-11-25,경기도 평택시청,031-8024-4248,2024-03-08
41220-00376,은실 어린이공원,어린이공원,,경기도 평택시 진위면 견산리 393,37.108089,127.072214,2526,,,,,,2007-07-09,경기도 평택시청,031-8024-4248,2024-03-08
41220-00377,은행 어린이공원,어린이공원,,경기도 평택시 장안동 211-3,37.050840,127.088939,1510,,,,,,2010-03-15,경기도 평택시청,031-8024-4248,2024-03-08
41220-00378,이곡 어린이공원,어린이공원,,경기도 평택시 가재동 산88-2,37.041139,127.078272,3240,,,,,,2011-11-25,경기도 평택시청,031-8024-4248,2024-03-08
41220-00379,이충 어린이공원,어린이공원,,경기도 평택시 진위면 가곡리 79-1,37.112042,127.088413,2202,,,,,,2007-07-09,경기도 평택시청,031-8024-4248,2024-03-08
41220-00380,자미 어린이공원(청북지구 택지개발),어린이공원,,경기도 평택시 장안동 산129-2,37.051702,127.092865,1535,,,,,,2010-03-15,경기도 평택시청,031-8024-4248,2024-03-08
41220-00381,작골 어린이공원(청북지구 택지개발),어린이공원,,경기도 평택시 진위면 봉남리 444-1,37.098858,127.088341,1687,,,,,,2007-07-09,경기도 평택시청,031-8024-4248,2024-03-08
41220-00382,잔다리 어린이공원,어린이공원,,경기도 평택시 도일동 965-5,37.054273,127.097759,2226,,,,,,2010-03-15,경기도 평택시청,031-8024-4248,2024-03-08
41220-00383,장당 택지지구 어린이공원,어린이공원,,경기도 평택시 지산동 1088,37.079122,127.061846,2444.2,마라톤운동기+배드민턴장+배드민턴지주대+어깨근육풀기+옆파도타기+온몸역기올리기+온몸허리돌리기+지압보도+하늘걷기,그네+그네보호대+모래포장+조합놀이대+회전놀이대,음수전,,맹암거(간선)+맹암거(지선)+우수관+집수정,1992-11-07,경기도 평택시청,031-8024-4248,2024-03-08
41220-00384,장미 어린이공원,어린이공원,경기도 평택시 지산1로24번길 4-13 (지산동),경기도 평택시 지산동 689-3,37.077063,127.059261,390,마라톤운동기+온몸허리돌리기,모래포장+시소+조합놀이대,,,집수정+트랜치,2005-12-19,경기도 평택시청,031-8024-4248,2024-03-08
41220-00385,장안하늘채 어린이공원(동부 18호),어린이공원,,경기도 평택시 지산동 1092,37.075343,127.063361,1847.9,마라톤운동+어깨근육풀기+허리돌리기,그네,음수전,,PE빗물받이+PE빗물받이(고무칩하부)+우수관+집수정+횡단배수로,1992-11-07,경기도 평택시청,031-8024-4248,2024-03-08
41220-00386,장터골 어린이공원(안중지구 택지개발),어린이공원,,경기도 평택시 지산동 1237-4,37.080461,127.077329,975,고무칩포장+마라톤운동기+어깨근육풀기+온몸허리돌리기+윗몸일으키기+철봉,고무칩포장+조합놀이대+흔들놀이,음수대,,상수관+우수관+의류수거함+집수정+화강석판석놓기,2006-12-18,경기도 평택시청,031-8024-4248,2024-03-08
41220-00387,점촌 어린이공원,어린이공원,,경기도 평택시 서정동 790,37.070013,127.059013,1657.3,어깨근육풀기+옆파도타기+온몸허리돌리기,그네+그네보호대+모래포장+시소+조합놀이대,,,L형측구+기존배수관천공+맹암거(간선)+맹암거(지선)+스틸그레이팅+연결관+집수정,1980-01-29,경기도 평택시청,031-8024-4248,2024-03-08
41220-00388,정글 어린이공원(소사벌택지 12호),어린이공원,경기도 평택시 송일로25번길 14 (서정동),경기도 평택시 서정동 855,37.064395,127.059783,1608.8,어깨근육풀기+온몸허리돌리기+윗몸일으키기+하늘걷기,고무칩포장+그네+그네보호대+모래포장+조합놀이대+흔들놀이,,,빗물받이+유공관+집수정+트랜치+흉관,1986-09-30,경기도 평택시청,031-8024-4248,2024-03-08
41220-00389,정원 어린이공원,어린이공원,,경기도 평택시 서정동 1119,37.071931,127.062913,2285,마라톤운동기+배드민턴장+배드민턴지주대+온몸허리돌리기+자유철봉+하늘걷기,고무칩포장+조합놀이대,,,자연석쌓기+집수정+트랜치,2005-09-26,경기도 평택시청,031-8024-4248,2024-03-08
41220-00390,제1호 어린이공원 제130호(가재지구),어린이공원,,경기도 평택시 서정동 833,37.067101,127.055243,1656.2,어깨근육풀기+옆파도타기+온몸역기내리기+온몸허리돌리기+윗몸일으키기+전신사이클+하늘걷기,고무칩포장+그네+조합놀이대,,,,1980-01-29,경기도 평택시청,031-8024-4248,2024-03-08
41220-00391,제1호 어린이공원(브레인시티),어린이공원,,경기도 평택시 서정동 1125,37.058838,127.060253,3700,마라톤운동기+온몸허리돌리기+자유형철봉+하늘걷기,고무칩포장+모래포장+삼각그물오르기+시소+조합놀이대+흔들놀이,,,PE관 설치+맹암거(간선)+맹암거(지선)+빗물받이+수목보호홀덮개+옹벽+원심력수로관+집수정,2005-12-12,경기도 평택시청,031-8024-4248,2024-03-08
41220-00469,문화공원 2호(황해경제구역 현덕지구),문화공원,,경기도 평택시 현덕면 장수리 353-3,36.933907,126.903334,27298,,,,,,2016-06-17,경기도 평택시청,031-8024-4248,2024-03-08
41220-00393,신촌 쇠물뿌리 체육공원(신촌지구  동부 102호),체육공원,,경기도 평택시 칠원동 417-1,37.024080,127.103756,10849,,,,,,2009-12-16,경기도 평택시청,031-8024-4248,2024-03-08
41220-00394,제1호 체육공원(브레인시티),체육공원,,경기도 평택시 도일동 582-3,37.049115,127.106627,10110,,,,,,2010-03-15,경기도 평택시청,031-8024-4248,2024-03-08
41220-00395,제2호 체육공원(브레인시티),체육공원,,경기도 평택시 가재동 128,37.038626,127.087233,15574,,,,,,2010-03-15,경기도 평택시청,031-8024-4248,2024-03-08
41220-00396,1호 도란뜰 근린공원(화양지구),근린공원,,경기도 평택시 안중읍 현화리 산350-4임,36.987556,126.906090,11082,,,,,,2013-10-04,경기도 평택시청,031-8024-4248,2024-03-08
41220-00397,2호 근린공원 (화양지구),근린공원,,경기도 평택시 현덕면 운정리 산72-1,36.986097,126.899903,14126,,,,,,2013-10-04,경기도 평택시청,031-8024-4248,2024-03-08
41220-00398,3호 뜸이기뜰 근린공원(화양지구),근린공원,,경기도 평택시 현덕면 운정리 산63-3,36.982419,126.901233,23523,,,,,,2013-10-04,경기도 평택시청,031-8024-4248,2024-03-08
41220-00399,4호 개랑뜰 근린공원(화양지구),근린공원,,경기도 평택시 현덕면 화양리 산161,36.979132,126.903779,177252,,,,,,2013-10-04,경기도 평택시청,031-8024-4248,2024-03-08
41220-00400,5호 흰여울뜰 근린공원(화양지구),근린공원,,경기도 평택시 현덕면 운정리 산40-1,36.975961,126.899459,29593,,,,,,2013-10-04,경기도 평택시청,031-8024-4248,2024-03-08
41220-00401,6호 늘솔길뜰 근린공원 (화양지구),근린공원,,경기도 평택시 현덕면 운정리 산20,36.971960,126.898366,58544,,,,,,2013-10-04,경기도 평택시청,031-8024-4248,2024-03-08
41220-00402,7호 갈매빛뜰 근린공원 (화양지구),근린공원,,경기도 평택시 현덕면 운정리 산2-1,36.967529,126.900795,46588,,,,,,2013-10-04,경기도 평택시청,031-8024-4248,2024-03-08
41220-00403,가사 근린공원(청북지구 택지개발),근린공원,,경기도 평택시 청북면 옥길리 1090,37.019934,126.909408,23286.8,3단 다리걸치기+3단 철봉+배드민턴 네트대+배드민턴장+온몸허리돌리기+윗몸일으키기+평행봉,,,,집수정,2005-10-07,경기도 평택시청,031-8024-4248,2024-03-08
41220-00404,개나리 근린공원(청북 어연한산공단),근린공원,,경기도 평택시 청북면 어연리 898-1,37.051436,126.977508,13995.2,농구대+어깨근육풀기+옆파도타기+온몸근육풀기+온몸허리돌리기+윗몸일으키기+족구대+족구장,그네+그네보호대+모래포장+조합놀이대+회전놀이대,음수전+자전거보관대+주차장+화장실,,배수로+집수정,2001-02-07,경기도 평택시청,031-8024-4248,2024-03-08
41220-00405,근린공원 1호(황해자유구역 현덕지구),근린공원,,경기도 평택시 현덕면 장수리 264-18,36.936670,126.914174,58462,,,,,,2016-06-17,경기도 평택시청,031-8024-4248,2024-03-08
41220-00406,근린공원 2호(황해자유구역 현덕지구),근린공원,,경기도 평택시 현덕면 권관리 824,36.929521,126.907927,31877,,,,,,2016-06-17,경기도 평택시청,031-8024-4248,2024-03-08
41220-00407,근린공원 3호(황해자유구역 현덕지구),근린공원,,경기도 평택시 현덕면 권관리 705,36.924730,126.912089,30498,,,,,,2016-06-17,경기도 평택시청,031-8024-4248,2024-03-08
41220-00408,금곡 근린공원,근린공원,,경기도 평택시 안중읍 안중리 산17-1,36.994316,126.940887,52500,,,,,,2000-03-03,경기도 평택시청,031-8024-4248,2024-03-08
41220-00409,능안 근린공원,근린공원,,경기도 평택시 청북면 현곡리 산94-7,37.043283,126.928905,26600,,,,,,1998-05-08,경기도 평택시청,031-8024-4248,2024-03-08
41220-00410,도곡 근린공원(포승공단),근린공원,,경기도 평택시 포승읍 도곡리 1110,36.989362,126.847404,15000.1,게이트볼장+다목적 운동장+등허리지압기+발바닥지압걷기 +어깨근육풀기+온몸노젓기+온몸역기내리기+온몸허리돌리기+하늘걷기,그네(2인용)+야자수버켓+워터드롭+워터터널+조합놀이대+조합놀이대(물놀이시설),음수전,,배수로+집수정,2000-09-27,경기도 평택시청,031-8024-4248,2024-03-08
41220-00411,뚝넘어 근린공원(청북지구 택지개발),근린공원,,경기도 평택시 청북면 옥길리 1155,37.024696,126.913794,40508.4,다리뻗치기+등허리굽히기+등허리지압기+마라톤운동기+양팔줄당기기+어깨근육풀기+온몸노젓기+온몸역기내리기+온몸허리돌리기+윗몸일으키기+하늘걷기,,,,트랜치,2005-10-07,경기도 평택시청,031-8024-4248,2024-03-08
41220-00412,만호 근린공원(포승2산단),근린공원,,경기도 평택시 포승읍 만호리 산9-1,36.967071,126.861402,29869.8,농구대(이동식)+농구장+등허리근육풀기+마라톤운동기+배드민턴장+배드민턴지주대+온몸근육풀기+온몸노젓기+온몸역기올리기+족구네트+족구장+족구지주+축구대+축구장+하늘걷기,고무매트포장+조합놀이대,화장실,,수목보호대+연결관+자연석쌓기+집수정+트랜치,2010-02-26,경기도 평택시청,031-8024-4248,2024-03-08
41220-00413,무릉 근린공원,근린공원,,경기도 평택시 청북면 현곡리 산10-5,37.040094,126.941370,61106,,,,,,1998-05-08,경기도 평택시청,031-8024-4248,2024-03-08
41220-00414,번제 근린공원(포승공단),근린공원,,경기도 평택시 포승읍 원정리 1355,36.984383,126.833052,118326.7,다리올리기+등허리펴기+말뚝건너기+사다리오르내리기+옆파도타기+온몸노젓기+온몸역기올리기+온몸허리돌리기+자유평행봉+평행봉+하늘걷기,그네+그네보호대+그물망 사다리 놀이대+모래포장+조합놀이대+흔들놀이,자전거보관대+화장실,,배수로+수목보호홀덮개+집수정+트랜치,2001-08-18,경기도 평택시청,031-8024-4248,2024-03-08
41220-00415,비둘기 근린공원(청북 어연한산공단),근린공원,,경기도 평택시 청북면 어연리 888,37.049486,126.972925,14693.1,어깨근육풀기+옆파도타기+온몸근육풀기+온몸허리돌리기+윗몸일으키기+축구대+축구장+풋살골대,,음수전+자전거거치대+화장실,,,2001-02-07,경기도 평택시청,031-8024-4248,2024-03-08
41220-00416,살박 근린공원(청북지구 택지개발),근린공원,,경기도 평택시 청북면 옥길리 1173,37.024696,126.913794,14980.4,배드민턴대+배드민턴장,,,,트랜치+화강석옹벽,2005-10-07,경기도 평택시청,031-8024-4248,2024-03-08
41220-00417,새터 근린공원(청북지구 택지개발),근린공원,,경기도 평택시 청북면 옥길리 1142,37.024696,126.913794,75770.5,게이트볼장+농구대+등허리지압기+어깨근육풀기+온몸매달려돌기+온몸역기내리기+온몸역기올리기+온몸허리돌리기+족구대+족구장+축구대+축구장,,음수전+자전거보관대+화장실,,수목보호홀덮개+트랜치,2005-10-07,경기도 평택시청,031-8024-4248,2024-03-08
41220-00418,송담 근린공원(안중송담지구),근린공원,,경기도 평택시 안중읍 송담리 724,36.972729,126.936473,22458,농구대(이동식)+농구장,말타기+모래포장+목재오름대+접시+조합놀이대+클라임버,자전거보관대,,수목보호대+전시벽+조성극공적불망비+준공기념비+트랜치,2006-02-06,경기도 평택시청,031-8024-4248,2024-03-08
41220-00419,수촌 근린공원(청북지구 택지개발),근린공원,,경기도 평택시 청북면 옥길리 1124,37.024696,126.913794,35492.6,,,화장실,,집수정+트랜치,2005-10-07,경기도 평택시청,031-8024-4248,2024-03-08
41220-00420,신당 근린공원(포승공단),근린공원,경기도 평택시 포승읍 평택항로 98,경기도 평택시 포승읍 만호리 589,36.970051,126.847490,143996.8,농구대+미니축구대+심판대+야구장+야구장 기록실+온몸허리돌리기+족구대+축구대+테니스 네트대+테니스장+테니스장 라카룸,,자전거보관대+화장실,,배수로+스틸그레이팅+집수정+포승5지사순절추모비,2000-09-27,경기도 평택시청,031-8024-4248,2024-03-08
41220-00421,안송 근린공원(안중송담지구),근린공원,,경기도 평택시 안중읍 안중리 산78-8,36.983437,126.929102,11642,등허리지압기+온몸근육풀기+온몸노젓기+온몸역기내리기+온몸역기올리기+윗몸일으키기+하늘걷기+허벅지근육풀기,고무매트포장+조합놀이대+회전놀이대+흔들놀이,,,옹벽+트랜치,2006-02-06,경기도 평택시청,031-8024-4248,2024-03-08
41220-00422,안중 근린공원(안중지구 택지개발),근린공원,경기도 평택시 안중읍 현화중앙길 75,경기도 평택시 안중읍 현화리 823-2,36.985234,126.920612,11016.2,3단 다리올리기+3단 철봉+3단건너기+게이트볼 컨테이너+게이트볼장+구름다리+다리근육풀기+배드민턴 네트대+온몸근육풀기+온몸허리돌리기+윗몸일으키기+지압길 포장+평균대+평행봉+하늘걷기,,음수전+화장실,,4각 오수 맨홀뚜껑+오수맨홀+우수맨홀+집수정+트랜치+화장실집수정,1995-05-02,경기도 평택시청,031-8024-4248,2024-03-08
41220-00423,여술 근린공원(포승공단),근린공원,,경기도 평택시 포승읍 도곡리 1108,36.990700,126.841361,40559.3,농구대+다리뻗치기+등허리지압기+땅고르개+링 매달리기+미니축구대+보조골대+사다리오르기+어깨근육풀기+어깨당기기+온몸근육풀기+온몸노젓기+온몸역기내리기+온몸허리돌리기+윗몸일으키기+점수판+족구대+족구장+축구대+축구장+풋살장+하늘걷기,그네+그네보호대+모래포장+조합놀이대,자전거보관대+화장실,,족구장 트랜치+집수정+트랜치,2000-09-27,경기도 평택시청,031-8024-4248,2024-03-08
41220-00424,오성 근린공원(오성산단),근린공원,,경기도 평택시 오성면 양교리 1095,37.024650,126.948927,10019.4,농구장+풋살장+등허리지압기+마라톤운동기+배드민턴장+배드민턴지주대+벽걸이농구대+옆파도타기+온몸근육풀기+온몸역기올리기+풋살골대+하늘걷기,,화장실,,디자인집수정+빗물받이+우수관+자연석쌓기+집수정,2007-01-02,경기도 평택시청,031-8024-4248,2024-03-08
41220-00425,용성 근린공원,근린공원,,경기도 평택시 안중읍 학현리 산6,37.001685,126.935120,88320,,,,,,2000-03-03,경기도 평택시청,031-8024-4248,2024-03-08
41220-00426,율리 근린공원,근린공원,경기도 평택시 안중읍 덕우로 1,경기도 평택시 안중읍 학현리 산65-1,36.991260,126.927811,99999,,,,,,1972-08-25,경기도 평택시청,031-8024-4248,2024-03-08
41220-00427,인광 근린공원(안중송담지구),근린공원,,경기도 평택시 현덕면 인광리 산85-57,36.975632,126.923791,13895,등허리지압기+마라톤운동기+온몸근육풀기+온몸노젓기+온몸역기내리기+온몸역기올리기+윗몸일으키기+하늘걷기+허벅지근육풀기,고무매트포장+조합놀이대,,,급수관+수목보호판+옹벽+집수정+트랜치+흉관,2006-02-06,경기도 평택시청,031-8024-4248,2024-03-08
41220-00428,테미 근린공원(청북지구 택지개발),근린공원,,경기도 평택시 청북면 옥길리 1096,37.024696,126.913794,39750,3단 다리걸치기+3단 철봉+다리뻗치기+등허리지압기+마라톤운동기+온몸근육풀기+온몸노젓기+온몸역기내리기+온몸역기올리기+온몸허리돌리기+윗몸일으키기+자유철봉+지압길 포장+평행봉+하늘걷기+허리젖히기,고무칩포장+그네+모래포장+비탈면 미끄럼틀+시소+징검다리놀이대+회전놀이대+흔들놀이,,,마천석 화계옹벽+자연석쌓기+전기통신맨홀+집수정+트랜치,2005-10-07,경기도 평택시청,031-8024-4248,2024-03-08
41220-00429,학현 근린공원,근린공원,,경기도 평택시 안중읍 현화리 637-12,36.989762,126.917503,41993,2단 철봉+마라톤운동기+배드민턴 네트대+배드민턴장+심판의자+어깨근육풀기+옆파도타기+온몸역기내리기+온몸역기올리기+온몸허리돌리기+윗몸일으키기+자유평행봉+족구(테니스)네트대+족구장+테니스장+테니스장 가림막+팔굽혀피기+하늘걷기,고무칩포장+비탈면 미끄럼틀,화장실,,옹벽+자연석쌓기+집수정+측구수로+트랜치,2010-12-30,경기도 평택시청,031-8024-4248,2024-03-08
41220-00430,현곡 근린공원(현곡산단),근린공원,,경기도 평택시 청북면 현곡리 453,37.036974,126.941669,18928.1,3단 철봉+농구대+벤치프레스+오르기기구+온몸허리돌리기+윗몸일으키기+족구 네트대+족구장,,음수전+자전거거치대+화장실,,공사 기념비+자연석쌓기+자연석측구수로+집수정+콘크리트트랜치,2004-10-25,경기도 평택시청,031-8024-4248,2024-03-08
41220-00431,현곡 근린공원(현곡산단),근린공원,,경기도 평택시 청북면 현곡리 산90-13,37.044898,126.931852,19600,,,,,,1998-05-08,경기도 평택시청,031-8024-4248,2024-03-08
41220-00432,현화 근린공원(안중지구 택지개발),근린공원,경기도 평택시 안중읍 안현로서8길 48,경기도 평택시 안중읍 현화리 829,36.980542,126.920402,20534.7,다리근육풀기+다리뻗치기+등허리지압기+마라톤운동기+어깨근육풀기+옆파도타기+온몸근육풀기+온몸역기올리기+온몸허리돌리기+윗몸일으키기+자유철봉+지압길 포장+평행봉+하늘걷기,고무칩포장+물놀이장 물놀이대+조합놀이대,화장실+휠체어경사로,,교육의 선구자 기념비+디자인집수정+디자인트랜치+맨홀+우수맨홀+원주목 사면보호대+집수정+측량기준점+트랜치,1995-05-02,경기도 평택시청,031-8024-4248,2024-03-08
41220-00433,평택 도시농업공원,도시농업공원,,경기도 평택시 오성면 숙성리 49,37.014204,126.985097,34525,,,,,,2015-06-30,경기도 평택시청,031-8024-4248,2024-03-08
41220-00434,고잔7리 쉼터 마을쉼터,기타,,경기도 평택시 청북면 고잔리 1015-1,37.038304,126.888793,800,마라톤운동기+어깨근육풀기+옆파도타기+온몸허리돌리기+하늘걷기,고무칩포장+그네+그네보호대+시소+조합놀이대,,,수목보호덮개+스탠드+주철관+트랜치,,경기도 평택시청,031-8024-4248,2024-03-08
41220-00435,교포1리 마을쉼터,기타,,경기도 평택시 오성면 교포리 52-6,37.005897,127.002129,1000,고무칩포장+어깨근육풀기+온몸허리돌리기+족구장+족구장네트대+하늘걷기,,음수전,,맹암거(간선)+맹암거(지선)+배수로+수목보호판+우수관+집수정,,경기도 평택시청,031-8024-4248,2024-03-08
41220-00436,교포2리 마을쉼터,기타,,경기도 평택시 오성면 교포리 106-15,37.008951,126.998124,1650,고무매트포장+어깨근육풀기+온몸허리돌리기+테니스 네트대+테니스장+하늘걷기,,음수대,,맹암거(간선)+맹암거(지선)+배수로+용수관+우수관+자연석쌓기+집수정+테니스 연습옹벽,,경기도 평택시청,031-8024-4248,2024-03-08
41220-00437,교포3리 마을쉼터,기타,,경기도 평택시 오성면 교포리 108-17,36.998716,126.998317,1200,마라톤운동기+온몸근육풀기+온몸허리돌리기,,,,기존 배수관(천공)+맹암거+배수관+원형수로관+집수정,,경기도 평택시청,031-8024-4248,2024-03-08
41220-00438,금곡5리 쉼터,기타,,경기도 평택시 안중읍 금곡리 산119-1,36.995006,126.952739,4860,등허리지압기+어깨근육풀기+온몸역기내리기+온몸허리돌리기+하늘걷기+훌라허리돌리기,,,,,,경기도 평택시청,031-8024-4248,2024-03-08
41220-00439,길음1리 마을쉼터,기타,경기도 평택시 오성면 길음1길 57-4,경기도 평택시 오성면 길음리 81-1,36.989066,126.963737,1147,등허리지압기+어깨근육풀기+온몸근육풀기+온몸허리돌리기+하늘걷기,흔들놀이,,,배수로+벤치플륨관 +수목보호덮개+스틸그레이팅+원심력수로관+집수정+트랜치+흉관,,경기도 평택시청,031-8024-4248,2024-03-08
41220-00440,당거1리 마을쉼터,기타,,경기도 평택시 오성면 당거리 392-1,36.987609,126.975933,987,고무매트포장+등허리지압기+온몸근육풀기+온몸허리돌리기+지압보도+하늘걷기,고무매트포장+조합놀이대+흔들놀이,음수전,,배수로+상수관+수목보호홀덮개+우수관+제수변+집수정+트랜치,,경기도 평택시청,031-8024-4248,2024-03-08
41220-00441,당거2리 마을쉼터,기타,,경기도 평택시 오성면 숙성리 936-108,36.994614,126.980216,2000,등허리지압기+온몸근육풀기+온몸역기내리기+온몸허리돌리기+하늘걷기,고무칩포장+조합놀이대,,,수목보호판+우수관+집수정,,경기도 평택시청,031-8024-4248,2024-03-08
41220-00442,당거3리 마을쉼터,기타,경기도 평택시 오성면 당거3길 48-2,경기도 평택시 오성면 당거리 9-2,36.989333,127.006579,1140,고무매트포장+농구대+농구코트+등허리지압기+발바닥지압걷기+온몸근육풀기+온몸허리돌리기+하늘걷기,고무매트포장+시소+조합놀이대+흔들놀이,음수전,,수목보호대+트랜치,,경기도 평택시청,031-8024-4248,2024-03-08
41220-00443,대반1리 마을쉼터,기타,,경기도 평택시 안중읍 대반리 17-3,36.992125,126.949942,1000,등허리지압기+마라톤운동기+온몸역기내리기+온몸허리돌리기+족구대+하늘걷기,그네(파도형파고라)+모래포장,음수전,,L형측구+맹암거+사각수로관+우수관+집수정,,경기도 평택시청,031-8024-4248,2024-03-08
41220-00444,대반2리 마을쉼터,기타,,경기도 평택시 안중읍 대반리 208-8,36.988675,126.952570,1000,마라톤운동기+배드민턴지주대+온몸근육풀기+온몸역기내리기+온몸허리돌리기+하늘걷기,미끄럼틀,음수대,,우수관+원형수로관+자연석쌓기+집수정,,경기도 평택시청,031-8024-4248,2024-03-08
41220-00445,대반3리 마을쉼터,기타,,경기도 평택시 안중읍 대반리 503,36.984490,126.952146,1105,온몸근육풀기+온몸역기내리기+온몸허리돌리기+족구대+하늘걷기,,음수전,,상수관+우수관+집수정,,경기도 평택시청,031-8024-4248,2024-03-08
41220-00446,대반6리 마을쉼터,기타,,경기도 평택시 안중읍 대반리 409-4,36.976822,126.943202,899,옆파도타기+온몸근육풀기+온몸역기내리기+온몸허리돌리기+족구네트+족구대+족구장+하늘걷기,,주차정지대,,원형수로관+이중벽하수관+자연석쌓기+출입옹벽+트랜치,,경기도 평택시청,031-8024-4248,2024-03-08
41220-00447,덕목3리 마을쉼터,기타,,경기도 평택시 현덕면 덕목리 510-5,36.952360,126.956901,1047,온몸근육풀기+온몸허리돌리기+하늘걷기,,음수전+화장실,,상수관+수목보호덮개+우수관+제수변+집수정,,경기도 평택시청,031-8024-4248,2024-03-08
41220-00448,덕목4리 마을쉼터,기타,,경기도 평택시 현덕면 덕목리 659-2,36.950413,126.956040,2365,배드민턴 네트대+배드민턴장+옆파도타기+온몸근육풀기+온몸역기내리기+온몸허리돌리기+하늘걷기,,화장실,,맹암거(간선)+맹암거(지선)+벤치플륨관+엘보+오수관+오수맨홀+우수관+집수정+트랜치,,경기도 평택시청,031-8024-4248,2024-03-08
41220-00449,덕목5리 마을쉼터,기타,,경기도 평택시 현덕면 덕목리 269,36.955062,126.965436,2629,등허리지압기+벤치프레스+온몸근육풀기+온몸허리돌리기+족구장+족구장네트대+하늘걷기,그네+그네보호대+모래포장,음수전+화장실,,상수관+흉관,,경기도 평택시청,031-8024-4248,2024-03-08
41220-00450,따비쉼터,기타,,경기도 평택시 안중읍 안중리 280-3,36.988505,126.929101,530,온몸허리돌리기,,공중전화기+음수전+화장실,,소화전+시계탑,,경기도 평택시청,031-8024-4248,2024-03-08
41220-00451,삼정1리 마을쉼터,기타,,경기도 평택시 안중읍 삼정리 75-4,36.966622,126.959255,2569,고무칩포장+농구대+등허리지압기+역기 등받이대+역기 및 설치대+옆파도타기+온몸근육풀기+온몸허리돌리기+족구대+철봉(3인용)+평행봉+하늘걷기,,음수대+화장실,,무덤+무덤비+사당+수목보호대+옹벽,,경기도 평택시청,031-8024-4248,2024-03-08
41220-00452,숙성1리 마을쉼터,기타,,경기도 평택시 오성면 숙성리 164,37.009159,126.981871,582,어깨근육풀기+온몸역기내리기+온몸허리돌리기,,음수전,,빗물받이+상수관+수목보호대+우수관+집수정,,경기도 평택시청,031-8024-4248,2024-03-08
41220-00453,숙성2리 마을쉼터,기타,,경기도 평택시 오성면 숙성리 622-24,37.002628,126.976534,1243,다리뻗치기+등허리펴기+배드민턴대+옆파도타기+온몸허리돌리기+족구장+하늘걷기,고무칩포장+그네+시소,음수전,,배수관+상수관+자연석쌓기+제수변+집수정,,경기도 평택시청,031-8024-4248,2024-03-08
41220-00454,숙성3리 마을쉼터,기타,,경기도 평택시 오성면 숙성리 753-6 753-7,36.994573,126.973234,1200,마라톤운동기+온몸근육풀기+온몸역기내리기+온몸허리돌리기+족구대+족구장+하늘걷기,모래포장,,,맹암거+배수로+우수관+자연석쌓기+집수정+측구수로관+흉관,,경기도 평택시청,031-8024-4248,2024-03-08
41220-00455,숙성5리 마을쉼터,기타,,경기도 평택시 오성면 숙성리 149-4,37.008186,126.982325,769,발바닥지압걷기+온몸근육풀기+온몸허리돌리기+하늘걷기,그네+그네보호대+모래포장,음수전,,맹암거+상수관+우수관+집수정+퇴수관,,경기도 평택시청,031-8024-4248,2024-03-08
41220-00456,신2리 마을쉼터,기타,,경기도 평택시 오성면 신리리 124-15,37.004945,127.008693,1320,어깨근육풀기+온몸노젓기+온몸허리돌리기+하늘걷기,,음수전,,맹암거+배수관+상수관+제수변+집수정+흉관,,경기도 평택시청,031-8024-4248,2024-03-08
41220-00457,신3리 마을쉼터,기타,,경기도 평택시 오성면 신리리 111-10,37.003290,127.015501,1000,마라톤운동기+온몸근육풀기+온몸허리돌리기,,음수전,,맹암거+배수관+배수로+벤치플륨관 +원형수로관+집수정+흉관,,경기도 평택시청,031-8024-4248,2024-03-08
41220-00458,신4리 마을쉼터,기타,,경기도 평택시 오성면 창내리 118-1,37.001443,127.019652,1652,고무칩포장+등허리지압기+배드민턴장+배드민턴지주대+온몸근육풀기+온몸역기올리기+온몸허리돌리기+윗몸일으키기+지압보도+하늘걷기,,화장실,,배수로+버스정류장 쉼터+수목보호덮개+우수관+집수정+측구수로,,경기도 평택시청,031-8024-4248,2024-03-08
41220-00459,신왕2리 마을쉼터,기타,,경기도 평택시 현덕면 신왕리 148,36.937995,126.969326,1138,마라톤운동기+배드민턴장+배드민턴장 네트+어깨근육풀기+온몸허리돌리기+하늘걷기,,음수전,,배수로+집수정,,경기도 평택시청,031-8024-4248,2024-03-08
41220-00460,율북3리 마을쉼터,기타,,경기도 평택시 청북면 율북리 248-2,37.068742,126.984326,2681,등허리지압기+온몸근육풀기+온몸역기올리기+온몸허리돌리기+윗몸일으키기+족구대+족구장+하늘걷기,,음수전+화장실,,배수로+벤치플륨관+상수관,,경기도 평택시청,031-8024-4248,2024-03-08
41220-00461,율북5리 마을쉼터,기타,,경기도 평택시 청북면 율북리 94,37.070018,126.978566,2244,고무매트포장+등허리지압기+온몸근육풀기+온몸허리돌리기,,음수전,,수목보호덮개+집수정+트랜치,,경기도 평택시청,031-8024-4248,2024-03-08
41220-00462,죽5리 마을쉼터,기타,,경기도 평택시 오성면 죽리리 75-16,37.009495,126.977831,826,온몸근육풀기+온몸허리돌리기+하늘걷기,그네+모래포장+시소+조합놀이대,음수전,,배수관+상수관+제수변+집수정+트랜치,,경기도 평택시청,031-8024-4248,2024-03-08
41220-00463,창내1리 마을쉼터,기타,,경기도 평택시 오성면 창내리 108-14,36.995303,127.023224,906,3단 철봉+거꾸로매달리기+등허리지압기+발바닥지압기+배드민턴장+배드민턴지주대+온몸노젓기+온몸허리돌리기,고무칩포장+조합놀이대,음수전,,수목보호덮개+집수정+트랜치,,경기도 평택시청,031-8024-4248,2024-03-08
41220-00464,창내2리 마을쉼터,기타,,경기도 평택시 오성면 창내리 21-63,36.987835,127.019992,1200,등허리지압기+옆파도타기+온몸근육풀기+온몸허리돌리기+족구대+족구장+하늘걷기,모래포장+조합놀이대+흔들놀이,음수전+화장실,,배수로+집수정,,경기도 평택시청,031-8024-4248,2024-03-08
41220-00465,창내3리 마을쉼터,기타,,경기도 평택시 오성면 창내리 40-6,36.996567,127.012236,1979,,그네+그네보호대+모래포장+시소+흔들놀이,,,우수관+집수정,,경기도 평택시청,031-8024-4248,2024-03-08
41220-00466,창내4리 마을쉼터,기타,,경기도 평택시 오성면 창내리 94,36.988795,127.027970,2353,등허리지압기+발바닥지압-손잡이+발바닥지압걷기+온몸근육풀기+온몸허리돌리기+족구장+족구지주+하늘걷기,모래포장+조합놀이대,음수전,,빗물받이+상수관+수목보호판+우수관+집수정+측구수로,,경기도 평택시청,031-8024-4248,2024-03-08
41220-00534,신대리문화공원,문화공원,,경기도 평택시 팽성읍 신대리 210-39,36.943755,126.997047,99999,,,,,,2020-10-15,경기도 평택시청,031-8024-4248,2024-03-08
41220-00202,용죽 역사공원(용죽지구),역사공원,,경기도 평택시 용이동 660,36.997961,127.127348,36140.4,,강아지흔들놀이대+고양이흔들놀이대+그네놀이대+놀이시설 경계+양흔들놀이대+조합놀이대2,자전거보관대+화장실,,U형측구+배수관+오수관(PVC PIPE)+오수맨홀+집수정+판넬식옹벽,2010-11-24,경기도 평택시청,031-8024-4248,2024-03-08
41220-00203,원효대사 역사공원,역사공원,,경기도 평택시 포승읍 원정리 산109-37,37.004727,126.822483,7131,,,,,,2016-02-29,경기도 평택시청,031-8024-4248,2024-03-08
41220-00470,1호 소공원(화양지구),소공원,,경기도 평택시 현덕면 운정리 272-5,36.977742,126.898161,1266,,,,,,2013-10-04,경기도 평택시청,031-8024-4248,2024-03-08
41220-00471,2호 소공원(화양지구),소공원,,경기도 평택시 현덕면 도대리 348전,36.966395,126.902177,1398,,,,,,2013-10-04,경기도 평택시청,031-8024-4248,2024-03-08
41220-00472,고렴산단 소공원(고렴산단),소공원,,경기도 평택시 청북읍 고렴리 1130,37.055594,126.932660,3720.1,,,음수전,,수목보호틀+우수관(흄관)+집수정,2012-06-11,경기도 평택시청,031-8024-4248,2024-03-08
41220-00473,길음2리 소공원(길음지구),소공원,,경기도 평택시 오성면 길음리 320-3,36.984956,126.970081,2554,등허리지압기+온몸근육풀기+온몸허리돌리기+하늘걷기,고무매트포장+조합놀이대+흔들놀이,음수전+주차장+화장실,,배수로+집수정,2012-06-14,경기도 평택시청,031-8024-4248,2024-03-08
41220-00474,길음3리 소공원(길음지구),소공원,,경기도 평택시 오성면 길음리 293-5,36.984836,126.969215,1450,농구대+등허리지압기+온몸근육풀기+온몸허리돌리기+원형발바닥지압걷기+정구대+정구장,고무칩포장+조합놀이대,음수전+주차장+화장실,,정구연습용옹벽+집수정+트랜치,2012-06-14,경기도 평택시청,031-8024-4248,2024-03-08
41220-00475,대반5리 소공원(대반지구),소공원,,경기도 평택시 안중읍 대반리 622-3,36.979213,126.958015,1189,마라톤운동기+발바닥지압대+옆파도타기+온몸근육풀기+온몸노젓기+온몸허리돌리기+하늘걷기,모래포장+조합놀이대,음수전,,수목보호대+옹벽블럭+조형석+집수정,2012-06-14,경기도 평택시청,031-8024-4248,2024-03-08
41220-00476,대반리 소공원(대반지구),소공원,경기도 평택시 안중읍 대반4길 73-11,경기도 평택시 안중읍 대반리 468-3,36.980019,126.953661,888,,,,,,2012-06-14,경기도 평택시청,031-8024-4248,2024-03-08
41220-00477,소공원 1호(양교지구),소공원,,경기도 평택시 오성면 양교리 915-47,37.021348,126.949833,9308,,,,,,2011-04-05,경기도 평택시청,031-8024-4248,2024-03-08
41220-00478,소공원 1호(황해경제자유구역 현덕지구),소공원,,경기도 평택시 현덕면 장수리 84-2,36.938793,126.896325,7009,,,,,,2016-06-17,경기도 평택시청,031-8024-4248,2024-03-08
41220-00479,소공원 2호(황해경제자유구역청 현덕지구),소공원,,경기도 평택시 현덕면 권관리 773-4,36.924402,126.906681,6047,,,,,,2016-06-17,경기도 평택시청,031-8024-4248,2024-03-08
41220-00480,소공원 7호(후사지구),소공원,,경기도 평택시 청북면 후사리 산84-10,37.034706,126.931324,1168,,,,,,2011-11-04,경기도 평택시청,031-8024-4248,2024-03-08
41220-00481,소공원 8호(후사지구),소공원,,경기도 평택시 청북면 후사리 산84-9,37.034892,126.929130,2975,,,,,,2011-11-04,경기도 평택시청,031-8024-4248,2024-03-08
41220-00482,소공원 9호(후사지구),소공원,,경기도 평택시 청북면 후사리 45-4,37.033994,126.928548,1002,,,,,,2011-11-04,경기도 평택시청,031-8024-4248,2024-03-08
41220-00483,지영희 소공원,소공원,,경기도 평택시 포승읍 만호리 681,36.969850,126.860485,29869.8,마라톤운동기+온몸근육풀기+하늘걷기,,,,,2012-07-26,경기도 평택시청,031-8024-4248,2024-03-08
41220-00484,제1호 어린이공원(하북리),어린이공원,,경기도 평택시 안중읍 현화리 산398-2임,36.983801,126.906289,3159,,,,,,2013-10-04,경기도 평택시청,031-8024-4248,2024-03-08
41220-00485,제2호 어린이공원 제131호(가재지구),어린이공원,,경기도 평택시 현덕면 화양리 산155,36.982224,126.903473,3734,,,,,,2013-10-04,경기도 평택시청,031-8024-4248,2024-03-08
41220-00486,제2호 어린이공원(견산리),어린이공원,,경기도 평택시 현덕면 운정리 358-56전,36.974026,126.898230,1547,,,,,,2013-10-04,경기도 평택시청,031-8024-4248,2024-03-08
41220-00487,제2호 어린이공원(브레인시티),어린이공원,,경기도 평택시 현덕면 운정리 445-9답,36.970085,126.899159,1504,,,,,,2013-10-04,경기도 평택시청,031-8024-4248,2024-03-08
41220-00488,제3호 어린이공원 제132호(가재지구),어린이공원,,경기도 평택시 현덕면 화양리 816-1답,36.968075,126.904438,3190,,,,,,2016-11-15,경기도 평택시청,031-8024-4248,2024-03-08
41220-00489,제3호 어린이공원(가곡리),어린이공원,,경기도 평택시 현덕면 화양리 868-14전,36.964858,126.905200,1890,,,,,,2013-10-04,경기도 평택시청,031-8024-4248,2024-03-08
41220-00490,제3호 어린이공원(브레인시티),어린이공원,,경기도 평택시 현덕면 도대리 산81-2구,36.964889,126.902212,2155,,,,,,2013-10-04,경기도 평택시청,031-8024-4248,2024-03-08
41220-00491,제4호 어린이공원(봉남리),어린이공원,,경기도 평택시 현덕면 화양리 816,36.968345,126.904173,2451,,,,,,2016-11-15,경기도 평택시청,031-8024-4248,2024-03-08
41220-00492,제4호 어린이공원(브레인시티),어린이공원,경기도 평택시 안중읍 안중로18번길 18,경기도 평택시 안중읍 현화리 859,36.983129,126.926768,3239.7,배드민턴장+배드민턴지주대+옆파도타기+온몸근육풀기+온몸허리돌리기+하늘걷기,고무매트포장+그네+그네보호대+모래포장+시소+조합놀이대+흔들놀이,육각형 음수전+화장실,,조형 출입기둥+집수정,1995-05-02,경기도 평택시청,031-8024-4248,2024-03-08
41220-00493,조개터 1호 어린이공원,어린이공원,,경기도 평택시 청북면 옥길리 1108,37.024696,126.913794,2159.8,고무칩포장+다리근육풀기+어깨근육풀기+온몸허리돌리기,고무칩포장+놀이집+조합놀이대+흔들놀이,,,배수로+수목보호대+우수관+집수정,2005-10-07,경기도 평택시청,031-8024-4248,2024-03-08
41220-00494,조개터2호 어린이공원,어린이공원,,경기도 평택시 청북면 옥길리 1056-3,37.024696,126.913794,1551.7,온몸허리돌리기+철봉 대형+철봉 소형+평행봉,고무칩포장+조합놀이대+흔들놀이,,,우수관+집수정+트랜치,2005-10-07,경기도 평택시청,031-8024-4248,2024-03-08
41220-00495,좌동 어린이공원,어린이공원,,경기도 평택시 포승읍 도곡리 1147,36.987462,126.846321,1500.1,고무매트포장+옆파도타기+온몸역기내리기+하늘걷기,그네+그네보호대+모래포장+조합놀이대,음수전,,ㄷ 자 옹벽+집수정,2000-09-27,경기도 평택시청,031-8024-4248,2024-03-08
41220-00496,좌울 어린이공원(동부 78호),어린이공원,,경기도 평택시 안중읍 현화리 820-5 820-7 551-8,36.986918,126.919066,2220,옆파도타기+온몸허리돌리기,고무매트포장+그네+그네보호대+시소+조합놀이대+흔들놀이,육각 음수전+자전거거치대,,수목보호대,1995-05-02,경기도 평택시청,031-8024-4248,2024-03-08
41220-00497,지산 어린이공원,어린이공원,,경기도 평택시 청북면 옥길리 1073,37.024696,126.913794,3832.1,자유철봉기+하늘걷기,고무칩포장+그네+그네보호대+조합놀이대,,,수목보호덮개,2009-12-28,경기도 평택시청,031-8024-4248,2024-03-08
41220-00498,지산이주단지 어린이공원,어린이공원,,경기도 평택시 청북면 옥길리 1148,37.024696,126.913794,1594.1,,고무칩포장+그네+그네보호대+시소+조합놀이대,,,우수관+우수배수로+집수정,2005-10-07,경기도 평택시청,031-8024-4248,2024-03-08
41220-00499,지장 어린이공원,어린이공원,,경기도 평택시 안중읍 현화리 840-2,36.981111,126.924214,6014.9,농구대+배드민턴장+배드민턴지주대+온몸허리돌리기+철봉+평행봉+하늘걷기+허리다리뻗기,고무매트포장+그네+그네보호대+시소+조합놀이대+흔들놀이,육각 음수전+화장실,,소화전+정구장 배수로+집수정,1995-05-02,경기도 평택시청,031-8024-4248,2024-03-08
41220-00500,청솔 어린이공원,어린이공원,,경기도 평택시 청북면 옥길리 1099,37.024696,126.913794,3942,,고무칩포장+조합놀이대,,,집수정+트랜치,2005-10-07,경기도 평택시청,031-8024-4248,2024-03-08
41220-00501,추팔 어린이공원,어린이공원,,경기도 평택시 청북면 옥길리 1092,37.016615,126.925231,1732.5,,고무칩포장+조합놀이대+흔들놀이,,,,2005-10-07,경기도 평택시청,031-8024-4248,2024-03-08
41220-00502,충혼 어린이공원,어린이공원,,경기도 평택시 청북면 옥길리 1164,37.028514,126.911493,2340.9,,개구리놀이+거미소리골+고무칩포장+그네+그네보호대+조합놀이대,,,수목보호틀+우수관+집수정,2005-10-07,경기도 평택시청,031-8024-4248,2024-03-08
41220-00503,통미 어린이공원,어린이공원,,경기도 평택시 안중읍 현화리 824-4,36.982991,126.918873,4652.4,마라톤운동기+배드민턴장+배드민턴지주대+온몸노젓기+하늘걷기,고무칩포장+그네+그네보호대+시소+조합놀이대+흔들놀이,음수전+화장실,,배수로+조형물출입문 기둥+집수정+트랜치,1995-05-02,경기도 평택시청,031-8024-4248,2024-03-08
41220-00504,통복 어린이공원,어린이공원,,경기도 평택시 안중읍 안중리 96-8,36.986820,126.935346,1540,,고무칩포장+버섯의자+조합놀이대+회전놀이대+흔들놀이,,,U형측구+집수정+흉관,2006-02-06,경기도 평택시청,031-8024-4248,2024-03-08
41220-00505,팽성 어린이공원,어린이공원,,경기도 평택시 안중읍 송담리 660,36.978327,126.931769,1518,,고무칩포장+버섯의자+시소+인공암벽놀이대+조합놀이대+회전놀이대,,,U형측구+수목보호판+집수정+흉관,2006-02-06,경기도 평택시청,031-8024-4248,2024-03-08
41220-00506,팽송 어린이공원,어린이공원,,경기도 평택시 안중읍 송담리 862,36.981261,126.929213,1525,,고무칩포장+그네+그네보호대+조합놀이대+흔들놀이,,,U형측구+수목보호판+집수정+흉관,2006-02-06,경기도 평택시청,031-8024-4248,2024-03-08
41220-00507,평일 어린이공원,어린이공원,,경기도 평택시 안중읍 송담리 222,36.982318,126.939276,1506,,고무칩포장+시소+조합놀이대+천자문놀이판+회전놀이대+흔들놀이,,,수목보호판+집수정+흉관,2006-02-06,경기도 평택시청,031-8024-4248,2024-03-08
41220-00508,포스코더샵 어린이공원,어린이공원,,경기도 평택시 안중읍 송담리 266-4,36.981114,126.933441,1513,발바닥지압걷기,고무칩포장+미끄럼틀+조합놀이대,,,수목보호판+집수정+흉관,2006-02-06,경기도 평택시청,031-8024-4248,2024-03-08
41220-00509,풍물 제2호 어린이공원(모산영신지구),어린이공원,,경기도 평택시 현덕면 인광리 414,36.961983,126.918816,4600,,,,,,2008-07-10,경기도 평택시청,031-8024-4248,2024-03-08
41220-00510,풍진 어린이공원(폐지),어린이공원,,경기도 평택시 현덕면 권관리 796-6,36.926889,126.906183,1500,,,,,,2016-06-17,경기도 평택시청,031-8024-4248,2024-03-08
41220-00511,하늘 어린이공원(소사벌택지 7호),어린이공원,,경기도 평택시 포승읍 도곡리 1134,36.989990,126.844522,1500.2,마라톤+어깨근육풀기+옆파도타기+온몸돌리기(3인용)+하늘걷기,고무매트포장+그네(2인용)+그네보호대+조합놀이대+흔들놀이,음수전+자전거거치대,,문자+기호+집수정 A형+집수정 B형,2000-09-27,경기도 평택시청,031-8024-4248,2024-03-08
41220-00512,하서재 어린이공원(서재지구 76호),어린이공원,,경기도 평택시 청북면 옥길리 1160,37.019934,126.909408,4185.1,,,,,수목보호틀+집수정+트랜치,2005-10-07,경기도 평택시청,031-8024-4248,2024-03-08
41220-00513,한방 어린이공원,어린이공원,,경기도 평택시 청북면 옥길리 1294,37.024696,126.913794,2930.3,농구대+농구장+배드민턴대+배드민턴장,고무칩포장+그네+그네보호대+조합놀이대+흔들놀이,,,목책+우수관+집수정+측구수로관,2005-10-07,경기도 평택시청,031-8024-4248,2024-03-08
41220-00514,합정 어린이공원,어린이공원,,경기도 평택시 안중읍 현화리 843-3,36.983102,126.923314,4875.4,등허리지압기+마라톤달리기+배드민턴장+배드민턴지주대+어깨근육풀기+옆파도타기+온몸노젓기+하늘걷기,고무칩포장+그네+그네보호대+시소+조합놀이대+흔들놀이,음수전+화장실,,상수관+연결관+제수변+집수정+트랜치,1995-05-02,경기도 평택시청,031-8024-4248,2024-03-08
41220-00515,합정새롬 어린이공원,어린이공원,,경기도 평택시 청북면 옥길리 1065-18,37.014168,126.907382,1510.3,다리 근육풀기(철봉형)+평행봉,고무매트포장+조합놀이대+흔들놀이,,,집수정,2005-10-07,경기도 평택시청,031-8024-4248,2024-03-08
41220-00516,율북 체육공원,체육공원,,경기도 평택시 청북면 율북리 886답,37.057420,126.979386,16082,,,,,,2015-10-15,경기도 평택시청,031-8024-4248,2024-03-08
41220-00517,드림 체육공원,체육공원,,경기도 평택시 청북면 율북리 867답,37.062376,126.970077,15224,,,,,,2015-10-15,경기도 평택시청,031-8024-4248,2024-03-08
41220-00518,으뜸 체육공원(청북지구 택지개발),체육공원,,경기도 평택시 청북면 옥길리 1072,37.019934,126.909408,11023,농구장+풋살장+다리근육풀기+벽걸이농구대+온몸노젓기+온몸역기올리기+온몸허리돌리기+인라인(스케이트보드)장+인라인시설 大+인라인시설 小+인라인평균대+풋살장펜스(의자일체형),,음수전+자전거거치대+화장실,,수도미터기+오수맨홀+자연석쌓기+집수정+통신 맨홀+트랜치+한전 맨홀,2005-10-07,경기도 평택시청,031-8024-4248,2024-03-08
41220-00519,12호 근린공원(고덕국제화지구),근린공원,,경기도 평택시 고덕면 좌교리 353임,37.041582,127.020765,99999,,,,,,2010-01-29,경기도 평택시청,031-8024-4248,2024-03-08
41220-00520,큰나루 근린공원,근린공원,,경기도 평택시 포승읍 만호리 471-4,36.954857,126.862459,99999,,,,,,2013-09-03,경기도 평택시청,031-8024-4248,2024-03-08
41220-00521,높은들 근린공원,근린공원,,경기도 평택시 신대동 16-4,36.996059,127.079500,99999,,,,,,2016-05-19,경기도 평택시청,031-8024-4248,2024-03-08
41220-00522,10호소공원(세교 지구단위),소공원,경기도 평택시 평택로 192 (세교동),경기도 평택시 세교동 196-1번지,37.001779,127.076907,99999,,,,,,2016-08-12,경기도 평택시청,031-8024-4248,2024-03-08
41220-00523,1호 소공원(장당지구),소공원,,경기도 평택시 장당동 175-1,37.031648,127.069598,99999,,,,,,2016-08-12,경기도 평택시청,031-8024-4248,2024-03-08
41220-00524,1호 소공원(지제지구),소공원,경기도 평택시 경기대로 701 (지제동),경기도 평택시 지제동 567-3,37.011929,127.072227,99999,,,,,,2016-08-12,경기도 평택시청,031-8024-4248,2024-03-08
41220-00525,1호 소공원(진위3지구),소공원,,경기도 평택시 진위면 견산리 347-1,37.107398,127.074994,99999,,,,,,2016-08-12,경기도 평택시청,031-8024-4248,2024-03-08
41220-00526,담소 소공원,소공원,,경기도 평택시 포승읍 희곡리 507-1,36.949401,126.870515,99999,,,,,,2013-09-03,경기도 평택시청,031-8024-4248,2024-03-08
41220-00527,통복 소공원1호(통복지구),소공원,,경기도 평택시 통복동 233-2,36.995338,127.072654,99999,,,,,,2016-05-19,경기도 평택시청,031-8024-4248,2024-03-08
41220-00528,희여울 수변공원,수변공원,,경기도 평택시 포승읍 희곡리 501,36.950117,126.870537,99999,,,,,,2013-09-03,경기도 평택시청,031-8024-4248,2024-03-08
41220-00529,합정푸른 어린이공원(폐지),어린이공원,,경기도 평택시 고덕면 해창리 456-3임,37.038560,127.018765,99999,,,,,,2010-01-29,경기도 평택시청,031-8024-4248,2024-03-08
41220-00530,해모 어린이공원(청북지구 택지개발),어린이공원,,경기도 평택시 포승읍 희곡리 495-11,36.950203,126.873969,99999,,,,,,2013-09-03,경기도 평택시청,031-8024-4248,2024-03-08
41220-00531,햇살 어린이공원(롯테캐슬),어린이공원,,경기도 평택시 통복동 235-3,36.995064,127.073554,99999,,,,,,2016-05-19,경기도 평택시청,031-8024-4248,2024-03-08
41220-00532,향촌 어린이공원,어린이공원,,경기도 평택시 현덕면 인광리 405-107번지,36.963210,126.921585,99999,,,,,,2016-08-12,경기도 평택시청,031-8024-4248,2024-03-08
41220-00533,화경 어린이공원,어린이공원,,경기도 평택시 합정동 835,36.990830,127.093891,99999,,,,,,2016-08-12,경기도 평택시청,031-8024-4248,2024-03-08
41220-00392,역사공원 1호(고덕국제화지구  두릉리),역사공원,,경기도 평택시 고덕면 두릉리 646대,37.057106,127.018941,88595,,,,,,2013-01-04,경기도 평택시청,031-8024-4248,2024-03-08
41220-00535,송당소공원,소공원,,경기도 평택시 팽성읍 송화리 125-1,36.955098,127.051604,99999,,,,,,2022-08-26,경기도 평택시청,031-8024-4248,2024-03-08
41220-00535,동말 근린공원,근린공원,,경기도 평택시 고덕면 당현리 457답,37.059960,127.030100,23428,,,,,,2020-01-04,경기도 평택시청,031-8024-4248,2024-03-08
41220-00536,참나무 소공원,소공원,,경기도 평택시 고덕면 해창리 1274-1,37.027280,127.015500,5067,,,,,,2019-04-27,경기도 평택시청,031-8024-4248,2024-03-08
41220-00537,통복2 소공원,소공원,,경기도 평택시 통복동 22-2,36.998617,127.083091,630,,,,,,2016-08-12,경기도 평택시청,031-8024-4248,2024-03-08
