시군명,도서관명,운영기관명,운영방법,소재지주소,전화번호,개관일자,홈페이지주소,자료실개방시간정보,열람실개방시간정보,자료실휴무일자정보,열람실휴무일자정보,자료실개관일수,열람실개관일수,국내도서자료수,국외도서자료수,비도서자료수,전자자료수,연속간행물자료수,WGS84위도,WGS84경도
용인시,느티나무도서관,느티나무도서관재단,사립,경기도 용인시 수지구 수풍로 116번길 22(동천동),031-262-3494,2007-11-17,www.neutinamu.org,화/수/금/토)10:00~20:00일)13:00~18:00(코로나19거리두기에따른한시적이용시간단축),해당없음,"매주월,목요일,법정공휴일(코로나19거리두기에따른한시적이용시간단축)",해당없음,239,,57664,3710,4431,15,50,37.3340125456,127.0960515574
용인시,청덕도서관,지자체,지자체직영,경기도 용인시 기흥구 구성1로 44,031-324-2991,2016-02-29,http://lib.yognin.go.kr/cheongdeok,"평일09:00~22:00(종합자료실),09:00~18:00(어린이자료실)주말09:00~17:00",해당없음,"매월2,4번째월요일및법정공휴일",해당없음,324,,103045,8392,1485,0,95,37.2927939851,127.1474373646
용인시,수지도서관,지자체,지자체직영,경기도 용인시 수지구 문정로7번길 23,031-324-8971,2004-07-27,http://lib.yongin.go.kr/suji,"평일09:00~22:00(종합자료실),09:00~18:00(어린이실",해당없음,"매월2,4번째월요일및법정공휴일",해당없음,246,,265008,15549,3670,0,123,37.3202797699,127.0946916926
용인시,구성도서관,지자체,지자체직영,경기도 용인시 기흥구 구성로77번길 17,031-324-4131,2007-05-10,http://lib.yongin.go.kr/guseong,"평일09:00~22:00(종합자료실),09:00~18:00(어린이실,디지털자료실)주말09:00~17:00","평일,주말08:00~22:00,공휴일09:00~18:00","매월1,3번째월요일및법정공휴일","매월1,3번째월요일및신정,설,추석연휴",325,333,157996,8980,4266,0,99,37.2967620840,127.1189858971
용인시,죽전도서관,지자체,지자체직영,경기도 용인시 수지구 대지로 89,031-324-4641,2008-12-29,http://lib.yongin.go.kr/jukjeon,"평일09:00~22:00(종합자료실),09:00~18:00(어린이실,디지털자료실)주말09:00~17:00","평일,주말08:00~22:00,공휴일09:00~18:00","매월1,3번째월요일및법정공휴일","매월1,3번째월요일및신정,설,추석연휴",321,327,174457,23994,3418,0,100,37.3304098735,127.1186467213
용인시,기흥도서관,지자체,지자체직영,경기도 용인시 기흥구 기흥로116번길 10,031-324-4753,2010-09-28,http://lib.yongin.go.kr/giheung,"평일09:00~22:00(종합자료실),09:00~18:00(어린이실,디지털자료실)주말09:00~17:00","평일,주말08:00~22:00,공휴일09:00~18:00","매월1,3번째월요일및법정공휴일","매월1,3번째월요일및신정,설,추석연휴",321,333,181838,14247,3573,0,104,37.2861890950,127.1135339223
용인시,흥덕도서관,지자체,지자체직영,경기도 용인시 기흥구 흥덕중앙로 153(영덕동),031-324-4141,2014-05-07,http://lib.yongin.go.kr/heungdeok,"평일09:00~22:00(종합자료실,디지털자료실),09:00~18:00(어린이실)주말09:00~17:00","평일,주말08:00~22:00,공휴일09:00~18:00","매월2,4번째월요일및법정공휴일","매월2,4번째월요일및신정,설,추석연휴",324,334,131043,10073,1304,0,95,37.2749835507,127.0839257264
용인시,상현도서관,지자체,지자체직영,경기도  용인시 수지구 법조로 232(상현동),031-324-4121,2015-05-20,http://lib.yongin.go.kr/sanghyeon,"평일09:00~22:00(종합자료실),09:00~18:00(유아,어린이자료실,디지털자료실)토일09:00~17:00(유아,어린이,종합,디지털자료실)","평일,주말07:00~22:00,공휴일09:00~18:00","매월1,3번째월요일및법정공휴일","매월1,3번째월요일및신정,설,추석연휴",321,333,144010,12081,1782,0,97,37.2999719376,127.0742875112
용인시,구갈희망누리도서관,지자체,지자체직영,경기도 용인시 기흥구 갈곡로12번길 1,031-324-3417,2006-07-26,http://lib.yongin.go.kr/gugal,"평일09:00018:00,토요일09:00017:00",해당없음,매주일요일및법정공휴일,해당없음,298,,42171,4936,0,0,16,37.2727374420,127.1295629380
용인시,성복도서관,지자체,지자체직영,경기도 용인시 수지구 성복1로164번길 6경기도 용인시 수지구 성복1로164번길 6,031-324-4726,2021-10-28,https://lib.yongin.go.kr/seongbok,"평일09:00~22:00(종합자료실),09:00~18:00(어린이자료실)주말09:00~17:00",해당없음,"매월2,4번째월요일및법정공휴일",해당없음,320,,32356,4962,0,0,80,37.3169135772,127.0631656554
고양시,화정도서관,지자체,지자체직영,경기도 고양시 덕양구 은빛로77번길 8(화정동) 경기도 고양시 덕양구 은빛로77번길 8(화정동),031-8075-9215,2003-09-04,www.goyanglib.or.kr,"평일09:00~22:00(종합자료실,책이음1(연속간행물실),책이음2(디지털자료실),꽃뜰)/09:00~18:00(어린이자료실)주말09:00~18:00(자료실전체)",해당없음,"매월2/4주월요일,법정공휴일",해당없음,324,,140898,11511,5186,64819,211,37.6378448576,126.8370913452
고양시,행신도서관,지자체,지자체직영,경기도 고양시 덕양구 행당로33번길 25-6(행신동),031-8075-9240,1994-05-11,www.goyanglib.or.kr,"평일09:00~22:00(종합자료실,디지털자료실),09:00~18:00(기타자료실)토일09:00~18:00(자료실전체)",(하절기)07:00~23:00(동절기)08:00~23:00,"매월1/3주월요일,법정공휴일","매월1/3주월요일,법정공휴일",325,325,134595,7061,1538,0,150,37.6207691332,126.8283250582
고양시,신원도서관,지자체,지자체직영,경기도 고양시 덕양구 신원 2로 24(신원동) 경기도 고양시 덕양구 신원 2로 24(신원동),031-8075-9340,2014-05-13,www.goyanglib.or.kr,"평일09:00~22:00(종합자료실,디지털자료실),09:00~18:00(기타자료실)토일09:00~18:00(자료실전체)",(하절기)07:00~23:00(동절기)08:00~23:00,"매월2/4주월요일,법정공휴일","매월2/4주월요일,법정공휴일",324,324,77101,2682,1618,0,136,37.6663861525,126.8863642061
고양시,삼송도서관,지자체,지자체직영,경기도 고양시 덕양구 덕수천1로 73(삼송동)경기도 고양시 덕양구 덕수천1로 73(삼송동),031-8075-9360,2014-12-23,www.goyanglib.or.kr,"평일09:00~22:00(종합자료실,디지털자료실)09:00~18:00(어린이자료실,연속간행물실)토일09:00~18:00(자료실전체)",(하절기)07:00~23:00(동절기)08:00~23:00,"매월1/3주월요일,법정공휴일","매월1/3주월요일,법정공휴일",325,325,77233,3112,1051,0,141,37.6488653963,126.8848420219
고양시,행신어린이도서관,지자체,지자체직영어린이,경기도 고양시 덕양구 소원로 181번길 42(행신동) 경기도 고양시 덕양구 소원로 181번길 42(행신동),031-8075-9278,2007-06-29,www.goyanglib.or.kr,09:00~18:00,해당없음,"매월2/4주월요일,법정공휴일",해당없음,324,,90719,10749,970,0,45,37.6147883415,126.8434599674
고양시,별꿈도서관,지자체,지자체직영,경기도 고양시 덕양구 고양대로 1937(동산동)경기도 고양시 덕양구 고양대로 1937(동산동),031-8075-9305,2020-12-24,www.goyanglib.or.kr,평일10:00~19:00/주말09:00~18:00,해당없음,매주월요일및법정공휴일,해당없음,300,,14310,0,0,0,6,37.6457863025,126.8942191203
고양시,아람누리도서관,지자체,지자체직영,경기도 고양시 일산동구 중앙로 1286 (마두동)경기도 고양시 일산동구 중앙로 1286 (마두동),031-8075-9038,2007-06-22,www.goyanglib.or.kr,"평일09:00~22:00(종합자료실,디지털자료실),09:00~18:00(기타자료실)토일09:00~18:00(자료실전체)",해당없음,"매월1/3주월요일,법정공휴일",해당없음,326,,160482,27484,2764,0,197,37.6613085327,126.7731874988
고양시,마두도서관,지자체,지자체직영,경기도 고양시 일산동구 일산로 355(마두동)경기도 고양시 일산동구 일산로 355(마두동),031-8075-9067,1999-05-27,www.goyanglib.or.kr,"평일09:00~22:00(종합자료실,향토문화자료실,책이음),09:00~18:00(어린이자료실)토일09:00~18:00(자료실전체)",해당없음,"매월2/4주월요일,법정공휴일",해당없음,323,,153036,5564,3771,0,130,37.6666808080,126.7820811961
고양시,백석도서관,지자체,지자체직영,경기도 고양시 일산동구 일산로 118 (백석동)경기도 고양시 일산동구 일산로 118 (백석동),031-8075-9090,2003-09-04,www.goyanglib.or.kr,"평일09:00~22:00(종합자료실,디지털자료실),09:00~18:00(기타자료실)토일09:00~18:00(자료실전체)",(하절기)07:00~23:00(동절기)08:00~23:00,"매월1/3주월요일,법정공휴일","매월1/3주월요일,법정공휴일",324,324,130272,5601,2271,0,156,37.6472188037,126.7936268007
고양시,풍동도서관,지자체,지자체직영,경기도 고양시 일산동구 숲속마을로 108 (풍동)경기도 고양시 일산동구 숲속마을로 108 (풍동),031-8075-9148,2008-10-28,www.goyanglib.or.kr,"평일09:00~22:00(종합자료실,디지털자료실),09:00~18:00(기타자료실)토일09:00~18:00(자료실전체)",해당없음,"매월1/3주월요일,법정공휴일",해당없음,325,,83287,5364,1552,0,101,37.6702297559,126.7951549566
고양시,식사도서관,지자체,지자체직영,경기도 고양시 일산동구 위시티2로 43-6 (식사동)경기도 고양시 일산동구 위시티2로 43-6 (식사동),031-8075-9190,2012-02-02,www.goyanglib.or.kr,"평일09:00~22:00(종합자료실,북라운지),09:00~18:00(어린이자료실)토일09:00~18:00(자료실전체)",(하절기)07:00~23:00(동절기)08:00~23:00,"매월2/4주월요일,법정공휴일","매월2/4주월요일,법정공휴일",193,193,82248,6543,1870,0,106,37.6760934526,126.8159196528
고양시,대화도서관,지자체,지자체직영,경기도 고양시 일산서구 일산로 689(대화동)  경기도 고양시 일산서구 일산로 689(대화동),031-8075-9130,2008-03-20,www.goyanglib.or.kr,"평일09:00~22:00(종합자료실,디지털자료실),09:00~18:00(기타자료실)토일09:00~18:00(자료실전체)",(하절기)07:00~23:00(동절기)08:00~23:00,"매월1/3주월요일,법정공휴일","매월1/3주월요일,법정공휴일",325,325,137373,6760,1732,0,141,37.6810445495,126.7539539668
고양시,한뫼도서관,지자체,지자체직영,경기도 고양시 일산서구 탄중로 284(일산동)경기도 고양시 일산서구 탄중로 284(일산동),031-8075-9115,2008-03-21,www.goyanglib.or.kr,"평일09:00~22:00(종합자료실,디지털자료실),09:00~18:00(기타자료실)토일09:00~18:00(자료실전체)",(하절기)07:00~23:00(동절기)08:00~23:00,"매월2/4주월요일,법정공휴일","매월2/4주월요일,법정공휴일",285,285,123569,8667,1922,0,137,37.6935498217,126.7762870179
고양시,주엽어린이도서관,지자체,지자체직영어린이,경기도 고양시 일산서구 주엽로 104(주엽동)경기도 고양시 일산서구 주엽로 104(주엽동),031-8075-9168,2007-06-28,www.goyanglib.or.kr,09:00~18:00,해당없음,"매월두/네번째월요일,법정공휴일",해당없음,324,,103567,17920,1307,0,43,37.6684602083,126.7565064574
고양시,가좌도서관,지자체,지자체직영,경기도 고양시 일산서구 가좌3로 16 (가좌동),031-8075-9380,2016-09-30,www.goyanglib.or.kr,"평일09:00~22:00(종합자료실,디지털자료실),09:00~18:00(어린이자료실),주말09:00~18:00(모든자료실)",(하절기)07:00~23:00(동절기)08:00~23:00,"매월2/4주월요일,법정공휴일","매월2/4주월요일,법정공휴일",324,324,75972,2136,1313,0,117,37.6861717209,126.7203092370
고양시,일산도서관,지자체,지자체위탁,경기도 고양시 일산서구 고양대로 586-65경기도 고양시 일산서구 고양대로 586-65,031-915-1313,2020-12-29,www.goyanglib.or.kr/MU/index.do,"평일09:00~22:00(종합자료실,디지털자료실),09:00~18:00(어린이자료실)토일09:00~18:00(자료실전체)",해당없음,"매월1/3주월요일,법정공휴일",해당없음,325,,38598,2425,541,0,124,37.6849949600,126.7644164289
성남시,중앙도서관,지자체,지자체직영,경기도 성남시 분당구 판교로 546(야탑동)경기도 성남시 분당구 판교로 546(야탑동),031-729-4500,2001-11-13,https://www.snlib.go.kr/ct,"문헌실평일09:00~22:00,주말09:00~18:00기타자료실09:00~18:00(주말동일)",07:00023:00,매주월요일및법정공휴일,"매월첫째,셋째월요일,신정,설날.추석연휴",289,320,304724,14869,10234,59910,72,37.4039682800,127.1347142400
성남시,중원어린이도서관,지자체,지자체직영어린이,경기도 성남시 중원구 산성대로 408번길 42경기도 성남시 중원구 산성대로 408번길 42,031-729-4350,2010-11-12,https://www.snlib.go.kr/cjw,"평일09:00~20:00주말:09:00~18:00(동절기(11~2월)는평일,주말9:00~18:00)",해당없음,매주월요일및법정공휴일,해당없음,297,,92496,13622,4658,0,27,37.4476161129,127.1631503562
성남시,분당도서관,지자체,지자체직영,경기도 성남시 분당구 불정로 110(정자동)경기도 성남시 분당구 불정로 110(정자동),031-729-4800,1999-10-27,https://www.snlib.go.kr/bd,"문헌실평일09:00~22:00,주말09:00~18:00기타자료실09:00~18:00(주말동일)",평일07:00023:00주말07:00~23:00,매주월요일및법정공휴일,"매월둘째,넷째월요일,신정,설날.추석연휴",300,334,307286,17089,10658,0,79,37.3581117579,127.1165756578
성남시,구미도서관,지자체,지자체직영,경기도 성남시 분당구 미금일로 105경기도 성남시 분당구 미금일로 105,031-729-4700,2008-04-16,https://www.snlib.go.kr/gm,"문헌실평일09:00~22:00,주말09:00~18:00기타자료실09:00~18:00(주말동일)","평일,주말07:00023:00",매주금요일및법정공휴일,"매월첫째,셋째금요일,신정,설날.추석연휴",293,333,199122,20817,6468,0,111,37.3455354239,127.1077090646
성남시,무지개도서관,지자체,지자체직영,경기도 성남시 분당구 구미로 111(구미동 224번지)경기도 성남시 분당구 구미로 111(구미동 224번지),031-729-4770,2013-09-03,https://www.snlib.go.kr/mjg,"평일하절기09:00020:00,동절기09:00018:00토일09:00~18:00",평일주말09:00022:00,"매주월요일,법정공휴일","매월첫째,셋째월요일,신정,설날.추석연휴",294,325,41354,3911,0,0,32,37.3396200651,127.1208354427
성남시,판교도서관,지자체,지자체직영,경기도 성남시 분당구 판교공원로 4길 21(판교동)경기도 성남시 분당구 판교공원로 4길 21(판교동),031-729-4900,2010-03-25,https://www.snlib.go.kr/pg,"평일(문헌정보실09:00022:00/어린이실,전자실09:00018:00),주말(문헌정보실09:00018:00,어린이실,전자실09:00018:00)",평일/주말07:00023:00,매주금요일및법정공휴일,"매월둘째·넷째금요일,신정,설날.추석연휴",293,334,206696,14513,5802,0,111,,
성남시,판교어린이도서관,지자체,지자체직영어린이,경기도 성남시 분당구 판교역로 75경기도 성남시 분당구 판교역로 75,031-729-8880,2015-04-20,https://www.snlib.go.kr/cpg,"평일(문헌정보실09:00020:00/어린이열람실09:00018:00),주말(문헌정보실09:00018:00/어린이열람실09:00018:00)",평일07:00023:00주말07:00023:00,매주월요일및법정공휴일,"매월둘째·넷째월요일,신정,설날.추석연휴",298,334,110166,12443,2703,0,35,37.3875216463,127.1076711533
성남시,해오름도서관,지자체,지자체직영,경기도 성남시 중원구 희망로 403경기도 성남시 중원구 희망로 403,031-729-8770,2018-02-28,https://www.snlib.go.kr/hor,"자료실평일09:00~20:00(종합자료실),자료실평일09:00~18:00(어린이자료실,디지털자료실),자료실주말09:00~18:00",평일07:00023:00주말07:00022:00,매주월요일및법정공휴일,"매월첫째,셋째월요일,신정,설날.추석연휴",301,333,64578,4462,1740,0,72,37.4416023036,127.1594241766
성남시,운중도서관,지자체,지자체직영,경기도 성남시 분당구 판교원로 81번길 9경기도 성남시 분당구 판교원로 81번길 9,031-729-4370,2013-04-09,https://www.snlib.go.kr/uj,"평일(문헌정보실09:00020:00/어린이열람실09:00018:00),주말(문헌정보실09:00018:00/어린이열람실09:00018:00)",평일07:00022:00주말07:00022:00,매주월요일및법정공휴일,"매월첫째·셋째월요일,신정,설날·추석연휴",299,333,56648,6247,381,0,41,37.3900410423,127.0750778616
성남시,수정도서관,지자체,지자체위탁,경기도 성남시 수정구 수정로332번길 32경기도 성남시 수정구 수정로332번길 32,031-743-9600,2000-10-25,https://www.snlib.go.kr/sj,"평일09:00022:00(문헌정보실,연속간행물실),09:00018:00(어린이가족열람실,전자정보실)/주말09:00018:00(문헌정보실,연속간행물실,어린이가족열람실,전자정보실)/평일,휴일09:00~18:00(어린이가족열람실,전자정보실)","평일,주말07:00023:00",매주월요일및법정공휴일,"매월둘째,넷째월요일,신정,설날.추석연휴",299,334,300548,9509,15779,0,94,37.4522554431,127.1528634869
성남시,논골도서관,지자체,지자체직영,경기도 성남시 수정구 논골로 23번길 2경기도 성남시 수정구 논골로 23번길 2,031-729-4440,2020-02-11,https://snlib.go.kr/ng,평일09:00~20:00주말:09:00~18:00,해당없음,매주월요일및법정공휴일,해당없음,300,300,16476,172,0,0,16,37.4561970564,127.1599685738
성남시,서현도서관,지자체,지자체직영,경기도 성남시 분당구 중앙공원로 77(서현동)경기도 성남시 분당구 중앙공원로 77(서현동),031-729-8700,2019-01-30,https://www.snlib.go.kr/sh,"평일(종합자료실09:00022:00/어린이열람실,기타자료실09:00018:00),주말(종합자료실,어린이열람실,기타자료실09:00018:00)","열람실평일,주말07:00023:00",매주금요일및법정공휴일,"매월첫째,셋째금요일,신정,설날.추석연휴",295,332,75858,7112,1900,0,54,37.3835901976,127.1324748615
성남시,복정도서관,지자체,지자체직영,경기도 성남시 수정구 복정로 118번길 7경기도 성남시 수정구 복정로 118번길 7,031-729-8710,2020-01-29,https://www.snlib.go.kr/bj,"평일(종합자료실09:00022:00/어린이열람실,기타자료실09:00018:00),주말(종합자료실,어린이열람실,기타자료실09:00018:00)",열람실평일.휴일07:00023:00,매주금요일및법정공휴일,"매월둘째·넷째금요일,신정,설날.추석연휴",296,334,48478,2624,0,0,74,37.4637438892,127.1278537030
성남시,위례도서관,지자체,지자체직영,경기도 성남시 수정구 위례동 순환로 125 위례행정복지센터 4층,031-729-8950,2020-07-01,https://www.snlib.go.kr/wr,"평일09:00020:00(종합자료실),09:00018:00(어린이실),주말09:00018:00",해당없음,매주월요일및법정공휴일,해당없음,300,,28474,4097,0,0,32,37.4713780539,127.1423141394
성남시,라이브러리티티섬,사립(도서문화재단씨앗),사립,"경기도 성남시 중원구 광명로 120, 9-12층경기도 성남시 중원구 광명로 120, 9-12층",031-753-1219,2021-08-31,https://ttsome.org/,수0토13:00021:00,수0토13:00021:00,"매주일,월,화및법정공휴일",해당없음,201,,14925,48,0,33,38,37.4363403222,127.1418140278
성남시,책테마파크도서관,지자체,지자체직영,경기도 성남시 분당구 문정로 145,031-729-1765,2022-11-03,https://www.snlib.go.kr/bt,09:00~18:00,해당없음,매주월요일및공휴일,해당없음,51,,7626,,0,0,8,37.3807921772,127.1520974990
화성시,남양도서관,지자체,지자체직영,경기도 화성시 역골중앙로 143경기도 화성시 역골중앙로 143,031-356-5241,1994-04-01,www.hscitylib.or.kr,"평일09:00~22:00(종합자료실),토/일요일09:00~18:00(어린이자료실,전자정보자료실)",08:00~24:00,매월두번째월요일및법정공휴일,매월두번째월요일및법정공휴일,332,332,126379,8182,0,0,65,37.2103686038,126.8250040616
화성시,태안도서관,지자체,지자체위탁,경기도 화성시 화산중앙로 19경기도 화성시 화산중앙로 19,031-223-4764,1998-03-10,www.hscitylib.or.kr,"평일09:00~22:00(종합자료실),09:00~18:00(어린이자료실,전자정보자료실)토/일요일09:00~18:00(전체)",08:00~24:00,매월두번째월요일및법정공휴일,매월두번째월요일및법정공휴일,331,336,106246,8793,4599,0,62,37.2060388408,127.0138033926
화성시,삼괴도서관,지자체,지자체위탁,경기도 화성시 우정읍 쌍봉로 109-26경기도 화성시 우정읍 쌍봉로 109-26,031-358-2101,2004-04-30,www.hscitylib.or.kr,"평일09:00~22:00(종합자료실),09:00~18:00(어린이자료실,전자정보자료실)토/일요일09:00~18:00(전체)",08:00~24:00,매월두번째월요일및법정공휴일,매월두번째월요일및법정공휴일,332,336,88569,6599,4023,0,52,37.0893119847,126.8143209225
화성시,병점도서관,지자체,지자체위탁,경기도 화성시 병점3로 132-6경기도 화성시 병점3로 132-6,031-226-1822,2005-09-01,www.hscitylib.or.kr,"평일09:00~22:00(종합자료실),09:00~18:00(어린이자료실,전자정보자료실,영어자료실),토/일요일09:00~18:00(전체)",08:00~24:00,매월첫번째월요일및법정공휴일,매월첫번째월요일및법정공휴일,271,272,115861,16460,4774,0,60,37.2123417286,127.0461312318
화성시,봉담도서관,지자체,지자체위탁,경기도 화성시 봉담읍 샘마을 1길 8-4경기도 화성시 봉담읍 샘마을 1길 8-4,031-227-7281,2009-12-23,www.hscitylib.or.kr,"평일09:00~22:00(종합자료실),09:00~18:00(어린이자료실,유아자료실,전자정보자료실)토/일요일09:00~18:00(전체)",08:00~24:00,매월첫번째월요일및법정공휴일,매월첫번째월요일및법정공휴일,335,337,111861,16692,3970,0,80,37.2194115869,126.9490540034
화성시,동탄복합문화센터도서관,지자체,지자체위탁,경기도 화성시 노작로 134 (반송동 108)경기도 화성시 노작로 134 (반송동 108),031-8015-8200,2011-01-02,www.hscitylib.or.kr,"평일09:00~22:00(종합자료실),09:00~18:00(어린이자료실,전자정보자료실)토/일요일09:00~18:00(전체)",08:00~24:00,매월두번째월요일및법정공휴일,매월두번째월요일및법정공휴일,326,334,190842,17189,4329,79833,77,37.2007035756,127.0750146691
화성시,정남도서관,지자체,지자체위탁,경기도 화성시 만년로 527 경기도 화성시 만년로 527,031-8059-4946,2013-06-26,www.hscitylib.or.kr,"평일09:00~22:00(종합자료실,어린이자료실),09:00~18:00(전자정보자료실),토/일요일09:00~18:00(전체)",08:00~24:00,매월첫번째월요일및법정공휴일,매월첫번째월요일및법정공휴일,335,337,38704,4856,1632,0,58,37.1682122738,126.9831381784
화성시,두빛나래어린이도서관,지자체,지자체위탁어린이,경기도 화성시 동탄숲속로69-14 경기도 화성시 동탄숲속로69-14,031-8003-0748,2009-06-23,www.hscitylib.or.kr,"평일,토/일요일09:00~18:00(전체)",해당없음,매월두번째월요일및법정공휴일,해당없음,166,,62864,12753,2197,0,34,37.2092516401,127.0561010102
화성시,둥지나래어린이도서관,지자체,지자체위탁어린이,경기도 화성시 향남읍 행정중앙2로 88경기도 화성시 향남읍 행정중앙2로 88,031-353-8162,2010-03-09,www.hscitylib.or.kr,"평일,토/일요일09:00~18:00(전체)",해당없음,매월첫번째월요일및법정공휴일,해당없음,335,,60699,13462,2034,0,57,37.1291737733,126.9247725937
화성시,진안도서관,지자체,지자체위탁,경기도 화성시 병점중앙로 229경기도 화성시 병점중앙로 229,031-224-9977,2016-09-01,www.hscitylib.or.kr,"평일09:00~22:00(종합자료실),09:00~18:00(어린이자료실,전자정보자료실)토/일요일09:00~18:00(전체)",08:00~24:00,매월첫번째월요일및법정공휴일,매월첫번째월요일및법정공휴일,334,336,81199,8175,3629,0,78,37.2173150650,127.0339061765
화성시,동탄다원이음터도서관,지자체,지자체위탁,경기도 화성시 동탄순환대로 754-14경기도 화성시 동탄순환대로 754-14,031-372-9611,2019-05-07,www.hscitylib.or.kr,"평일09:00~22:00(종합자료실),09:00~18:00(어린이자료실,전자정보자료실)토/일요일09:00~18:00(전체)",08:00~24:00,매월두번째월요일및법정공휴일,매월두번째월요일및법정공휴일,334,335,73719,6096,2630,0,92,37.2105318838,127.1045096193
화성시,송린이음터도서관,지자체,지자체위탁,경기도 화성시 수노을2로 150경기도 화성시 수노을2로 150,031-356-9680,2019-08-30,www.hscitylib.or.kr,"평일09:00~22:00(종합자료실),09:00~18:00(어린이자료실)토/일요일09:00~18:00(전체)",해당없음,매월두번째월요일및법정공휴일,해당없음,334,,50423,4101,0,0,70,37.2773275610,126.8225115907
화성시,목동이음터도서관,지자체,지자체위탁,경기도 화성시 동탄순환대로20길 6경기도 화성시 동탄순환대로20길 6,031-378-6771,2019-12-30,www.hscitylib.or.kr,"평일09:00~22:00(통합자료실),09:00~18:00(뮤직스테이)토/일요일09:00~18:00(전체)",해당없음,매월첫번째월요일및법정공휴일,해당없음,333,,65084,4956,7565,0,17,37.1892857639,127.1238981106
화성시,왕배푸른숲도서관,지자체,지자체위탁,경기도 화성시 동탄대로12길 102경기도 화성시 동탄대로12길 102,031-372-4435,2021-04-29,www.hscitylib.or.kr,평일09:00~22:00주말09:00~18:00,해당없음,매월두번째월요일및법정공휴일,해당없음,334,,42100,3133,0,0,43,37.1792642219,127.1133583127
화성시,서연이음터도서관,지자체,지자체위탁,경기도 화성시 동탄순환대로 8길 57,031-378-1352,2021-08-23,www.hscitylib.or.kr,"평일09:00~22:00(종합자료실),09:00~18:00(어린이자료실)토/일요일09:00~18:00(전체)",해당없음,매달첫번째월요일및법정공휴일,해당없음,334,,31879,1937,0,0,55,37.1605656464,127.1096017465
화성시,노을빛도서관,지자체,지자체위탁,경기도 화성시 병점노을로 19경기도 화성시 병점노을로 19,031-226-3301,2021-09-07,www.hscitylib.or.kr,평일09:00~22:00주말09:00~18:00,해당없음,매월첫번째월요일및법정공휴일,해당없음,335,,22238,2632,0,0,36,37.2012901061,127.0298465979
부천시,상동도서관,지자체,지자체직영,경기도 부천시 상이로 12(상동)경기도 부천시 상이로 12(상동),032-625-4700,2011-10-29,www.bcl.go.kr,"평일09:00022:00(종합자료실)09:00018:00(아동실),09:00~22:00(문학커뮤니티)/토ㆍ일09:00017:00(종합자료실,아동실,문학커뮤니티)",평일09:00022:00휴일09:00~18:00,매주금요일및법정공휴일,매주금요일및법정공휴일,295,,158936,8224,4755,17299,73,37.4901104545,126.7447264196
부천시,꿈빛도서관,지자체,지자체직영,경기도 부천시 신흥로 275번길 19(중동)경기도 부천시 신흥로 275번길 19(중동),032-625-4622,2002-09-10,www.bcl.go.kr,"평일09:00~18:00(종합자료실,아동자료실)/토ㆍ일09:00017:00(종합자료실,아동실자료실)/평일,주말09:00~22:00(전자정보실)",평일09:00022:00주말09:00~18:00,매주월요일및법정공휴일,매주월요일및법정공휴일,300,300,192495,2995,8597,0,40,37.5081027851,126.7737025428
부천시,송내도서관,지자체,지자체직영,경기도 부천시 경인로 92번길 33(송내동)경기도 부천시 경인로 92번길 33(송내동),032-625-4515,2015-12-21,www.bcl.go.kr,"평일09:00~22:00(종합자료실),09:00~18:00(아동자료실,전자정보실)/토ㆍ일09:00017:00(종합자료실,아동실자료실,전자정보실)",평일/주말07:00~22:00,매주금요일및법정공휴일,매주금요일및법정공휴일,295,295,109696,3318,709,0,58,37.4825054606,126.7665645738
부천시,책마루도서관,지자체,지자체직영,경기도 부천시 심중로 121(중동)경기도 부천시 심중로 121(중동),032-625-4645,2007-02-05,www.bcl.go.kr,"평일09:00018:00(종합자료실,아동실,전자정보실)/토ㆍ일09:00~17:00(종합자료실,아동실,전자정보실)",해당없음,매주월요일및법정공휴일,해당없음,300,,107223,4119,6331,0,42,37.4939655177,126.7701064010
부천시,원미도서관,지자체,지자체직영,경기도 부천시 소사로 456(원미동)  경기도 부천시 소사로 456(원미동),032-625-4723,1994-07-01,www.bcl.go.kr,"평일09:00~22:00(종합자료실,아동실)주말09:00~17:00(종합자료실,아동실)",해당없음,매주월요일및법정공휴일,해당없음,298,,225877,2520,10938,0,74,37.4979895039,126.7990397092
부천시,북부도서관,지자체,지자체직영,경기도 부천시 삼작로 301번길 5(도당동)경기도 부천시 삼작로 301번길 5(도당동),032-625-4605,1999-06-01,www.bcl.go.kr,"평일09:00~18:00(종합,아동,전자정보실)주말09:00~17:00(종합,아동,전자정보실)",평일/주말07:00~22:00,매주월요일및법정공휴일,매주월요일및법정공휴일,300,300,137080,1520,12218,0,47,37.5208004111,126.7941300518
부천시,한울빛도서관,지자체,지자체직영,경기도 부천시 소사로 107(소사본동) 경기도 부천시 소사로 107(소사본동),032-625-4668,2008-09-20,www.bcl.go.kr,"평일09:00022:00(종합자료실)09:00018:00(아동실,전자정보실)토ㆍ일09:00017:00(종합자료실,아동실,전자정보실)",평일/주말07:00~22:00,매주금요일및법정공휴일,매주금요일및법정공휴일,295,295,128193,4155,7073,0,78,37.4679422102,126.7966402737
부천시,도당도서관,지자체,지자체직영,경기도 부천시 부천로 360(도당동)경기도 부천시 부천로 360(도당동),032-625-4500,2017-02-07,www.bcl.go.kr,화~토10:00~19:00,해당없음,매주일·월요일및법정공휴일,해당없음,249,,32136,223,0,0,43,37.5160956276,126.7851783965
부천시,오정도서관,지자체,지자체직영,경기도 부천시 성오로 172(오정동)경기도 부천시 성오로 172(오정동),032-625-4106,2017-04-29,www.bcl.go.kr,"평일09:00~22:00(종합자료실)주말09:00~17:00(종합자료실,아동실)",평일/주말07:00022:00,매주금요일및법정공휴일,매주금요일및법정공휴일,295,295,93088,511,616,0,69,37.5283469861,126.7960281955
부천시,동화도서관,지자체,지자체직영,경기도 부천시 장말로 107 복사골문화센터 1층경기도 부천시 장말로 107 복사골문화센터 1층,032-625-4650,2017-10-10,www.bcl.go.kr,화~토09:00~18:00,해당없음,매주일ㆍ월요일및법정공휴일,해당없음,248,,57482,2173,0,0,26,37.4946603891,126.7543640389
부천시,해밀도서관,지자체,지자체위탁,경기도 부천시 옥산로 10번길 4(중동)경기도 부천시 옥산로 10번길 4(중동),032-650-4600,2008-06-02,www.hmlib.or.kr,월0토09:00~18:00월0토09:00~21:00(일반자료실),월0토08:00~22:00,매주일요일및법정공휴일,매주일요일및법정공휴일,295,295,80938,1915,11896,4610,81,37.4944978944,126.7804860221
부천시,만화도서관,(재)한국만화영상진흥원,사립,경기도 부천시 길주로 1(상3동 529-36)경기도 부천시 길주로 1(상3동 529-36),032-310-3054,2018-03-15,www.kmas.or.kr,"평일,주말10:00~18:00",해당없음,"매주월요일,1월1일,설·추석연휴",해당없음,307,,199383,15032,5104,0,92,37.5086718515,126.7437361036
부천시,역곡도서관,지자체,지자체직영,경기도 부천시 지봉로 51번길 54경기도 부천시 지봉로 51번길 54,032-625-4594,2019-05-29,www.bcl.go.kr,"평일09:00~22:00(종합자료실)09:00~18:00(아동실)주말09:00~17:00(종합자료실,아동실)",해당없음,매주월요일및법정공휴일,해당없음,300,,47799,1432,384,0,74,37.4882810169,126.8034514319
부천시,별빛마루도서관,지자체,지자체직영,경기도 부천시 옥길로 105 (옥길동)경기도 부천시 옥길로 105 (옥길동),032-625-9779,2022-07-06,www.bcl.go.kr,"평일07:00~22:00(일반자료실),09:00~18:00(유아,어린이자료실)주말07:00~22:00(일반자료실)09:00~17:00(유아,어린이자료실)",해당없음,매주월요일및법정공휴일,해당없음,148,,57065,4111,0,0,100,37.4667154766,126.8211454450
부천시,수주도서관,지자체,지자체직영,경기도 부천시 고리울로 8번길 77(고강동)경기도 부천시 고리울로 8번길 77(고강동),032-625-4330,2022-07-08,www.bcl.go.kr,"평일09:00~22:00(일반자료실),09:00~18:00(어린이자료실)휴일09:00~17:00(일반자료실,어린이자료실)",해당없음,매주월요일및법정공휴일,해당없음,147,,51055,923,197,0,96,37.5243326452,126.8169456824
남양주시,와부도서관,지자체,지자체직영,경기도 남양주시 와부읍 월문천로 43  경기도 남양주시 와부읍 월문천로 43,031-590-8920,2009-07-14,http://lib.nyj.go.kr/waboo,"평일09:00~22:00(문헌정보실)평일09:00~18:00(어린이자료실)평일09:00~18:00(디지털자료실)/주말및휴일09:00~18:00(문헌정보실,어린이자료실,디지털자료실)",평일및휴일09:00~22:00,"2/4주금요일,1월1일(신정),설·추석연휴","2/4주금요일,1월1일(신정),설·추석연휴",302,302,133109,5645,6141,0,116,37.5856848081,127.2174961929
남양주시,진건도서관,지자체,지자체직영,경기도 남양주시 진건읍 진건오남로 41-25경기도 남양주시 진건읍 진건오남로 41-25,031-590-8260,2006-03-03,http://lib.nyj.go.kr/jingeon,"평일09:00~22:00(문헌정보실)09:00~18:00(어린이실,디지털실)/주말및휴일09:00018:00(어린이실,문헌정보실,디지털실)",평일및휴일09:00~22:00,"2/4주금요일,1월1일(신정),설·추석연휴","2/4주금요일,1월1일(신정),설·추석연휴",311,311,107329,3179,3898,0,116,37.6551388759,127.1774292525
남양주시,평내도서관,지자체,지자체직영,경기도 남양주시 의안로 134  경기도 남양주시 의안로 134,031-590-8560,2010-04-16,http://lib.nyj.go.kr/pynae,"평일09:00~22:00(문헌정보실)09:00~18:00(어린이실,디지털실)/주말및휴일09:00018:00(어린이실,문헌정보실,디지털실)",평일및휴일09:00~22:00,"1/3주월요일,1월1일(신정),설·추석연휴","1/3주월요일,1월1일(신정),설·추석연휴",312,312,107249,17730,2640,0,116,37.6417437863,127.2388997262
남양주시,별내도서관,지자체,지자체직영,경기도 남양주시 별내면 청학로 86-1경기도 남양주시 별내면 청학로 86-1,031-590-8808,2008-06-12,http://lib.nyj.go.kr/bnae,"평일09:00~22:00(문헌정보실),09:00~18:00(통합데스크,어린이자료실,디지털자료실)/휴일09:00~18:00(통합데스크,어린이,디지털,문헌정보실)",평일및휴일09:00~22:00,"2/4주금요일,1월1일(신정),설·추석연휴","2/4주금요일,1월1일(신정),설·추석연휴",308,308,120058,5690,5113,0,114,37.7083468084,127.1178188823
남양주시,진접도서관,지자체,지자체직영,경기도 남양주시 진접읍 금강로 1554-11경기도 남양주시 진접읍 금강로 1554-11,031-590-5310,2013-12-05,http://lib.nyj.go.kr/jinjeop,"평일09:00~22:00(문헌정보실)09:00~18:00(뽀로로실,어린이자료실,디지털자료실)휴일09:00~18:00(뽀로로실,어린이자료실,디지털자료실,문헌정보실)",평일및휴일09:00~22:00,"1/3주월요일1월1일(신정),설·추석연휴","1/3주월요일1월1일(신정),설·추석연휴",311,311,95244,4876,1720,0,113,37.7295976657,127.1941970594
남양주시,오남도서관,지자체,지자체직영,경기도 남양주시 오남읍 양지로240번길 12경기도 남양주시 오남읍 양지로240번길 12,031-590-8531,2010-05-17,http://lib.nyj.go.kr/onam,"평일09:00~22:00(문헌정보실,디지털자료실),09:00~18:00(유아및어린이자료실)/휴일09:00~18:00(유아,어린이,디지털,문헌정보실)",평일및휴일09:00~22:00,"1/3주금요일,1월1일(신정),설·추석연휴","1/3주금요일,1월1일(신정),설·추석연휴",303,303,117029,4186,3179,0,112,37.6979613749,127.1978548691
남양주시,퇴계원도서관,지자체,지자체직영,경기도 남양주시 퇴계원읍 도제원로 12경기도 남양주시 퇴계원읍 도제원로 12,031-590-3910,2012-10-11,http://lib.nyj.go.kr/toegyewon,"평일09:00~22:00(문헌실),09:00~18:00(유아,어린이,디지털)/휴일09:00~18:00(유아,어린이,디지털,문헌실)",평일및휴일09:00~22:00,"2/4주월요일,1월1일(신정),설·추석연휴","2/4주월요일,1월1일(신정),설·추석연휴",311,311,89819,3641,3008,0,118,37.6491248996,127.1453176506
남양주시,별빛도서관,지자체,지자체직영,경기도 남양주시 별내중앙로 102경기도 남양주시 별내중앙로 102,031-590-5350,2016-07-04,http://lib.nyj.go.kr/bbit,"평일09:00~22:00(문헌정보실,디지털자료실),09:00~18:00(유아및어린이자료실)/휴일09:00~18:00(유아,어린이,디지털,문헌정보실)",평일및휴일09:00~22:00,"1/3주월요일,1월1일(신정),설·추석연휴","1/3주월요일,1월1일(신정),설·추석연휴",313,313,83979,6567,1420,0,118,37.6509399182,127.1203238436
남양주시,호평도서관,지자체,지자체직영,경기도 남양주시 천마산로 67경기도 남양주시 천마산로 67,031-590-8340,2017-09-20,http://lib.nyj.go.kr/hp,"평일09:00~22:00(문헌정보실)09:00~18:00(유아자료실,어린이자료실,디지털정보실)/주말및휴일09:00~18:00",평일및휴일09:00~22:00,"2/4주월요일,1월1일(신정),설·추석연휴","2/4주월요일,1월1일(신정),설·추석연휴",311,311,60974,3543,753,0,120,37.6676410787,127.2480048419
남양주시,정약용도서관,지자체,지자체직영,경기도 남양주시 다산중앙로82번안길 138경기도 남양주시 다산중앙로82번안길 138,031-590-2586,2020-05-22,http://lib.nyj.go.kr/jyy,"평일09:00~22:00(종합자료실,멀티미디어자료실)09:00~18:00(어린이자료실)주말/공휴일09:00~18:00(종합자료실,어린이자료실,멀티미디어자료실)",해당없음,"1/3주금요일1월1일(신정),설.추석연휴",해당없음,312,,200789,7200,10311,276648,106,37.6121529081,127.1673496634
남양주시,이석영뉴미디어도서관,지자체,지자체위탁,경기도 남양주시 화도읍 맷돌로 84경기도 남양주시 화도읍 맷돌로 84,031-595-8390,2021-01-14,https://lib.nyj.go.kr/lsy/index.do,"평일09:00~18:00(어린이자료실,디지털자료실)/평일09:00~22:00(종합자료실)/주말09:00~18:00(어린이자료실,종합자료실,디지털자료실)",해당없음,"2/4주금요일1월1일(신정),설.추석연휴",해당없음,312,,43606,1941,369,0,89,37.6581586597,127.2995314600
안산시,중앙도서관,지자체,지자체직영,경기도 안산시 단원구 안산천남로 14(고잔동),031-481-2702,2006-07-21,http://lib.ansan.go.kr,"평일09:00~22:00(문헌자료실)/09:00~18:00(디지털실,어린이실)주말09:00~18:00",평일및주말07:00~22:00(동절기)08:00~22:00,매주월요일및법정공휴일,평일및주말07:00~22:00(동절기)08:00~22:00,300,300,333791,17322,5997,1844,141,37.3043816421,126.8215693521
안산시,감골도서관,지자체,지자체직영,경기도 안산시 상록구 감골공원안길 16-1(사동),031-481-2665,1997-07-31,http://lib.ansan.go.kr,"평일09:00~22:00(문헌자료실)/09:00~18:00(디지털실,어린이실)주말09:00~18:00",평일및주말07:00~22:00(동절기)08:00~22:00,매주금요일및법정공휴일,매주금요일및법정공휴일,295,295,160140,6542,5100,473,107,37.2926586156,126.8545057340
안산시,성포도서관,지자체,지자체직영,경기도 안산시 상록구 충장로 528(성포동),031-481-2757,1997-06-30,http://lib.ansan.go.kr,"평일09:00~22:00(문헌자료실)/09:00~18:00(디지털실,어린이실)주말09:00~18:00",평일및주말07:00~22:00(동절기)08:00~22:00,매주월요일및법정공휴일,매주월요일및법정공휴일,300,300,149391,7048,5462,363,80,37.3251848805,126.8503787260
안산시,상록어린이도서관,지자체,지자체직영어린이,경기도  안산시 상록구 구룡체육관로 45(일동),031-481-2671,2007-11-21,http://lib.ansan.go.kr,평일및주말09:00~18:00,해당없음,매주금요일및법정공휴일,해당없음,295,,110015,13759,4162,0,53,37.3073288520,126.8620311463
안산시,부곡도서관,지자체,지자체직영,경기도 안산시 상록구 성호로 333(부곡동),031-481-3602,2010-07-09,http://lib.ansan.go.kr,평일및주말09:00~18:00,평일및주말09:00~18:00,매주금요일및법정공휴일,매주금요일및법정공휴일,295,295,28242,135,1444,0,20,37.3326963413,126.8608571899
안산시,본오도서관,지자체,지자체직영,경기도 안산시 상록구 각골로 49(본오동),031-481-3697,2013-05-22,http://lib.ansan.go.kr,평일및주말09:00~18:00,평일및주말09:00~18:00,매주월요일및법정공휴일,매주월요일및법정공휴일,300,300,34844,50,552,0,25,37.2939981621,126.8722865991
안산시,관산도서관,지자체,지자체직영,경기도 안산시 단원구 관산길 29(원곡동),031-481-2751,1993-07-30,http://lib.ansan.go.kr,"평일09:00~22:00(문헌자료실)/09:00~18:00(한옥어린이자료실,미디어정보실)주말09:00~18:00",평일09:00~22:00주말09:00~18:00,매주금요일및법정공휴일,매주금요일및법정공휴일,190,190,204590,16095,5493,16,117,37.3321421216,126.7995790024
안산시,선부도서관,지자체,지자체직영,경기도 안산시 단원구 선부로 100(선부동),031-481-3888,2015-01-22,http://lib.ansan.go.kr,평일및주말09:00~18:00,평일및주말09:00~18:00,매주월요일및법정공휴일,매주월요일및법정공휴일,300,300,48079,3769,1888,0,68,37.3411404676,126.8061448903
안산시,대부도서관,지자체,지자체직영,경기도 안산시 단원구 대남로 30(대북북동),031-481-3955,2015-11-12,http://lib.ansan.go.kr,평일및주말09:00~18:00,평일및주말09:00~18:00,매주월요일및법정공휴일,매주월요일및법정공휴일,300,300,43107,2092,1702,0,24,37.2404716828,126.5831164874
안산시,원고잔도서관,지자체,지자체직영,경기도 안산시 단원구 원고잔공원로 33(고잔동),031-481-3876,2013-04-17,http://lib.ansan.go.kr,평일및주말09:00~18:00,평일및주말09:00~18:00,매주금요일및법정공휴일,매주금요일및법정공휴일,295,295,40581,1586,0,0,31,37.3246718973,126.8247617704
안산시,수암도서관,지자체,지자체직영,경기도 안산시 상록구 원당골1길 23-3(수암동),031-481-3967,2017-06-07,http://lib.ansan.go.kr,평일및주말09:00~18:00,평일및주말09:00~18:00,매주월요일및법정공휴일,매주월요일및법정공휴일,300,300,26497,0,1582,0,22,37.3643314121,126.8771556507
안산시,반월도서관,지자체,지자체직영,경기도 안산시 상록구 반월새싹길 39-3(건건동),031-481-2663,2018-12-17,http://lib.ansan.go.kr,평일및주말09:00~18:00,평일09:00~22:00주말09:00~18:00,매주월요일및법정공휴일,매주월요일및법정공휴일,300,300,37772,548,1774,0,20,37.3093263345,126.9027971009
평택시,평택시립비전도서관,지자체,지자체직영,경기도 평택시 비전로 27 (비전동)경기도 평택시 비전로 27 (비전동),031-8024-5477,1992-10-31,www.ptlib.go.kr,평일09:00022:00(종합자료실)09:00018:00(어린이자료실)주말09:00018:00(전체자료실),평일/주말08:00~24:00(휴관일제외),매월2/4주월요일및법정공휴일,매월2/4주월요일및법정공휴일,324,324,119949,3714,3908,11369,70,36.9958850211,127.0937113627
평택시,안중도서관,지자체,지자체직영,경기도 평택시 안중읍 서동대로 1531경기도 평택시 안중읍 서동대로 1531,031-8024-8346,2005-05-30,www.ptlib.go.kr,"평일09:00022:00(제1,2종합자료실)평일09:00018:00(어린이자료실)주말09:00018:00(전체자료실)",평일/주말08:00~24:00,"매월1,3주월요일및법정공휴일","매월1,3주월요일및법정공휴일",325,325,159984,10651,9123,4717,64,36.9901340680,126.9201464674
평택시,청북도서관,지자체,지자체직영,경기도 평택시 청북읍 안청로2길 60경기도 평택시 청북읍 안청로2길 60,031-8024-8580,2015-11-12,www.ptlib.go.kr,평일10:00~19:00주말09:00~18:00,해당없음,매주월요일및법정공휴일,해당없음,300,,39150,2360,2102,0,10,37.0206736777,126.9181382480
평택시,오성도서관,지자체,지자체직영,경기도 평택시 오성면 오성새싹길 3경기도 평택시 오성면 오성새싹길 3,031-8024-8565,2013-09-27,www.ptlib.go.kr,평일10:00~19:00토요일09:00~18:00,해당없음,"매주일,월및공휴일",해당없음,252,,43406,2564,2413,0,35,37.0077087131,126.9797421876
평택시,지산초록도서관,지자체,지자체직영,경기도 평택시 지산로 48경기도 평택시 지산로 48,031-8024-7451,2006-11-06,www.ptlib.go.kr,평일09:00022:00(종합자료실)09:00018:00(어린이자료실)주말09:00018:00(전체자료실),해당없음,매월2/4주월요일및법정공휴일,해당없음,324,,141342,12013,8253,0,72,37.0789680836,127.0603381311
평택시,장당도서관,지자체,지자체직영,경기도 평택시 장당길 116경기도 평택시 장당길 116,031-8024-7465,2014-01-24,www.ptlib.go.kr,평일09:00~22:00(종합자료실외09:00~18:00)주말09:00~18:00(전체자료실),평일/주말08:00~24:00(휴관일제외),매월1/3주월요일및법정공휴일,매월1/3주월요일및법정공휴일,325,325,115008,7819,6768,10,81,37.0528627333,127.0652123803
평택시,세교도서관,지자체,지자체직영,경기도 평택시 은실고가길 180 (세교동)경기도 평택시 은실고가길 180 (세교동),031-8024-5445,2018-03-28,www.ptlib.go.kr,"평일10:00~19:00,주말09:00~18:00",해당없음,매주월요일및법정공휴일,해당없음,300,,46898,2511,1485,0,31,37.0064154134,127.0786613804
평택시,배다리도서관,지자체,지자체직영,경기도 평택시 죽백6로 20경기도 평택시 죽백6로 20,031-8024-5467,2018-10-31,www.ptlib.go.kr,"종합자료실09:00022:00(평일)/09:00020:00(주말)어린이자료실09:00018:00(평일,주말)",해당없음,매월1/3주월요일및법정공휴일,해당없음,325,,211709,16958,11482,1651,102,37.0022351359,127.1193929393
안양시,만안도서관,지자체,지자체직영,경기도 안양시 만안구 냉천로 51(안양동),031-8045-6160,1992-09-03,lib.anyang.go.kr,"평일09:00022:00(종합자료실),09:00018:00(어린이자료실,디지털간행물실)/주말09:00017:00",하절기07:00~23:00동절기08:00~23:00,매주금요일및법정공휴일,1.3주금요일및법정공휴일,295,314,252609,4524,6790,0,133,37.3861764961,126.9262151210
안양시,박달도서관,지자체,지자체직영,경기도 안양시 만안구 박달로 459 (박달동),031-8045-6183,2006-03-03,lib.anyang.go.kr,"평일09:00022:00(종합자료실),09:00018:00(어린이자료실,디지털자료실)/주말09:00017:00",하절기07:00~23:00동절기08:00~23:00,매주금요일및법정공휴일,"1,3주금요일및법정공휴일",295,314,87564,4237,5987,0,102,37.4025414459,126.9035608254
안양시,삼덕도서관,지자체,지자체직영,경기도 안양시 만안구 병목안로58(안양동),031-8045-6350,2016-10-31,lib.anyang.go.kr,"평일09:00022:00(종합자료실),09:00018:00(어린이자료실,디지털간행물실)/주말09:00017:00",하절기07:00~23:00동절기08:00~23:00,매주월요일및법정공휴일,"1,3주월요일및법정공휴일",300,316,69141,2623,1657,0,133,37.3963991185,126.9153930441
안양시,평촌도서관,지자체,지자체직영,경기도 안양시 동안구 관평로 213(관양동),031-8045-6201,1994-04-26,lib.anyang.go.kr,"평일09:00022:00(종합자료실),09:00~18:00(어린이자료실,참고자료실,디지털자료실)/주말09:00~17:00",하절기07:00~23:00동절기08:00~23:00,매주금요일및법정공휴일,"1,3주금요일및법정공휴일",295,314,217252,13362,10522,299,285,37.3960962358,126.9577617964
안양시,관양도서관,지자체,지자체직영,경기도 안양시 동안구 동편로 124(관양동) 경기도 안양시 동안구 동편로 124(관양동),031-8045-6321,2016-06-13,lib.anyang.go.kr,"평일09:00~22:00(제1종합자료실),09:00~18:00(제2종합자료실,어린이자료실)/주말09:00~17:00",하절기07:00~23:00동절기08:00~23:00,매주금요일및법정공휴일,"1,3주금요일및법정공휴일",314,295,83928,4397,2035,0,116,37.4109797929,126.9681069910
안양시,비산도서관,지자체,지자체직영,경기도 안양시 동안구 관악대로 123 (비산동),031-8045-6243,2010-10-01,lib.anyang.go.kr,"평일09:00~22:00(종합자료실),09:00~18:00(어린이자료실,디지털자료실)/주말09:00~17:00",하절기07:00~23:00동절기08:00~23:00,매주월요일및법정공휴일,"1,3주월요일및법정공휴일",300,316,87256,6858,4996,0,132,37.3991120357,126.9376519309
안양시,호계도서관,지자체,지자체직영,경기도 안양시 동안구 경수대로 685번길 26(호계동),031-8045-6261,1998-03-03,lib.anyang.go.kr,"평일09:00~22:00(종합자료실),09:00~18:00(어린이자료실,디지털간행물실)/주말09:00~17:00",하절기07:00~23:00동절기08:00~23:00,매주월요일및법정공휴일,"1,3주월요일및법정공휴일",300,313,142766,7397,10112,0,186,37.3830471124,126.9505474195
안양시,안양어린이도서관,지자체,지자체직영어린이,경기도 안양시 동안구 동안로 66(호계동),031-8045-6281,2007-10-12,lib.anyang.go.kr,평일)10:00~19:00토일)10:00~18:00,해당없음,매주월요일및법정공휴일,해당없음,301,,94382,13293,7329,12889,71,37.3849857450,126.9545885544
시흥시,중앙도서관,지자체,지자체직영,경기도 시흥시 정왕대로 191경기도 시흥시 정왕대로 191,031-310-5230,2002-05-25,https://lib.siheung.go.kr/,"평일09:00022:00(종합자료실),09:00018:00(어린이자료실)/주말09:00018:00(종합자료실,어린이자료실)",해당없음,매주월요일및법정공휴일,해당없음,300,,273682,5025,4699,15594,23,37.3481423035,126.7356508307
시흥시,능곡도서관,지자체,지자체직영,경기도 시흥시 능곡중앙로 85경기도 시흥시 능곡중앙로 85,031-310-2560,2010-08-14,https://lib.siheung.go.kr/,"평일09:00022:00(종합자료실),09:00018:00(어린이자료실,멀티미디어실)/주말09:00018:00(종합자료실,어린이자료실,멀티미디어실)",평일및주말08:00~22:00,매주금요일및법정공휴일,매주금요일및법정공휴일,295,295,91055,2077,1741,0,18,37.3713774904,126.8131849527
시흥시,대야도서관,지자체,지자체직영,경기도 시흥시 은행로 173번길 14경기도 시흥시 은행로 173번길 14,031-310-5274,1996-01-09,https://lib.siheung.go.kr/,"평일09:00022:00(종합자료실),09:00018:00(어린이자료실)/주말09:00018:00(종합자료실,어린이자료실)",해당없음,매주금요일및법정공휴일,해당없음,295,,80292,882,3667,0,23,37.4455175348,126.7968163486
시흥시,군자도서관,지자체,지자체직영,경기도 시흥시 군자로 499경기도 시흥시 군자로 499,031-310-5191,2010-03-25,https://lib.siheung.go.kr/,"평일09:00~22:00(종합자료실),09:00~18:00(어린이자료실)/주말09:00~18:00(종합자료실,어린이자료실)",평일및주말08:00~22:00,매주월요일및법정공휴일,매주월요일및법정공휴일,300,300,71185,4333,1655,0,18,37.3456214738,126.7851493127
시흥시,정왕어린이도서관,지자체,지자체직영어린이,경기도 시흥시 정왕시장길45,031-310-5181,2009-11-23,https://lib.siheung.go.kr/,평일/주말09:00~18:00,해당없음,매주금요일및법정공휴일,해당없음,276,,58838,8238,1210,0,12,37.3453288972,126.7481321955
시흥시,신천도서관,지자체,지자체직영,경기도 시흥시 신천로 89-18경기도 시흥시 신천로 89-18,031-310-2570,2011-01-17,https://lib.siheung.go.kr/,"평일10:00~22:00(종합자료실),10:00~18:00(어린이자료실)/휴일10:00018:00(종합,어린이자료실)",해당없음,매주월요일및법정공휴일,해당없음,300,,45636,363,558,0,13,37.4384072604,126.7850363135
시흥시,매화도서관,지자체,지자체직영,경기도 시흥시 매화로 20경기도 시흥시 매화로 20,031-310-2581,2012-01-30,https://lib.siheung.go.kr/,"평일10:00~22:00(종합자료실),10:00~18:00(어린이자료실)/휴일10:00018:00(종합,어린이자료실)",해당없음,매주월요일및법정공휴일,해당없음,300,,42980,266,479,0,13,37.4176762884,126.8155423759
시흥시,월곶도서관,지자체,지자체직영,경기도 시흥시 월곶해안로 161번길 7경기도 시흥시 월곶해안로 161번길 7,031-310-5252,2012-12-26,https://lib.siheung.go.kr/,"평일09:00022:00(종합자료실),09:00018:00(어린이자료실)/주말09:00~18:00(종합,어린이자료실)",해당없음,매주월요일및법정공휴일,해당없음,300,,38401,1170,248,0,15,37.3888066559,126.7362322582
파주시,중앙도서관,지자체,지자체직영,경기도 파주시 쇠재로 33경기도 파주시 쇠재로 33,031-940-5661,2005-05-20,lib.paju.go.kr,"평일09:00~18:00(어린이실,디지털기록관)09:00~20:00(5층스토리&)09:00~22:00(3,4층자료실,커뮤니티실)주말09:00~18:00",해당없음,"매월첫째,셋째,다섯째월요일/법정공휴일",해당없음,313,,240144,8373,7051,16908,164,37.7499917315,126.7706977130
파주시,금촌도서관,지자체,지자체직영,경기도 파주시 시민회관길 40경기도 파주시 시민회관길 40,031-940-4381,1994-09-27,lib.paju.go.kr,평일09:00~18:00,평일08:00~22:00주말08:00~20:00,매주월요일/법정공휴일,매주월요일/법정공휴일,300,300,53015,226,757,0,52,37.7585125181,126.7800480030
파주시,문산도서관,지자체,지자체직영,경기도 파주시 문산읍 개포래로 42경기도 파주시 문산읍 개포래로 42,031-940-8432,1994-09-17,https://lib.paju.go.kr/mslib,종합자료실:09:00~18:00학술정보실('22.1~6월):09:00~20:00학술정보실('22.7~12월):09:00~22:00,해당없음,"첫째,셋째,다섯째월요일",해당없음,317,,79494,2740,2022,0,104,37.8532955134,126.7833443778
파주시,적성도서관,지자체,지자체직영,경기도 파주시 적성면 청송로 1013경기도 파주시 적성면 청송로 1013,031-940-8552,2010-04-07,https://lib.paju.go.kr,"평일09:00~20:00,주말09:00~18:00",해당없음,"매주2,4,5주월요일및법정공휴일",해당없음,321,,44531,1302,1708,0,79,37.9542690134,126.9176241334
시흥시,장곡도서관,지자체,지자체직영,경기도 시흥시 인선길 52경기도 시흥시 인선길 52,031-310-5233,2015-04-10,https://lib.siheung.go.kr/,"평일09:00022:00(종합자료실),09:00018:00(어린이자료실)/주말09:00~18:00(종합,어린이자료실)",해당없음,매주월요일및법정공휴일,해당없음,297,,38335,750,133,0,17,37.3775798514,126.7829711521
시흥시,목감도서관,지자체,지자체직영,경기도 시흥시 솔고개길 33경기도 시흥시 솔고개길 33,031-310-2590,2019-02-22,https://lib.siheung.go.kr/,"평일09:00022:00(종합자료실),09:00018:00(어린이자료실)/주말09:00018:00(종합,어린이자료실)",평일및주말08:00~22:00,매주월요일및법정공휴일,매주월요일및법정공휴일,300,300,55669,1573,104,0,17,37.3855642212,126.8612897865
시흥시,배곧도서관,지자체,지자체직영,경기도 시흥시 배곧4로 102,031-310-5280,2020-10-15,https://lib.siheung.go.kr/,"평일09:00~22:00(종합),09:00~20:00(청소년),09:00~18:00(어린이)/주말09:00~18:00(종합,청소년,어린이)",평일및주말08:00~22:00,매주금요일및법정공휴일,매주금요일및법정공휴일,295,295,52575,1826,48,10,24,37.3734407125,126.7338017190
김포시,중봉도서관,지자체,지자체직영,경기도 김포시 봉화로130번길 26(북변동)경기도 김포시 봉화로130번길 26(북변동),031-5186-4800,1998-12-29,http://www.gimpo.go.kr/lib/index.do,"평일09:00~18:00(유아자료실),09:00~18:00(어린이자료실,제1자료실,제2자료실,연속간행물실,디지털자료실),주말09:00~17:00",평일및주말07:00~22:00,매주월요일및법정공휴일,매주월요일및법정공휴일,300,300,379134,2238,8034,0,295,37.6258380208,126.7068992466
김포시,고촌도서관,지자체,지자체직영,경기도 김포시 고촌읍 장차로 14경기도 김포시 고촌읍 장차로 14,031-5186-4850,2018-03-30,http://www.gimpo.go.kr/lib/index.do,"평일09:00~22:00(종합자료실),09:00~18:00(어린이자료실),토일09:00~17:00",해당없음,매주금요일및법정공휴일,해당없음,294,,86240,8662,448,0,94,37.6032943838,126.7709654179
김포시,통진도서관,지자체,지자체직영,경기도 김포시 통진읍 조강로 132,031-5186-4980,2009-08-05,http://www.gimpo.go.kr/lib/index.do,"평일09:00~22:00(종합자료실,디지털자료실),09:00~18:00(어린이자료실,장애인및다문화자료실),토일09:00~17:00",평일및주말08:00~22:00,매주수요일및법정공휴일,매주수요일및법정공휴일,297,297,159914,13481,4843,0,101,37.6939514537,126.5920339724
김포시,장기도서관,지자체,지자체직영,경기도 김포시 김포한강2로 42(장기동)경기도 김포시 김포한강2로 42(장기동),031-5186-4680,2019-01-08,http://www.gimpo.go.kr/lib/index.do,"평일09:00~22:00(종합자료실),09:00~18:00(어린이자료실),토일09:00~17:00",해당없음,매주금요일및법정공휴일,해당없음,295,,145449,3160,0,9558,195,37.6417821753,126.6766022237
김포시,풍무도서관,지자체,지자체직영,경기도 김포시 풍무로146번길 101(풍무동)경기도 김포시 풍무로146번길 101(풍무동),031-5186-4870,2019-05-16,http://www.gimpo.go.kr/lib/index.do,"평일09:00~22:00(종합자료실),09:00~18:00(어린이자료실),토일09:00~17:00",해당없음,매주월요일및법정공휴일,해당없음,300,,111293,4152,0,0,112,37.6075172966,126.7291523264
파주시,법원도서관,지자체,지자체직영,경기도 파주시 법원읍 사임당로 947경기도 파주시 법원읍 사임당로 947,031-940-4194,1997-12-26,lib.paju.go.kr,평일09:00~20:00주말09:00~18:00,해당없음,"매월둘째,넷째,다섯째월요일/법정공휴일",해당없음,321,,67830,433,1831,0,76,37.8474960741,126.8863326268
파주시,행복어린이도서관,지자체,지자체직영어린이,경기도 파주시 통일로 1680 문산행복센터 3층경기도 파주시 통일로 1680 문산행복센터 3층,031-940-8571,2011-05-03,lib.paju.go.kr,평일및주말09:00~18:00,해당없음,매주월요일및법정공휴일,해당없음,300,,29069,1104,0,0,54,37.8567487942,126.7910067907
수원시,슬기샘어린이도서관,지자체,지자체위탁어린이,경기도 수원시 장안구 송정로 9(송죽동),031-242-6633,2005-11-21,http://www.suwonlib.go.kr/skid,화~일09:00~18:00,해당없음,매주월요일및법정공휴일,해당없음,300,,118993,10347,4252,0,53,37.2975775129,126.9991336554
수원시,바른샘어린이도서관,지자체,지자체위탁어린이,경기도 수원시 영통구 매봉로 10경기도 수원시 영통구 매봉로 10,031-216-9373,2005-11-22,http://www.suwonlib.go.kr/bkid,화~일09:00~18:00,해당없음,매주월요일및법정공휴일,해당없음,300,,119661,12289,3593,0,55,37.2688561279,127.0523677315
수원시,한아름도서관,지자체,지자체위탁,경기도 수원시 팔달구 권광로 293(인계동),031-218-0420,2000-01-26,www.suwonlib.go.kr/sycc,"청소년자료실(화~금)09:00~21:00,청소년자료실(토)09:00~18:00,아동자료실09:00~18:00,(일요일)09:00~18:00","09:00~21:00(화~금),09:00~18:00(토)(일요일)09:00~18:00",매주월요일및법정공휴일,매주월요일및법정공휴일,298,298,47969,,10,0,54,37.2742363442,127.0356985864
수원시,사랑샘도서관,지자체,지자체위탁,경기도 수원시 영통구 창룡대로 255(이의동) 수원시장애인종합복지관 내경기도 수원시 영통구 창룡대로 255(이의동) 수원시장애인종합복지관 내,031-548-5660,2006-10-28,http://www.suwonlib.go.kr/,평일09:00~18:00,해당없음,"매주토요일,일요일,법정공휴일",해당없음,247,,27900,389,3743,0,28,37.2955735830,127.0360300663
수원시,희망샘도서관,지자체위탁,지자체위탁,경기도 수원시 권선구 매송고색로 620,031-291-6942,2006-12-15,http://www.suwonlib.go.kr/swhope,"희망샘월0금:09:00~22:00,토09:00~20:00,깊은샘월0토09:00~18:00",해당사항없음,"매주일요일,법정공휴일",해당사항없음,298,,34077,2857,1309,0,42,37.2477428437,126.9728985098
수원시,반달어린이도서관,지자체,지자체위탁어린이,경기도 수원시 영통구 반달로 45경기도 수원시 영통구 반달로 45,031-201-8350,2004-07-27,https://www.suwonlib.go.kr/bandal/index.asp,09:00~18:00,해당사항없음,"토,일,국경일",해당사항없음,226,,34439,0,0,0,0,37.2506946278,127.0773388139
수원시,화홍어린이도서관,사립(대한불교진각종),사립어린이,경기도 수원시 팔달구 수원천로 361경기도 수원시 팔달구 수원천로 361,031-254-2585,2005-05-02,www.suwonlib.go.kr/hwahong/,평일:오전10~오후5/일요일오전11~오후5시,해당없음,"매주월요일,법정공휴일",해당없음,248,,12244,,500,0,10,37.2856637605,127.0171159081
용인시,포곡도서관,지자체,지자체직영,경기도 용인시 처인구 포곡읍 포곡로278번길 8,031-324-4631,2006-11-15,http://lib.yongin.go.kr/pogok,"평일09:00~22:00(종합자료실),09:00~18:00(기타자료실)토일09:00~17:00","07:00~22:00,공휴일09:00~18:00","매월1,3번째월요일및법정공휴일","매월1,3번째월요일및신정,설,추석연휴",321,333,172832,11017,3709,0,105,37.2789010985,127.2325779466
용인시,모현도서관,지자체,지자체직영,경기도 용인시 처인구 모현읍 백옥대로 2378,031-324-4351,2012-05-25,http://lib.yongingo.Kr/mohyeon,"평일09:00~22:00(종합자료실),평일09:00~18:00(어린이자료실)휴일09:00~17:00","열람실평일07:00~22:00,휴일07:00~22:00","매월2,4번째월요일및법정공휴일","매월2,4번째월요일및법정공휴일",324,334,118041,10620,5661,0,95,37.3357172035,127.2496371898
용인시,보라도서관,지자체,지자체직영,경기도 용인시 기흥구 한보라2로 116,031-324-4331,2012-07-18,http://lib.yongin.go.kr/bora,"평일09:00~22:00(종합자료실),09:00~18:00(기타자료실)토일09:00~17:00","07:00~22:00,공휴일09:00~18:00","매월2,4번째월요일및법정공휴일","매월2,4번째월요일및신정,설,추석연휴",324,334,138921,13048,1926,0,118,37.2484147849,127.1090249576
용인시,이동꿈틀도서관,지자체,지자체직영,경기도 용인시 처인구 이동읍 경기동로705번길 16,031-324-4660,2017-01-24,http://lib.yongin.go.kr/idong,평일09:00~18:00토일09:00~17:00,09:00~22:00,매주월요일및법정공휴일,매주월요일및법정공휴일,302,302,36109,1835,418,0,22,37.1391131773,127.1997427053
용인시,동백도서관,지자체,지자체직영,경기도 용인시 기흥구 동백3로 80,031-324-4651,2009-06-08,http://lib.yongin.go.kr/dongbaek,"평일09:00~22:00(종합자료실),09:00~18:00(기타자료실)토일09:00~17:00","07:00~22:00,공휴일09:00~18:00","매월2,4번째월요일및법정공휴일","매월2,4번째월요일및신정,설,추석연휴",324,334,159254,17267,4237,0,117,37.2741571836,127.1580368327
하남시,세미도서관,지자체,지자체직영,경기도 하남시 세미로 1길 15 경기도 하남시 세미로 1길 15,031-790-6804,2018-12-18,www.hanamlib.go.kr/selib,자료실평일09:00~22:00(3층어린이/일반자료실)평일09:00~18:00(2층유아자료실)주말09:00~18:00,해당없음,매주금요일및법정공휴일,해당없음,293,,28625,1337,174,0,30,37.5434431495,127.1940987225
하남시,디지털도서관,지자체,지자체직영,경기도 하남시 미사강변한강로 290-2경기도 하남시 미사강변한강로 290-2,031-790-6811,2018-12-24,www.hanamlib.go.kr/dilib,"09:00~18:00(어린이가족실,멀티미디어실,디지털정보실)",08:00~22:00,매주금요일및일요일을제외한법정공휴일,매주금요일및일요일을제외한법정공휴일,293,293,0,0,1414,322654,0,37.5630551265,127.1970078160
하남시,미사도서관,지자체,지자체직영,경기도 하남시 아리수로 545경기도 하남시 아리수로 545,031-790-6884,2020-05-29,www.hanamlib.go.kr/mslib,"평일09:00~22:00(종합자료실,디지털자료실)09:00~18:00(어린이자료실)주말09:00~18:00(종합자료실,디지털자료실,어린이자료실",해당없음,매월화요일및일요일을제외한법정공휴일,해당없음,294,,116534,7931,4051,10,128,37.5676177515,127.1873189265
하남시,위례도서관,지자체,지자체직영,경기도 하남시 위례대로 230경기도 하남시 위례대로 230,031-790-6036,2021-06-28,https://www.hanamlib.go.kr/wilib,"평일09:00~22:00(종합자료실,디지털실),09:00~18:00(어린이실)주말09:00~18:00",해당없음,매주목요일및법정공휴일,해당없음,296,,41275,2695,0,2221,50,37.4821674854,127.1483478914
하남시,일가도서관,지자체,지자체직영,경기도 하남시 미사강변남로 10경기도 하남시 미사강변남로 10,031-5182-1046,2021-08-30,https://www.hanamlib.go.kr/iglib/index.do,"평일,토요일09:00~18:00",0,매주일요일및법정공휴일,매주일요일및법정공휴일,298,,22869,763,11,358,17,37.5586206446,127.1833371105
군포시,중앙도서관,지자체,지자체직영,경기도 군포시 수리산로 79(산본동),031-390-8866,2008-04-29,www.gunpolib.go.kr,"평일:09:00~22:00(일반자료실1,2),09:00~18:00(어린이가족실)토·일:09:00~18:00",해당없음,"매주금요일,법정공휴일",해당없음,295,,360289,27491,6878,21210,268,37.3553973918,126.9157450657
군포시,산본도서관,지자체,지자체직영,경기도 군포시 광정로 96 (산본동)경기도 군포시 광정로 96 (산본동),031-395-4316,1994-07-15,www.gunpolib.go.kr,리모델링으로임시휴관(21.7.1~),리모델링으로임시휴관(21.7.1~),리모델링으로임시휴관(21.7.1~),리모델링으로임시휴관(21.7.1~),,,188302,10690,16712,6478,0,37.3615809905,126.9286948223
군포시,대야도서관,지자체,지자체직영,경기도 군포시 대야2로139경기도 군포시 대야2로139,031-501-5407,2003-12-17,www.gunpolib.go.kr,"평일9:00~22:00(종합자료실,디지털자료실),9:00~18:00(아동실)주말9:00~18:00(종합자료실,어린이자료실,디지털자료실)",평일7:00~23:00토7:00~23:00일9:00~18:00,"신정,구정,추석연휴","신정,구정,추석연휴",354,354,105338,5091,4950,0,80,37.3303101530,126.9153637169
군포시,부곡도서관,지자체,지자체직영,경기도 군포시 송부로221번길 3-10,031-390-4094,2013-05-28,www.gunpolib.go.kr,"평일화~금9:00~22:00(종합자료실,디지털자료실),9:00~18:00(어린이자료실)주말9:00~18:00(종합자료실,어린이자료실,디지털자료실)","화~일7:00~23:00월,공휴일9:00~18:00",매주월요일및법정공휴일,"신정,구정,추석연휴",300,338,93504,5147,2516,0,50,37.3240990351,126.9356605601
군포시,군포어린이도서관,지자체,지자체직영어린이,경기도 군포시 고산로 677번길 21경기도 군포시 고산로 677번길 21,031-390-8677,2006-05-04,www.gunpolib.go.kr,"평일,주말(09:00~18:00)",해당없음,"매주월요일,법정공휴일",해당없음,300,,105369,10583,4877,0,38,37.3722157170,126.9321266517
하남시,덕풍도서관,지자체,지자체직영,경기도 하남시 역말로 14경기도 하남시 역말로 14,031-790-6959,2016-11-01,https://www.hanamlib.go.kr/dulib/index.do#n,"자료실평일,주말09:00~18:00(종합자료실,어린이자료실)","열람실평일09:00~22:00,휴일09:00~22:00",매주일요일및법정공휴일,매주일요일및법정공휴일,296,296,24548,1531,0,0,37,37.5335087727,127.2005795335
오산시,중앙도서관,지자체,지자체직영,경기도 오산시 운암로 85경기도 오산시 운암로 85,031-8036-6140,2008-12-29,http://osanlibrary.go.kr/jungang/main.do,"평일09:00~22:00,주말및법정공휴일09:00~18:00","평일및주말07:00~24:00,법정공휴일09:00~18:00","신정,설날연휴,추석연휴,매월첫째월요일","신정,설날연휴,추석연휴,매월첫째월요일",341,341,228009,12370,2519,7218,39,37.1538822281,127.0769323226
오산시,꿈두레도서관,지자체,지자체직영,경기도 오산시 세마역로 20경기도 오산시 세마역로 20,031-8036-6520,2014-04-12,http://www.osanlibrary.go.kr/kkumdure/main.do,"평일09:00~22:00,주말및법정공휴일09:00~18:00","평일및주말07:00~24:00,법정공휴일09:00~18:00","신정,설날연휴,추석연휴,매월셋째월요일","신정,설날연휴,추석연휴,매월셋째월요일",339,339,133166,6982,1009,0,26,37.1815652629,127.0454817775
오산시,햇살마루도서관,지자체,지자체직영어린이,경기도 오산시 오산로 132번길 28-6(원동)경기도 오산시 오산로 132번길 28-6(원동),031-8036-6500,2007-07-18,http://www.osanlibrary.go.kr/hatsalmaru,평일09:00~20:00주말및법정공휴일09:00~18:00,해당없음,"신정,설날연휴,추석연휴,매월첫째월요일",해당없음,341,,47463,2141,0,0,13,37.1383773237,127.0717493105
오산시,청학도서관,지자체,지자체직영,경기도 오산시 창학로65경기도 오산시 창학로65,031-8036-6490,1992-03-19,http://www.osanlibrary.go.kr/cheonghak/main.do,"평일09:00~22:00,주말및법정공휴일09:00~18:00","평일및주말07:00~24:00,법정공휴일09:00~18:00","신정,설날연휴,추석연휴,매월셋째월요일","신정,설날연휴,추석연휴,매월셋째월요일",341,341,81649,2171,566,0,15,37.1549364408,127.0643695613
오산시,양산도서관,지자체,지자체직영,경기도 오산시 양산로 410번길 34 경기도 오산시 양산로 410번길 34,031-8036-6143,2010-05-13,http://www.osanlibrary.go.kr/yangsan/main.do,"평일09:00~22:00,주말및법정공휴일09:00~18:00","평일및주말07:00~24:00,법정공휴일09:00~18:00","신정,설날연휴,추석연휴,매월첫째월요일","신정,설날연휴,추석연휴,매월첫째월요일",341,341,55824,4123,948,0,18,37.1942955079,127.0321998336
오산시,소리울도서관,지자체,지자체직영,경기도 오산시 경기대로 102-25(원동)경기도 오산시 경기대로 102-25(원동),031-8036-6670,2019-07-22,http://www.osanlibrary.go.kr/soriul/main.do,"평일09:00~22:00,주말및법정공휴일09:00~18:00",해당없음,"신정,설날연휴,추석연휴,매월첫째월요일",해당없음,341,,35189,305,2203,0,8,37.1325564683,127.0748894526
양주시,꿈나무도서관,지자체,지자체직영,경기도 양주시 백석읍 꿈나무로 199경기도 양주시 백석읍 꿈나무로 199,031-8082-7401,2006-06-02,http://www.libyj.go.kr/,"평일?주말:09:00~18:00(어린이유아자료실,만화자료실)09:00~22:00(일반자료실)",09:00~22:00,매주금요일및법정공휴일,매주금요일및법정공휴일,295,295,159681,5519,3064,0,26,37.7923681353,126.9872825346
양주시,남면도서관,지자체,지자체직영,경기도 양주시 남면 개나리17길 24경기도 양주시 남면 개나리17길 24,031-8082-7430,2009-04-30,http://www.libyj.go.kr/,평일:09:00~18:00(자료실)주말:09:00~18:00(자료실),09:00~22:00,매주월요일및법정공휴일,법정공휴일,300,300,62523,2547,1745,0,18,37.8981581360,126.9758807053
양주시,광적도서관,지자체,지자체직영,경기도 양주시 광적면 광적로 42번길 5경기도 양주시 광적면 광적로 42번길 5,031-8082-7480,2016-12-20,http://www.libyj.go.kr/,평일:09:00~18:00(어린이자료실)09:00~22:00(일반자료실)주말:09:00~18:00,해당없음,매주월요일및법정공휴일,해당없음,298,,46127,2238,503,0,22,37.8231196156,126.9828770976
양주시,양주희망도서관,지자체,지자체직영,경기도 양주시 삼숭로 38번길 78-47경기도 양주시 삼숭로 38번길 78-47,031-8082-7460,2015-03-26,http://www.libyj.go.kr/,"평일:09:00018:00(어린이자료실)09:00~22:00(일반자료실)주말:09:00018:00(어린이자료실,일반자료실)",09:00~22:00,매주월요일및법정공휴일,매주월요일및법정공휴일,147,147,61614,2797,533,0,37,37.7957854796,127.1072599203
양주시,덕정도서관,지자체,지자체직영,경기도 양주시 화합로1371번길 11경기도 양주시 화합로1371번길 11,031-8082-7420,1994-12-15,http://www.libyj.go.kr/,"평일09:00~22:00(일반자료실)09:00~18:00(어린이자료실디지털자료실)주말09:00~18:00(일반자료실,어린이자료실,디지털자료실)",09:00~22:00,매주월요일및법정공휴일,매주월요일및법정공휴일,280,280,75893,5051,3641,956,35,37.8428770840,127.0631959895
양주시,고읍도서관,지자체,지자체직영,경기도 양주시 고읍남로 207경기도 양주시 고읍남로 207,031-8082-7440,2011-09-30,http://www.libyj.go.kr/,"평일:09:00~18:00(어린이자료실),09:00~22:00(일반자료실)주말:09:00~18:00(어린이자료실,일반자료실)",09:00~22:00,매주금요일및법정공휴일,매주금요일및법정공휴일,297,297,62937,2685,1301,0,38,37.7920208952,127.0844620367
양주시,옥정호수도서관,지자체,지자체직영,경기도 양주시 옥정동로7길 110경기도 양주시 옥정동로7길 110,031-8082-7470,2019-10-31,http://www.libyj.go.kr/,"0열린자료실,일반자료실:평일09:00~22:00,주말09:00~18:000어린이자료실:평일09:00~18:00,주말09:00~18:00",해당없음,매주월요일및법정공휴일,해당없음,297,,81670,4509,2548,13426,83,37.8229540575,127.0948330916
이천시,청미도서관,지자체,지자체직영,경기도 이천시 장호원읍 서동대로 8829번길 53-6경기도 이천시 장호원읍 서동대로 8829번길 53-6,031-644-4371,2002-12-27,www.icheonlib.go.kr,"평일09:00~22:00(문헌정보실),09:00~18:00(어린이도서관)토,일09:00~18:00(문헌정보실,어린이도서관)",08:00~23:00,"매주월요일,법정공휴일","신정,설연휴,추석연휴",300,357,106328,3854,3945,0,50,37.1169740018,127.6152189202
이천시,이천어린이도서관,지자체,지자체직영어린이,경기도 이천시 남천로 31경기도 이천시 남천로 31,031-644-4380,2009-06-22,www.icheonlib.go.kr,"평일,토일:09:00~18:00",해당없음,"매주월요일,법정공휴일",해당없음,291,,87066,12343,5788,0,37,37.2781516232,127.4405533809
이천시,마장도서관,지자체,지자체직영,경기도 이천시 마장면 마장로 11경기도 이천시 마장면 마장로 11,031-645-3440,2018-05-30,www.icheonlib.go.kr,"평일09:00~22:00(종합자료실),09:00~18:00(어린이자료실),휴일09:00~18:00(종합자료실,어린이자료실,디지털자료실)",08:00~23:00,"매주월요일,법정공휴일","신정,설날연휴,추석연휴",299,356,40466,2311,0,0,39,37.2539281359,127.3541374186
구리시,인창도서관,지자체,지자체직영,경기도 구리시 건원대로34번길 90(인창동)경기도 구리시 건원대로34번길 90(인창동),031-550-2936,2003-08-30,http://www.gurilib.go.kr,"평일09:00~22:00(종합자료실)평일09:00~18:00(어린이자료실,디지털자료실)주말09:00~17:00(종합·어린이·멀티자료실)",평일08:00~23:00주말08:00~22:00,"매월둘째,넷째월요일/법정공휴일","매월둘째,넷째월요일/신정,설,추석당일",322,334,243209,7124,16613,60998,123,37.6052851998,127.1458544621
구리시,토평도서관,지자체,지자체직영,경기도 구리시 장자대로140  경기도 구리시 장자대로140,031-550-8325,2010-04-27,http://www.gurilib.go.kr,평일09:00~22:00(종합자료실)평일09:00~18:00(어린이자료실·디지털자료실)주말09:00~17:00(종합·어린이·디지털자료실),평일08:00~23::00주말08:00~22:00,"매월첫째,셋째월요일/법정공휴일","매월첫째,셋째월요일/신정,설·추석당일",325,336,169109,10677,6247,0,119,37.5861673118,127.1457525058
구리시,교문도서관,지자체,지자체직영,경기도 구리시 안골로30번길 45경기도 구리시 안골로30번길 45,031-550-2593,1994-05-09,http://www.gurilib.go.kr,평일09:00~22:00(종합자료실)평일09:00~18:00(어린이·멀티자료실)주말09:00~17:00(종합·어린이·멀티자료실),평일08:00~22:00주말08:00~22:00,"매월첫째,셋째금요일/법정공휴일","매월첫째,셋째금요일/신정,설,추석당일",,,160694,3705,8040,0,0,37.5951827353,127.1345631928
안성시,중앙도서관,지자체,지자체직영,경기도 안성시 안성맞춤대로 1150(금산동),031-676-7941,2008-11-13,www.apl.go.kr,"평일,휴일09:00~22:00(종합,디지털자료실)평일,휴일09:00~18:00(어린이자료실)",평일08:00~24:00휴일08:00~24:00,매주월요일및일요일을제외한법정공휴일,매주월요일및일요일을제외한법정공휴일,300,300,393743,17461,15978,98564,119,37.0152577418,127.2684759583
안성시,공도도서관,지자체,지자체직영,경기도 안성시 공도읍 공도5로 26,031-678-3210,2010-06-07,www.apl.go.kr,"평일,휴일09:00~22:00(종합,디지털자료실)평일,휴일09:00~18:00(어린이자료실)",평일08:00~24:00휴일08:00~24:00,매주금요일및일요일을제외한법정공휴일,매주금요일및일요일을제외한법정공휴일,271,271,152192,8841,1644,0,73,37.0033586276,127.1726958695
안성시,보개도서관,지자체,지자체직영,경기도 안성시 보개면 종합운동장로 205,031-678-5330,1996-07-20,www.apl.go.kr,"평일09:00~20:00(책다락만화책방,독립출판물전시실)평일09:00~18:00(종합자료실,그림책방)휴일09:00~18:00(책다락만화책방,독립출판물전시실,종합자료실,그림책방)",해당없음,매주월요일및일요일을제외한법정공휴일,해당없음,300,,81943,997,2067,0,36,37.0150533641,127.3225016593
안성시,진사도서관,지자체,지자체직영,경기도 안성시 공도읍 진사2길 70,031-678-4090,2014-03-03,www.apl.go.kr,"평일,휴일09:00~22:00(종합자료실)09:00~18:00(어린이자료실)",평일09:00~22:00휴일09:00~18:00,매주월요일및일요일을제외한법정공휴일,매주월요일및일요일을제외한법정공휴일,300,300,88534,6702,1648,0,42,36.9941093434,127.1443144700
안성시,아양도서관,지자체,지자체직영,경기도 안성시 아양로 88(옥산동)경기도 안성시 아양로 88(옥산동),031-678-0730,2020-08-18,www.apl.go.kr,"평일,휴일09:00~22:00(종합자료실),09:00~18:00(어린이자료실)",해당없음,매주금요일및일요일을제외한법정공휴일,해당없음,295,,44297,15751,772,0,45,37.0050108609,127.2562108174
의왕시,중앙도서관,지자체,지자체직영,경기도 의왕시 골우물길 49,031-345-3641,2007-05-31,www.uwlib.or.kr/jungang,"평일09:00~18:00(어린이책마루)평일09:00~22:00(문헌정보실,디지털정보실)주말09:00~18:00",07:00~23:00,매주월요일및법정공휴일(일요일제외),매주월요일및법정공휴일(일요일제외),300,300,191047,10204,7827,7965,123,37.3422472538,126.9695178933
의왕시,내손도서관,지자체,지자체직영,경기도 의왕시 내손동 복지로 109,031-345-2631,2011-07-22,www.uwlib.or.kr/naeson,"평일09:00~18:00(유아글마루,어린이글마루)평일09:00~22:00(디지털정보실,문헌정보실)주말09:00~18:00",07:00~23:00,매주금요일및법정공휴일(일요일제외),매주금요일및법정공휴일(일요일제외),235,235,200416,16084,14601,17,150,37.3875500740,126.9816249519
의왕시,글로벌도서관,지자체,지자체직영어린이,경기도 의왕시 보식골로 30-10,031-345-3691,2010-09-13,www.uwlib.or.kr/global,"평일09:00~20:00,주말09:00~18:00",평일09:00~20:00주말09:00~18:00,매주금요일및법정공휴일(일요일제외),매주금요일및법정공휴일(일요일제외),295,295,36067,53988,5162,0,42,37.3579123634,126.9713385898
의왕시,포일어울림도서관,지자체,지자체직영,경기도 의왕시 안양판교로 82,031-345-2792,2021-09-30,www.uwlib.or.kr/poil,평일09:00~22:00주말09:00~18:00,해당없음,매주월요일및법정공휴일(일요일제외),해당없음,269,,17301,1042,342,0,16,37.3962078466,126.9826725094
의왕시,백운호수도서관,지자체,지자체직영,경기도 의왕시 백운중앙로 74,031-345-3436,2022-05-26,www.uwlib.or.kr/baegun,평일09:00~22:00주말09:00~18:00,해당없음,매주월요일및법정공휴일(일요일제외),해당없음,168,,11208,901,0,0,20,37.3700753134,127.0076193814
포천시,중앙도서관,지자체,지자체직영,경기도 포천시 신북면 중앙로207번길 26경기도 포천시 신북면 중앙로207번길 26,031-538-3911,2012-03-02,https://lib.pocheon.go.kr/center,"평일09:00~22:00(종합,디지털),09:00~18:00(어린이),주말09:00~18:00(종합,디지털,어린이)","평일,주말09:00~24:00동절기평일,주말09:00~23:00","매월마지막주월요일,법정공휴일,근로자의날","매월마지막주월요일,법정공휴일,근로자의날",331,334,105693,4699,855,5094,49,37.9052590143,127.2064279090
포천시,소흘도서관,지자체,지자체직영,경기도 포천시 소흘읍 송우로 101-29  경기도 포천시 소흘읍 송우로 101-29,031-538-3951,2010-01-06,https://lib.pocheon.go.kr/soheul,"평일09:00~22:00(종합,디지털),09:00~18:00(어린이),주말09:00~18:00(종합,디지털,어린이)","평일,주말09:00~24:00동절기평일,주말09:00~23:00","매월마지막월요일,법정공휴일,근로자의날","매월마지막월요일,법정공휴일,근로자의날",334,334,67640,4155,1654,8,37,37.8296458132,127.1375576078
포천시,가산도서관,지자체,지자체직영,경기도 포천시 가산면 선마로 223경기도 포천시 가산면 선마로 223,031-538-3981,2014-11-20,https://lib.pocheon.go.kr/gasan,"평일09:00~20:00(종합),09:00~18:00(어린이),주말09:00~18:00(종합,어린이)","평일09:00~20:00,주말09:00~18:00","매주월요일,법정공휴일,근로자의날","매주월요일,법정공휴일,근로자의날",293,293,40358,3610,1130,0,21,37.8482080931,127.1861378215
포천시,일동도서관,지자체,지자체직영,경기도 포천시 일동면 화동로 1021경기도 포천시 일동면 화동로 1021,031-538-3931,2006-03-07,https://lib.pocheon.go.kr/ildong,"평일09:00~22:00,주말09:00~18:00",해당없음,"매주월요일,법정공휴일,근로자의날",해당없음,334,,76971,4770,2956,0,43,37.9549078724,127.3155515678
포천시,영북도서관,지자체,지자체직영,경기도 포천시 영북면 운천안길 3경기도 포천시 영북면 운천안길 3,031-538-3971,2013-09-12,https://lib.pocheon.go.kr/yeongbuk,"평일09:00~20:00(종합),09:00~18:00(어린이),주말09:00~18:00(종합,어린이)","평일,주말09:00~22:00","매주월요일,법정공휴일,근로자의날","매주월요일,법정공휴일,근로자의날",296,296,40299,1696,1352,0,45,38.0877213089,127.2742343673
포천시,선단도서관,지자체,지자체직영,경기도 포천시 선단동 삼육사로 2186번길 7경기도 포천시 선단동 삼육사로 2186번길 7,031-538-3990,2021-02-24,https://lib.pocheon.go.kr/seondan,"평일09:00~20:00(종합),09:00~18:00(어린이),주말09:00~18:00(종합,어린이)",해당없음,"매주월요일,법정공휴일,근로자의날","매주월요일,법정공휴일,근로자의날",297,,21745,1846,174,0,23,37.8536608270,127.1600950233
양평군,중앙도서관,지자체,지자체직영,경기도 양평군 양평읍 양근로 240-9경기도 양평군 양평읍 양근로 240-9,031-770-2730,1993-05-01,www.yplib.go.kr,종합자료실평일09:00~20:00종합자료실주말09:00~18:00,열람실평일09:00~22:00열람실주말09:00~18:00,종합자료실(법정공휴일),"매주월요일,법정공휴일",346,304,141042,2581,13092,9585,39,37.4859085463,127.4943330382
양평군,용문도서관,지자체,지자체직영,경기도 양평군 용문면 용문로 395경기도 양평군 용문면 용문로 395,031-770-2710,2006-08-01,www.yplib.go.kr,종합자료실평일09:00~20:00종합자료실주말09:00~18:00어린이자료실평일및주말09:00~18:00,열람실평일09:00~20:00열람실주말09:00~18:00,"종합자료실(법정공휴일)어린이자료실(매주월요일,법정공휴일)","매주월요일,법정공휴일",339,291,85642,2436,3218,0,40,37.4871674752,127.5962160807
양평군,지평도서관,지자체,지자체직영,경기도 양평군 지평면 지평의병로116번길 5경기도 양평군 지평면 지평의병로116번길 5,031-770-2561,2011-07-29,www.yplib.go.kr,종합자료실평일09:00~20:00종합자료실주말09:00~18:00어린이자료실평일및주말09:00~18:00,열람실평일09:00~20:00열람실주말09:00~18:00,"종합자료실(법정공휴일)어린이자료실(매주월요일,법정공휴일)","매주월요일,법정공휴일",345,299,43061,155,1539,0,24,37.4736859735,127.6385755440
양평군,양동도서관,지자체,지자체직영,경기도 양평군 양동면 학둔지아래길 93     경기도 양평군 양동면 학둔지아래길 93,031-770-2571,2010-12-22,www.yplib.go.kr,종합자료실평일09:00~20:00종합자료실주말09:00~18:00어린이자료실평일및주말09:00~18:00,열람실평일09:00~20:00열람실주말09:00~18:00,"종합자료실(법정공휴일)어린이자료실(매주월요일,법정공휴일)","매주월요일,법정공휴일",328,286,40766,1216,2647,0,7,37.4191940733,127.7546863650
양평군,양평어린이도서관,지자체,지자체직영어린이,경기도 양평군 양평읍 양근로 240-9경기도 양평군 양평읍 양근로 240-9,031-770-2735,2006-02-23,www.yplib.go.kr,어린이자료실평일및주말09:00~18:00,해당없음,"매주월요일,법정공휴일",해당없음,301,,58566,4873,4520,0,11,37.4859085463,127.4943330382
여주시,여주도서관,지자체,지자체직영,경기도 여주시 여양로 190-17경기도 여주시 여양로 190-17,031-885-4242,2012-03-29,www.yjlib.go.kr,평일09:00~22:00휴일09:00~18:00,해당없음,매주금요일및법정공휴일,해당없음,295,,151088,13719,5896,8036,79,37.2997306025,127.6511865479
여주시,세종도서관,지자체,지자체직영,경기도 여주시 영릉로 125경기도 여주시 영릉로 125,031-886-5006,1999-03-19,www.yjlib.go.kr,임시휴관(리모델링),임시휴관(리모델링),임시휴관(리모델링),임시휴관(리모델링),,,176855,1439,12094,0,0,37.2969215129,127.6252300415
여주시,점동도서관,지자체,지자체직영,경기도 여주시 점동면 청안로 130-15경기도 여주시 점동면 청안로 130-15,031-887-3311,2018-02-09,www.yjlib.go.kr,평일09:00~22:00(종합자료실)평일09:00~19:00(아동자료실)주말09:00~18:00,해당없음,매주월요일및법정공휴일,해당없음,298,,30316,649,1877,0,66,37.2051937199,127.6630221302
여주시,대신도서관,지자체,지자체직영,경기도 여주시 대신면 율촌1길 12-10경기도 여주시 대신면 율촌1길 12-10,031-887-3361,2019-04-01,www.yjlib.go.kr,평일09:00~21:00(종합자료실)평일09:00~19:00(아동자료실),해당없음,매주월요일및법정공휴일,해당없음,300,,25626,0,1146,0,74,37.3714666800,127.5844464327
여주시,금사도서관,지자체,지자체직영,"경기도 여주시 흥천면 이여로 1278-2, 3층경기도 여주시 흥천면 이여로 1278-2, 3층",031-887-3390,2020-02-14,www.yjlib.go.kr,"평일,주말10:00~19:00",해당없음,매주월요일및법정공휴일,해당없음,299,,13367,928,696,0,57,37.3883296535,127.5345452954
여주시,여주기적의도서관,지자체,지자체직영,경기도 여주시 양화로913경기도 여주시 양화로913,031-887-2965,2021-12-31,www.yjlib.go.kr,"평일09:00~22:00(종합자료실),평일09:00~19:00(어린이자료실),휴일09:00~18:00(종합,어린이자료실)평일09:00~19:00(아동자료실)주말09:00~18:00",해당없음,매주월요일및법정공휴일,해당없음,277,,14803,0,0,0,58,37.2972094688,127.5716247943
동두천시,동두천시립도서관,지자체,지자체직영,경기도 동두천시 상패로 60경기도 동두천시 상패로 60,031-860-3261,1996-07-05,http://lib.ddc.go.kr,"평일,주말09:00~18:00(어린이자료실,책누리실)평일,주말08:00~22:00(커뮤니티실)휴일08:00~18:00(커뮤니티실)","평일,주말08:00~22:00월요일,공휴일08:00~18:00",매주월요일및법정공휴일,"1월1일,설연휴,추석연휴",302,326,207217,3034,4074,1788,69,37.9066756399,127.0476443490
동두천시,꿈나무정보도서관,지자체,지자체직영어린이,경기도 동두천시 지행로 38경기도 동두천시 지행로 38,031-860-3281,2005-09-14,https://lib.ddc.go.kr,"자료실평일,휴일09:00~18:00",해당없음,매주금요일및법정공휴일,해당없음,297,,142711,13581,3472,557,68,37.8921430371,127.0513954391
과천시,정보과학도서관,지자체,지자체직영,경기도 과천시 중앙로24,02-2150-3008,2002-05-16,http://www.gclib.go.kr/,"?평일09:00~22:00(정보자료센터,문학미디어센터),09:00~18:00(어린이정보센터)?휴일09:00~18:00",해당없음,매주금요일및법정공휴일및개관일,해당없음,294,,304147,30054,20292,9547,105,37.4187456970,126.9897163363
과천시,문원도서관,지자체,지자체직영,경기도 과천시 문원로 104,02-2150-3080,2012-02-13,http://www.gclib.go.kr/,"?평일09:00~22:00(일반자료실),09:00~18:00(어린이자료실)?휴일09:00~18:00",해당없음,"첫째둘째금요일,법정공휴일및개관일",해당없음,311,,69463,,1315,15,43,37.4249591100,127.0074184244
가평군,한석봉도서관,지자체,지자체직영,경기도 가평군 가평읍 문화로 187,031-580-4041,2018-04-20,www.gaplib.go.kr,"자료실평일09:00~22:00(문헌정보실),평일09:00~18:00(어린이실,디지털자료실)휴일10:00~18:00(문헌정보실,어린이실,디지털자료실)","열람실(평일,휴일동일)07:00~24:00","신정,설연휴,추석연휴","신정,설연휴,추석연휴",355,355,153968,329,5518,8226,44,37.8296805386,127.5064545772
가평군,설악도서관,지자체,지자체직영,경기도 가평군 설악면 자잠로 65,031-580-4312,2009-03-13,www.gaplib.go.kr,"자료실평일09:00~22:00(문헌정보실),평일09:00~18:00(어린이실,디지털자료실)휴일10:00~18:00(문헌정보실,어린이실,디지털자료실)","열람실(평일,휴일동일)07:00~24:00","신정,설연휴,추석연휴","신정,설연휴,추석연휴",355,355,66251,9424,1581,0,43,37.6833678921,127.4909270078
가평군,청평도서관,지자체,지자체직영,경기도 가평군 청평면 은고개로 31,031-580-4330,2012-01-27,www.gaplib.go.kr,"자료실평일09:00~22:00(문헌정보실),평일09:00~18:00(어린이실,디지털자료실)휴일10:00~18:00(문헌정보실,어린이실,디지털자료실)","열람실(평일,휴일동일)07:00~24:00","신정,설연휴,추석연휴","신정,설연휴,추석연휴",355,355,76987,2148,1546,0,47,37.7395060278,127.4242285158
연천군,중앙도서관,지자체,지자체직영,경기도 연천군 전곡읍 전은길 9-26,031-839-4411,1993-03-11,http://library.yeoncheon.go.kr,"평일,휴일09:00~23:00(종합자료실,멀티미디어실)/평일,휴일09:00~21:00(어린이자료실)/평일,휴일09:00~18:00(영유아자료실)/매주금요일09:00~18:00(종합자료실)","열람실평일,휴일09:00~23:00열람실매주금요일09:00~18:00",법정공휴일(일요일제외),법정공휴일(일요일제외),209,209,99698,6361,693,42860,42,38.0323305809,127.0709954454
연천군,연천도서관,지자체,지자체직영,경기도 연천군 연천읍 차현로 76-7,031-839-4401,2007-04-13,http://library.yeoncheon.go.kr,"자료실평일,휴일09:00~23:00(종합자료실,멀티미디어실,어린이자료실)","열람실평일,휴일09:00~23:00",매주월요일및법정공휴일(일요일제외),매주월요일및법정공휴일(일요일제외),308,308,71418,119,1793,0,17,38.0981262819,127.0767127464
군포시,당동도서관,지자체,지자체직영,경기도 군포시 산본로 197번길 36경기도 군포시 산본로 197번길 36,031-390-8810,1993-12-29,www.gunpolib.go.kr,"평일화~금09:00~22:00(종합자료실),09:00~18:00(어린이자료실,디지털자료실)주말9:00~18:00(종합자료실,어린이자료실,디지털자료실)","화~일7:00~23:00월,공휴일09:00~18:00",매주월요일및법정공휴일,"신정,구정,추석연휴",337,300,108114,6655,5135,0,73,37.3537092292,126.9451608182
오산시,초평도서관,지자체,지자체직영,경기도 오산시 발안로 1353-11경기도 오산시 발안로 1353-11,031-8036-6142,2011-05-01,http://www.osanlibrary.go.kr/chopyeong/main.do,"평일09:00~22:00,주말및법정공휴일09:00~18:00","평일및주말07:00~24:00,법정공휴일09:00~18:00","신정,설날연휴,추석연휴,매월셋째월요일","신정,설날연휴,추석연휴,매월셋째월요일",341,341,44730,4892,804,0,18,37.1424661610,127.0465490600
양주시,덕계도서관,지자체,지자체직영,"경기도 양주시 평화로 1475번길 39(덕계동), 회천2동 복합청사 7ㆍ8층경기도 양주시 평화로 1475번길 39(덕계동), 회천2동 복합청사 7ㆍ8층",031-8082-7450,2014-03-31,http://www.libyj.go.kr/,"평일:09:00~18:00(어린이자료실),09:00~22:00(일반자료실)주말:09:00~18:00(어린이자료실,일반자료실)",해당없음,매주금요일및법정공휴일,해당없음,296,,72660,9773,878,0,28,37.8216702081,127.0467433727
이천시,이천시립도서관,지자체,지자체직영,경기도 이천시 설봉로 81번길 50경기도 이천시 설봉로 81번길 50,031-644-4351,1997-11-03,www.icheonlib.go.kr,"종합자료실평일09시~22시토일(문헌정보실,디지털자료실):09:00~18:00평일,토일(가족열람실):09:00~18:00",08:00~23:00,"매주월요일,법정공휴일","신정,설연휴,추석연휴",299,357,169730,4478,5219,8673,71,37.2867851494,127.4369139513
안성시,일죽도서관,지자체,지자체직영,경기도 안성시 일죽면 금일로 433,031-678-3230,2015-10-19,www.apl.go.kr,평일09:00~19:00휴일09:00~19:00,해당없음,"매주일요일,법정공휴일",해당없음,298,298,45280,1370,886,0,30,37.0905708752,127.4770340087
이천시,효양도서관,지자체,지자체직영,경기도 이천시 부발읍 경충대로 2250번길 35경기도 이천시 부발읍 경충대로 2250번길 35,031-644-4391,2014-03-31,www.icheonlib.go.kr,"평일09:00~22:00(종합자료실),09:00~18:00(어린이자료실),09:00~20:00(디지털자료실),휴일09:00~18:00(종합자료실,어린이자료실,디지털자료실)",08:00~23:00,매주금요일및법정공휴일,"신정,설연휴,추석연휴",296,353,118831,9437,3126,0,62,37.2615967288,127.4779407899
포천시,영중꿈나무도서관,지자체,지자체직영어린이,경기도 포천시 영중면 양문로 151경기도 포천시 영중면 양문로 151,031-538-3945,2006-11-06,https://lib.pocheon.go.kr/yeongjung,운영시간09:00~18:00,해당없음,"매주일요일,월요일,법정공휴일,근로자의날",해당없음,250,,31333,1111,1777,0,14,38.0057091103,127.2454852872
양평군,양서친환경도서관,지자체,지자체직영,경기도 양평군 양서면 양수로 108경기도 양평군 양서면 양수로 108,031-770-2592,2009-05-01,www.yplib.go.kr,종합자료실평일09:00~22:00종합자료실주말09:00~18:00,열람실평일09:00~22:00열람실주말09:00~18:00,"종합자료실(법정공휴일)어린이자료실(매주월요일,법정공휴일)","매주월요일,법정공휴일",347,305,47755,2268,2926,0,34,37.5423105124,127.3236024471
가평군,조종도서관,지자체,지자체직영,경기도 가평군 조종면 조종희망로 26번길 22,031-580-4302,2006-11-06,www.gaplib.go.kr,"자료실평일09:00~22:00(문헌정보실),평일09:00~18:00(어린이실,디지털자료실)휴일10:00~18:00(문헌정보실,어린이실,디지털자료실)","열람실(평일,휴일동일)07:00~24:00","신정,설연휴,추석연휴","신정,설연휴,추석연휴",355,355,74837,0,1972,0,38,37.8183044593,127.3529658183
파주시,금촌3동솔빛도서관,지자체,지자체위탁,경기도 파주시 시청로 194경기도 파주시 시청로 194,031-944-8211,2012-03-27,lib.paju.go.kr/gclib3,평일및주말09:00~18:00,해당없음,매주월요일및법정공휴일,해당없음,299,,53176,1478,0,0,68,37.7714089704,126.7783674066
파주시,한울도서관,지자체,지자체직영,경기도 파주시 교하로 239경기도 파주시 교하로 239,031-940-5007,2018-12-13,lib.paju.go.kr,"평일09:00~22:00(문헌정보실),09:00~18:00(어린이실,멀티미디어실)/주말09:00~18:00",해당없음,매주금요일및법정공휴일,해당없음,294,,63847,537,977,757,148,37.7171125562,126.7436304764
의정부시,의정부과학도서관,지자체,지자체직영,경기도 의정부시 추동로 124번길 52경기도 의정부시 추동로 124번길 52,031-828-8670,2007-10-10,www.uilib.go.kr,"평일09:00~21:00,주말09:00~18:00",해당없음,"매주금요일,법정공휴일",해당없음,295,,167807,9607,7727,21825,96,37.7447367030,127.0691308750
의정부시,의정부미술도서관,지자체,지자체직영,경기도 의정부시 민락로 248경기도 의정부시 민락로 248,031-828-8870,2019-11-29,www.uilib.go.kr,"주중10:00~21:00,주말10:00~18:00",해당없음,"매주월요일,법정공휴일",해당없음,301,,43248,6377,0,1610,100,37.7451725634,127.1061200487
광명시,하안도서관,지자체,지자체직영,경기도 광명시 철망산로 46경기도 광명시 철망산로 46,02-2680-2871,1993-07-20,gmlib.gm.go.kr,"평일09:00~18:00(어린이자료실)/09:00~20:00(디지털자료실,메이커스페이스)/09:00~22:00(종합자료실)/토일09:00~17:00(어린이자료실,디지털자료실,메이커스페이스,종합자료실)",07:00~23:00,매주금요일및법정공휴일,매주금요일및법정공휴일,300,300,244856,13748,16269,1,207,37.4678532158,126.8737420595
광명시,연서도서관,지자체,지자체직영,경기도 광명시 연서일로 10,02-2680-6630,2020-09-28,gmlib.gm.go.kr,"평일09:00~18:00(어린이자료실)/09:00~22:00(종합자료실)/09:00~22:00(우리동네사랑방)/토일09:00~17:00(어린이자료실,종합자료실,우리동네사랑방)",해당없음,매주금요일및법정공휴일,해당없음,295,,39125,2817,1187,0,83,37.4828760646,126.8647830117
화성시,경기화성교육도서관,경기도교육청,교육청직영,경기도 화성시 향남읍 발안로 85-10,031-369-5700,2006-07-28,https://lib.goe.go.kr/hs,"평일09:00~20:00(종합자료실,어린이자료실),09:00~18:00(연속간행물실,전자정보실),주말09:00~17:00(종합자료실,어린이자료실,연속간행물실,전자정보실)",평일09:00~20:00.휴일09:00~17:00,매주월요일및법정공휴일,매주월요일및법정공휴일,273,273,101469,5646,5304,0,422,37.1331447712,126.9202053669
수원시,창룡도서관,지자체,지자체직영,경기도 수원시 팔달구 월드컵로381번길 36(우만동),031-228-4881,2014-10-02,www.suwonlib.go.kr/cy,"평일09:00~18:00(어린이실),07:00~23:00(종합자료실)주말09:00~18:00(어린이실),07:00~21:00(종합자료실)",해당없음,매주금요일및법정공휴일,해당없음,296,,86214,3600,97,0,120,37.2907355501,127.0275306026
수원시,대추골도서관,지자체,지자체직영,경기도 수원시 장안구 수일로 164 (조원동),031-228-4543,2014-03-25,www.suwonlib.go.kr/dcg,"평일09:00~18:00(어린이자료실),09:00~22:00(제1자료실),07:00~23:00(제2자료실)주말09:00~18:00(어린이자료실,제1자료실),07:00~21:00(제2자료실)",해당없음,매주금요일및법정공휴일,해당없음,296,,104112,4754,0,0,91,37.3066018212,127.0080674188
수원시,광교푸른숲도서관,지자체,지자체직영,경기도 수원시 영통구 광교호수로 131(하동),031-228-3537,2018-04-12,www.suwonlib.go.kr/gps,"평일07:00~23:00(종합자료실),09:00~18:00(어린이자료실)주말07:00~21:00(종합자료실),09:00~18:00(어린이자료실)",해당없음,매주금요일및법정공휴일,해당없음,296,,50004,2726,0,0,68,37.2809344264,127.0668029646
수원시,지혜샘어린이도서관,지자체,지자체위탁어린이,경기도 수원시 권선구 동탄원천로 818경기도 수원시 권선구 동탄원천로 818,031-225-6150,2005-11-24,http://www.suwonlib.go.kr/jkid,화~일09:00~18:00,해당없음,매주월요일및법정공휴일,해당없음,300,,122576,12725,4070,0,46,37.2479958759,127.0400992633
용인시,중앙도서관,지자체,지자체직영,경기도 용인시 처인구 명지로 27,031-324-4610,1993-02-04,http://lib.yongin.go.kr/yongin,"평일09:00~22:00(종합자료실),09:00~18:00(기타자료실)토일09:00~17:00","07:00~22:00,공휴일09:00~18:00","매월2,4번째월요일및법정공휴일","매월2,4번째월요일및신정,설,추석연휴",324,334,295315,16145,14541,340061,129,37.2334838006,127.1899780480
용인시,양지해밀도서관,지자체,지자체직영,경기도 용인시 처인구 양지면 교동로18번길 8,031-324-4625,2016-09-12,http://lib.yongin.go.kr/haemil,평일09:00~18:00토일09:00~17:00,해당없음,매주월요일및법정공휴일,해당없음,302,,51945,3787,0,0,24,37.2376258871,127.2857347867
용인시,남사도서관,지자체,지자체직영,경기도 용인시 처인구 남사면 한숲로 61,031-324-4735,2018-09-20,http://lib.yongin.go.kr/namsa,"평일09:00~22:00(종합자료실),09:00~18:00(어린이자료실)토일09:00~17:00",해당없음,매월1.3번째월요일및법정공휴일,해당없음,325,,72757,3831,799,0,113,37.1537827514,127.1705282936
용인시,서농도서관,지자체,지자체직영,경기도 용인시 기흥구 서천서로83,031-324-4533,2021-09-15,https://lib.yongin.go.kr/seonong,"평일09:00~22:00(종합자료실,디지털자료실),09:00~18:00(어린이자료실)주말09:00~17:00","평일,주말07:00~22:00,공휴일09:00~18:00","매월1,3번째월요일및법정공휴일","매월1,3번째월요일및신정,설,추석연휴",325,333,47222,3537,0,0,111,37.2373509174,127.0690028969
고양시,원당도서관,지자체,지자체직영,경기도 고양시 덕양구 호국로 790번길 87,031-8075-9260,2002-01-18,www.goyanglib.or.kr,09:00~18:00,해당없음,"매월1/3주월요일,법정공휴일",해당없음,325,,71820,2903,3473,0,37,37.6546566797,126.8406716886
고양시,화정어린이도서관,지자체,지자체직영어린이,경기도 고양시 덕양구 화신로 323(화정동),031-8075-9299,2007-06-27,www.goyanglib.or.kr,09:00~18:00,해당없음,"매월1/3주월요일,법정공휴일",해당없음,325,,89817,11292,1137,0,54,37.6328445759,126.8263237055
고양시,덕이도서관,지자체,지자체직영,경기도 고양시 일산서구 하이파크로 128(덕이동)경기도 고양시 일산서구 하이파크로 128(덕이동),031-8075-9320,2012-05-18,www.goyanglib.or.kr,"평일09:00~22:00(종합자료실,디지털자료실),09:00~18:00(기타자료실)토일09:00~18:00(자료실전체)",(하절기)07:00~23:00(동절기)08:00~23:00,"매월1/3주월요일,법정공휴일","매월1/3주월요일,법정공휴일",301,301,81580,5992,1673,0,119,37.7029503495,126.7545512268
고양시,한국장학재단0은행권제1호대학생연합생활관인성교육관도서관,사립,사립,경기도 고양시 덕양구 원흥1로 23 한국장학재단 대학생연합생활관경기도 고양시 덕양구 원흥1로 23 한국장학재단 대학생연합생활관,031-920-7220,2018-03-20,http://dormlib.kosaf.go.kr,월~금요일09:00~17:00,월~금요일09:00~17:00,"매주토,일요일,법정공휴일,기타지정일","매주토,일요일,법정공휴일,기타지정일",230,230,11776,45,0,0,47,37.6507454993,126.8671081203
성남시,중원도서관,지자체,지자체위탁,경기도 성남시 중원구 원터로17번길 46,031-752-3913,2000-05-02,https://www.snlib.go.kr/jw,"평일09:00022:00(제1,2문헌정보실,연속간행물실),09:00018:00(어린이가족열람실,전자정보실)/주말09:00018:00(제1,2문헌정보실,연속간행물실,어린이가족열람실,전자정보실)","평일,주말07:00023:00",매주금요일및법정공휴일,"매월첫째,셋째금요일,신정,설날.추석연휴",293,330,311996,11508,15385,0,101,37.4302238888,127.1401251290
화성시,송산도서관,지자체,지자체위탁,경기도 화성시 송산면 삼일공원로 87경기도 화성시 송산면 삼일공원로 87,031-355-5798,2012-06-12,www.hscitylib.or.kr,"평일09:00~22:00(종합자료실),09:00~18:00(어린이자료실,전자정보자료실)토/일요일09:00~18:00(전체)",08:00~24:00,매월첫번째월요일및법정공휴일,매월첫번째월요일및법정공휴일,333,337,73108,9955,3101,0,45,37.2167805260,126.7392436553
화성시,동탄중앙이음터도서관,지자체,지자체위탁,경기도 화성시 동탄대로시범길 115경기도 화성시 동탄대로시범길 115,031-378-7344,2016-09-30,www.hscitylib.or.kr,"평일09:00~22:00(종합자료실),09:00~18:00(어린이자료실,디지털자료실)토/일요일09:00~18:00(전체)",08:00~24:00,매월첫번째월요일및법정공휴일,매월첫번째월요일및법정공휴일,332,337,103125,9389,2072,0,75,37.1987713114,127.1107910862
부천시,심곡도서관,지자체,지자체직영,경기도 부천시 성무로24(심곡본동)경기도 부천시 성무로24(심곡본동),032-625-4588,1985-03-25,www.bcl.go.kr,"평일09:00018:00(아동실,제1자료실,제2자료실,역사자료실)토ㆍ일09:00~17:00(아동실,제1자료실,제2자료실,역사자료실)",평일/주말07:00~22:00,매주월요일및법정공휴일,매주월요일및법정공휴일,300,300,156873,1767,8099,0,63,37.4803949693,126.7839804354
부천시,꿈여울도서관,지자체,지자체직영,경기도 부천시 까치로 103(작동) 경기도 부천시 까치로 103(작동),032-625-4688,2010-07-05,www.bcl.go.kr,"평일09:00021:00(종합자료실)09:00018:00(아동자료실)/토,일09:00017:00(종합자료실)09:00017:00(아동자료실)",해당없음,매주금요일및법정공휴일,해당없음,295,,114840,11926,4709,0,78,37.5154241951,126.8055868139
남양주시,화도도서관,지자체,지자체직영,경기도 남양주시 화도읍 수레로1260번길 33경기도 남양주시 화도읍 수레로1260번길 33,031-590-4587,2003-09-25,http://lib.nyj.go.kr/hwado,"평일09:00~22:00(문헌정보실),09:00~18:00(어린이자료실,디지털실)/주말및휴일09:00018:00(문헌정보실,어린이자료실,디지털실)",평일및휴일09:00~22:00,"1/3주금요일,1월1일(신정),설·추석연휴","1/3주금요일,1월1일(신정),설·추석연휴",305,305,123049,4963,3083,0,121,37.6501382087,127.3058106072
남양주시,진접푸른숲도서관,지자체,지자체직영,경기도 남양주시 진접읍 해밀예당2로 35경기도 남양주시 진접읍 해밀예당2로 35,031-590-5330,2014-03-27,http://lib.nyj.go.kr/jinjeopgw,"평일09:00~22:00(문헌정보실),09:00~18:00(어린이,디지털자료실)/휴일09:00~18:00(어린이,디지털,문헌정보실)",평일및휴일09:00~22:00,"2/4주월요일,1월1일(신정),설·추석연휴","2/4주월요일,1월1일(신정),설·추석연휴",313,313,90578,8227,2133,0,120,37.7156688262,127.1929268173
안산시,안산미디어라이브러리,지자체,지자체직영,경기도 안산시 단원구 광덕1로 198(고잔동),031-481-3961,2016-06-30,http://lib.ansan.go.kr,"제2영어자료실평일09:00~22:00주말09:00~18:00/제1영어자료실,미디어자료실평일및주말09:00~18:00/미디어편집실,영상및음향스튜디오평일및토요일09:00~18:00,일요일운영안함",해당없음,매주금요일및법정공휴일,해당없음,295,,4228,34807,7743,16413,58,37.3072665536,126.8311576889
안산시,일동도서관,지자체,지자체직영,경기도 안산시 상록구 구룡로 71(일동),031-481-3714,2011-10-11,http://lib.ansan.go.kr,평일및주말09:00~18:00,평일및주말09:00~18:00,매주월요일및법정공휴일,매주월요일및법정공휴일,300,300,31424,74,730,0,24,37.3154299846,126.8717134306
안산시,단원어린이도서관,지자체,지자체직영어린이,경기도 안산시 단원구 화정로 30(초지동)경기도 안산시 단원구 화정로 30(초지동),031-481-2678,2007-11-22,http://lib.ansan.go.kr,평일및주말09:00~18:00,해당없음,매주월요일및법정공휴일,해당없음,295,,106805,18330,3774,0,64,37.3311026661,126.8160351109
평택시,팽성도서관,지자체,지자체직영,경기도 평택시 팽성읍 안정로95번길 15-25경기도 평택시 팽성읍 안정로95번길 15-25,031-8024-5481,1994-05-27,www.ptlib.go.kr,"평일09:00022:00(일반,어린이자료실)09:00018:00(디지털자료실)주말09:00018:00(전체자료실)",평일/주말09:00~24:00(휴관일제외),매월1/3주월요일및법정공휴일,매월1/3주월요일및법정공휴일,325,325,70851,5100,6799,0,65,36.9649140163,127.0518056794
평택시,진위도서관,지자체,지자체직영,경기도 평택시 진위서로 137경기도 평택시 진위서로 137,031-8024-7474,2017-03-24,www.ptlib.go.kr,평일10:00~19:00휴일(토)09:00~18:00,해당없음,"매주일,월요일및법정공휴일",해당없음,252,,42584,3896,1138,0,28,37.1066891303,127.0783541837
안양시,석수도서관,지자체,지자체직영,경기도 안양시 만안구 양화로217번길 34 (석수동),031-8045-6104,2003-12-19,lib.anyang.go.kr,"평일09:00022:00(관외대출실),09:00018:00(어린이도서관,디지털도서관,참고연속간행물실,다문화자료실)/주말09:00017:00",하절기07:00~23:00동절기08:00~23:00,매주월요일및법정공휴일,"1,3주월요일및법정공휴일",300,316,430279,22370,6317,45714,217,37.4116135792,126.9026414000
안양시,벌말도서관,지자체,지자체직영,경기도 안양시 동안구 흥안대로434번길 19-27(평촌동),031-8045-6301,2014-03-26,lib.anyang.go.kr,"평일09:00~20:00(종합자료실),09:00~18:00(어린이자료실,디지털자료실)/주말09:00~17:00",해당없음,매주금요일및법정공휴일,해당없음,295,,56189,4288,1465,0,90,37.3938368014,126.9764300519
시흥시,"소래빛도서관(구,대야어린이도서관)",지자체,지자체직영,경기도 시흥시 비둘기공원로 25경기도 시흥시 비둘기공원로 25,031-310-5240,2006-08-25,https://lib.siheung.go.kr/,"평일09:00~22:00(종합자료실),09:00~18:00(어린이자료실)/주말09:00~18:00(종합자료실,어린이자료실)",해당없음,매주월요일및법정공휴일,해당없음,294,,101876,4907,1456,0,19,37.4438608724,126.7925925521
김포시,양곡도서관,지자체,지자체직영,"경기도 김포시 양곡4로 197번길 40, 양곡도서관경기도 김포시 양곡4로 197번길 40, 양곡도서관",031-5186-4830,2012-07-03,http://www.gimpo.go.kr/lib/index.do,"평일09:00~22:00(종합자료실),09:00~20:00(어린이자료실),토일09:00~17:00",해당없음,매주금요일및법정공휴일,해당없음,295,,103062,530,2077,0,120,37.6616388036,126.6314404691
김포시,마산도서관,지자체,지자체직영,경기도 김포시 김포한강7로22번길 174-6(마산동)경기도 김포시 김포한강7로22번길 174-6(마산동),031-5186-4890,2021-09-30,http://www.gimpo.go.kr/lib/index.do,"평일09:00~22:00(종합자료실),09:00~18:00(어린이자료실),토일09:00~17:00",해당없음,매주월요일및법정공휴일,해당없음,300,,61311,1129,0,0,108,37.6424200798,126.6396892782
파주시,교하도서관,지자체,지자체직영,경기도 파주시 숲속노을로 256경기도 파주시 숲속노을로 256,031-940-5153,2008-07-15,lib.paju.go.kr,"평일09:00~22:00(문헌정보실),09:00~18:00(어린이실,멀티미디어실)/주말09:00~18:00",해당없음,"둘째,넷째,다섯째월요일및법정공휴일",해당없음,321,,195349,5275,8642,0,316,37.7233517989,126.7123057402
파주시,한빛도서관,지자체,지자체직영,경기도 파주시 와석순환로 94경기도 파주시 와석순환로 94,031-940-5777,2013-09-10,lib.paju.go.kr,평일09:00~22:00(종합자료실)평일(어린이자료실)/토·일09:00~18:00,해당없음,"둘째,넷째,다섯째월요일및법정공휴일",해당없음,321,,77731,25110,0,0,100,37.7119759646,126.7494121149
파주시,해솔도서관,지자체,지자체직영,경기도 파주시 해솔로34 경기도 파주시 해솔로34,031-940-5140,2011-09-22,lib.paju.go.kr,가족자료실평일09:00~22:00어린이자료실평일09:00~18:00주말09:00~18:00,해당없음,"매월1,3,5째주월요일및법정공휴일",해당없음,322,,78929,2734,0,0,118,37.7266862356,126.7481289086
파주시,탄현도서관,지자체,지자체직영,경기도 파주시 방촌로 649번길 24-7경기도 파주시 방촌로 649번길 24-7,031-940-8457,2016-01-27,lib.paju.go.kr,평일및주말09:00~18:00,해당없음,매주월요일및법정공휴일,해당없음,300,,17638,540,0,0,33,37.8024667694,126.7161234951
파주시,가람도서관,지자체,지자체위탁,경기도 파주시 가람로 116번길 170경기도 파주시 가람로 116번길 170,031-949-2552,2014-03-12,lib.paju.go.kr/grlib,종합자료실평일09:00~22:00어린이자료실09:00~18:00주말(종합/어린이)09:00~18:00,해당없음,매주월요일및법정공휴일,해당없음,299,,54465,1457,10243,0,117,37.7305259946,126.7638641175
파주시,조리도서관,지자체,지자체위탁,경기도 파주시 조리읍 내산길 29경기도 파주시 조리읍 내산길 29,031-944-2945,2010-07-28,lib.paju.go.kr/jrlib,평일및주말09:00~18:00,해당없음,매주월요일및법정공휴일,해당사항없음,299,,44308,1646,0,0,44,37.7475135137,126.8066020393
파주시,물푸레도서관,지자체,지자체위탁,경기도 파주시 청석로 360경기도 파주시 청석로 360,031-944-5951,2012-12-27,lib.paju.go.kr/mplib,평일및주말09:00~18:00,해당없음,매주월요일및법정공휴일,해당없음,299,,46163,551,0,0,43,37.7340490153,126.7202386749
파주시,파평도서관,지자체,지자체직영,"경기도 파주시 파평면 청송로 189-21, 3층경기도 파주시 파평면 청송로 189-21, 3층",031-940-5990,2018-12-04,lib.paju.go.kr,평일및주말09:00~18:00,해당없음,매주월요일및법정공휴일,해당없음,300,,11438,23,0,0,21,37.9218952489,126.8376216208
파주시,월롱도서관,지자체,지자체직영,"경기도 파주시 월롱면 엘지로 17, 2층경기도 파주시 월롱면 엘지로 17, 2층",031-940-8570,2019-04-19,lib.paju.go.kr,평일및주말09:00~18:00,해당없음,매주월요일및법정공휴일,해당없음,300,,11373,0,0,0,29,37.7992890615,126.7891937544
파주시,술이홀도서관,지자체,지자체직영,경기도 파주시 파주읍 슬이홀로 295 3층경기도 파주시 파주읍 슬이홀로 295 3층,031-940-5082,2020-07-21,lib.paju.go.kr,평일및주말09:00~18:00,해당없음,매주월요일및법정공휴일,해당없음,300,,14385,190,0,0,36,37.8307460041,126.8199828533
파주시,광탄도서관,지자체,지자체직영,경기도 파주시 광탄면 심궁로 23경기도 파주시 광탄면 심궁로 23,031-940-5825,2022-06-28,lib.paju.go.kr,"평일09:00~20:00(일반자료실),09:00~18:00(어린이실·창작실)",해당없음,매주월요일및법정공휴일,해당없음,146,146,26380,1682,0,0,73,37.7800996560,126.8532314545
의정부시,의정부정보도서관,지자체,지자체직영,경기도 의정부시 의정로 41경기도 의정부시 의정로 41,031-828-8700,2003-12-16,www.uilib.go.kr,"문헌정보실:09:00~21:00,09:00~18:00(주말)꾸러기열람실,디지털정보실:09:00~18:00","평일07:00~23:00,주말07:00~21:00","매주월요일,법정공휴일","매주월요일,법정공휴일",296,300,175628,11637,9771,88,153,37.7365807656,127.0338704638
의정부시,의정부영어도서관,지자체,지자체직영,경기도 의정부시 회룡로 79경기도 의정부시 회룡로 79,031-828-8710,2007-05-04,www.uilib.go.kr,09:00~18:00,해당없음,"매주월요일,법정공휴일",해당없음,156,,67400,12349,1402,0,462,37.7265382610,127.0426258014
의정부시,의정부가재울도서관,지자체,지자체직영,경기도 의정부시 평화로 633경기도 의정부시 평화로 633,031-828-8660,2017-12-22,www.uilib.go.kr,평일08:00~20:00,해당없음,"매주토,일및법정공휴일",해당없음,248,,28904,0,53,0,18,37.7483744241,127.0442054562
의정부시,의정부음악도서관,지자체,지자체직영,경기도 의정부시 장곡로280경기도 의정부시 장곡로280,031-828-4850,2021-06-03,www.uilib.go.kr,"평일10:00~21:00,휴일10:00~18:00",해당없음,"매주월요일,법정공휴일",해당없음,300,,10634,,13096,240394,24,37.7284466247,127.0537465124
광주시,중앙도서관,지자체,지자체직영,경기도 광주시 문화로 82경기도 광주시 문화로 82,031-760-5678,2007-02-28,http://lib.gjcity.go.kr,"(문헌자료실)평일09:00~22:00,주말09:00~18:00(어린이실)평일,주말09:00~18:00","평일,주말08:00~22:00,정기휴관일09:00~18:00(법정공휴일미운영)","매주월요일,법정공휴일",법정공휴일,301,330,287946,24671,21643,14826,139,37.4106654734,127.2530717795
광주시,오포도서관,지자체,지자체직영,경기도 광주시 오포읍 오포로 885경기도 광주시 오포읍 오포로 885,031-760-5697,2010-02-26,http://lib.gjcity.go.kr,"(문헌자료실)평일09:00~22:00,주말09:00~18:00(어린이실)평일,주말09:00~18:00","평일,주말08:00~22:00","매주금요일,법정공휴일","매주금요일,법정공휴일",295,295,94948,5899,4223,0,75,37.3693800219,127.2313875066
광주시,초월도서관,지자체,지자체직영,경기도 광주시 초월읍 무들로 3-26경기도 광주시 초월읍 무들로 3-26,031-760-5688,2013-06-26,http://lib.gjcity.go.kr,"(문헌자료실)평일09:00~22:00,주말09:00~18:00(어린이실)평일,주말09:00~18:00","평일,주말08:00~22:00","매주금요일,법정공휴일","매주금요일,법정공휴일",295,295,94599,6513,2571,0,77,37.3873839996,127.2910931650
광주시,곤지암도서관,지자체,지자체직영,경기도 광주시 곤지암읍 곤지암로 11번길 47경기도 광주시 곤지암읍 곤지암로 11번길 47,031-760-5666,2010-02-26,http://lib.gjcity.go.kr,"(문헌자료실)평일09:00~22:00,주말09:00~18:00(어린이실)평일,주말09:00~18:00","평일,주말08:00~22:00","매주월요일,법정공휴일","매주월요일,법정공휴일",301,301,89320,3943,4422,0,78,37.3490265572,127.3410144070
광주시,능평도서관,지자체,지자체직영,경기도 광주시 창뜰아랫길 6경기도 광주시 창뜰아랫길 6,031-760-5912,2016-12-28,http://lib.gjcity.go.kr,"(문헌자료실)평일09:00~22:00,주말09:00~18:00(어린이실)평일,주말09:00~18:00","평일,주말08:00~22:00","매주월요일,법정공휴일","매주월요일,법정공휴일",301,301,71137,5454,1808,0,81,37.3502868402,127.1668713605
광주시,양벌도서관,지자체,지자체직영,경기도 광주시 오포읍 양벌로 195-25경기도 광주시 오포읍 양벌로 195-25,031-760-4130,2021-12-23,http://lib.gjcity.go.kr,"(문헌자료실)평일09:00~22:00,주말09:00~18:00(어린이실)평일,주말09:00~18:00",해당없음,"매주월요일,법정공휴일",해당없음,300,,17439,1040,143,0,25,37.3790906591,127.2576934473
광주시,퇴촌도서관,지자체,지자체위탁,경기도 광주시 퇴촌면 탑골길 37경기도 광주시 퇴촌면 탑골길 37,031-768-5205,2022-10-14,lib.gjcity.go.kr,"(문헌자료실)평일9~22시,주말9~18시(어린이실)평일,주말9~18시",해당없음,"매주월요일,법정공휴일",해당없음,67,,19663,521,0,0,24,37.4669545577,127.3107522746
광명시,광명도서관,지자체,지자체직영,경기도 광명시 원광명안로 48경기도 광명시 원광명안로 48,02-2680-6541,2004-10-28,gmlib.gm.go.kr,"평일09:00~18:00(푸름이도서관,연속간행물실)/09:00~20:00(디지털자료실,메이커스페이스)/09:00~22:00(인문자연과학실,어문학실)/토일09:00~17:00(푸름이도서관,연속간행물실,디지털자료실,메이커스페이스,인문자연과학실,어문학실)",07:00~23:00,매주금요일및법정공휴일,매주금요일및법정공휴일,300,300,237385,11657,14906,12431,234,37.4653532721,126.8514294536
광명시,철산도서관,지자체,지자체직영,경기도 광명시 철산로 56경기도 광명시 철산로 56,02-2680-6820,2013-03-11,gmlib.gm.go.kr,"평일09:00~18:00(어린이실)/09:00~22:00(종합자료실)/09:00~20:00(디지털실)/토일09:00~17:00(어린이실,종합자료실,디지털실)",07:00~23:00,매주월요일및법정공휴일,매주월요일및법정공휴일,305,295,139787,12328,5056,14,245,37.4770228014,126.8725684920
광명시,소하도서관,지자체,지자체직영,경기도 광명시 소하일로 7경기도 광명시 소하일로 7,02-2680-0900,2016-06-13,gmlib.gm.go.kr,"평일09:00~18:00(유아실,어린이실)/09:00~22:00(종합자료실)/토일09:00~17:00(유아실,어린이실,종합자료실)",07:00~22:00,매주월요일및법정공휴일,매주월요일및법정공휴일,305,305,138388,7858,5450,0,267,37.4454569829,126.8879923302
광명시,충현도서관,지자체,지자체직영,경기도 광명시 충현로42번길 19경기도 광명시 충현로42번길 19,02-2680-6111,2009-03-02,gmlib.gm.go.kr,"평일09:00~18:00(유아·어린이실)/09:00~22:00(종합자료실)/토일09:00~17:00(유아·어린이실,종합자료실)",해당없음,매주금요일및법정공휴일,해당없음,295,,49473,11478,224,0,51,37.4340468758,126.8847394473
하남시,나룰도서관,지자체,지자체직영,경기도 하남시 덕풍북로 180경기도 하남시 덕풍북로 180,031-790-6887,2009-09-22,www.hanamlib.go.kr/nalib,"평일09:00~22:00(일반자료실,디지털자료실)09:00~18:00(어린이자료실)토일09:00~18:00(일반자료실,디지털자료실,어린이자료실)",08:00~23:00,매주월요일및일요일을제외한법정공휴일,매주월요일및법정공휴일,304,304,194056,11778,6198,0,94,37.5533672993,127.2084364811
하남시,신장도서관,지자체,지자체직영,경기도 하남시 하남대로 740경기도 하남시 하남대로 740,031-790-6945,1996-06-01,www.hanamlib.go.kr/silib,"평일09:00~22:00(종합자료실,디지털자료실,이음)주말09:00~18:00평일/주말09:00~18:00(어린이자료실)",열람실평일/주말08:00~23:00,리모델링으로임시휴관,리모델링으로임시휴관,10,9,154977,7019,9060,0,60,37.5378874277,127.2143487762
수원시,경기중앙교육도서관,경기도교육청,교육청직영,경기도 수원시 장안구 조원로 18,031-240-4064,1970-07-01,https://lib.goe.go.kr/gg,"평일09:00~20:00(종합자료실),09:00~18:00(디지털자료실,어린이자료실),휴일09:00~17:00(종합자료실,디지털자료실,어린이자료실)","평일08:00~22:00,휴일08:00~20:00",매주월요일및법정공휴일,매주월요일및법정공휴일,298,298,166667,8964,29911,38524,444,37.2985571116,127.0224155521
평택시,경기평택교육도서관,경기도교육청,교육청직영,경기도 평택시 서정북로 125번길 103,031-8054-8401,1986-11-05,https://lib.goe.go.kr/pt,"평일09:00~20:00(종합자료실),09:00~18:00(어린이자료실,디지털자료실,청소년실)주말09:00~17:00(종합자료실,어린이자료실,디지털자료실,청소년실)","평일08:00~22:00,주말09:00~17:00",매주월요일및법정공휴일,매주월요일및법정공휴일,296,300,112749,4925,6134,0,290,37.0728400316,127.0632196669
광주시,경기광주교육도서관,경기도교육청,교육청직영,경기도 광주시 경안안길 58번길 3,031-768-6923,1990-09-10,https://lib.goe.go.kr/gj,"평일09:00019:00(종합자료실,디지털자료실,연속간행물실),09:00018:00(어린이실),휴일09:00017:00(종합자료실,디지털자료실,연속간행물실,어린이실)","평일09:00~22:00,휴일09:00~22:00",매주월요일및법정공휴일,매주월요일및법정공휴일,295,295,102413,3225,7266,0,200,37.4108684036,127.2552972217
여주시,경기여주가남교육도서관,경기도교육청,교육청직영,경기도 여주시 가남읍 태평2길 28-7,031-882-1066,2017-02-23,https://lib.goe.go.kr/gn/,"평일09:00~20:00(종합자료실),평일09:00~18:00(어린이실),주말09:00~17:00(종합자료실,어린이실)",해당없음,매주월요일및법정공휴일,해당없음,299,,78773,1442,3210,0,72,37.2046209280,127.5459334797
포천시,경기포천교육도서관,경기도교육청,교육청직영,경기도 포천시 중앙로 92-6,031-531-8751,1989-07-21,https://lib.goe.go.kr/pc,"평일09:00~19:00(종합자료실),09:00~18:00(어린이실,청소년자료실,디지털자료실),휴일09:00~17:00(종합자료실,어린이실,청소년자료실,디지털자료실)","평일09:00~21:00,휴일09:00~20:00",매주월요일및법정공휴일,매주월요일및법정공휴일,294,294,67385,3762,854,0,207,37.8945308852,127.2017959858
김포시,경기김포교육도서관,경기도교육청,교육청직영,경기도 김포시 봉화로 68,031-984-3536,1985-11-09,https://lib.goe.go.kr/gimpo,"평일09:00~18:00(종합자료실,어린이실,디지털자료실),휴일09:00~17:00(종합자료실,어린이실,디지털자료실)","평일09:00~22:00,휴일09:00~21:00",매주월요일및법정공휴일,매주월요일및법정공휴일,300,300,92773,4139,7033,0,159,37.6211809289,126.7113453661
과천시,경기과천교육도서관,경기도교육청,교육청직영,경기도 과천시 도서관길 36,02-3677-0371,1984-02-24,https://lib.goe.go.kr/kwa,"평일09:00~20:00(종합정보자료실),평일09:00~18:00(어린이실,디지털자료실),휴일09:00~17:00(종합정보자료실,어린이실,디지털자료실)","평일07:00~22:00,휴일07:00~22:00",매주월요일및법정공휴일,매주월요일및법정공휴일,300,300,176259,14130,18364,3374,411,37.4323407549,126.9965868188
성남시,경기성남교육도서관,경기도교육청,교육청직영,경기도 성남시 수정구 공원로 370번길 26,031-730-3500,1983-07-05,https://lib.goe.go.kr/sn,"평일09:00~22:00(자료공간,청소년공간,정보공간),평일09:00~18:00(어린이공간),휴일09:00~17:00(자료공간,어린이공간,청소년공간,정보공간)","평일09:00~22:00,휴일09:00~22:00",매주월요일및법정공휴일,매주월요일및법정공휴일,299,299,223761,8104,14748,8525,498,37.4466407635,127.1500969990
의정부시,경기의정부교육도서관,경기도교육청,교육청직영,경기도 의정부시 체육로 265-25,031-836-9583,2006-10-10,https://lib.goe.go.kr/ujb,"평일09:00~20:00(종합자료실),09:00~18:00(어린이자료실),휴일09:00~17:00(종합자료실,어린이자료실)",해당없음,매주월요일및법정공휴일,해당없음,265,,104577,9813,5412,0,196,37.7629078679,127.0360327196
수원시,경기평생교육학습관,경기도교육청,교육청직영,경기도 수원시 권선구 권중로 55,031-259-1086,2008-05-30,http://www.gglec.go.kr,"평일09:00~20:00(어문학/간행물실,인문사회자연과학실),09:00~18:00(어린이실,멀티미디어실),휴일09:00~17:00(어문학/간행물실,인문사회자연과학실,어린이실,멀티미디어실)*365스마트도서관:365일연중무휴","평일07:00~22:00,휴일07:00~22:00",매주월요일및법정공휴일,매주월요일및법정공휴일,297,297,685188,11814,7993,6654,247,37.2523003921,127.0321346238
수원시,선경도서관,지자체,지자체직영,경기도 수원시 팔달구 신풍로23번길 68(신풍동),031-228-4721,1995-04-27,www.suwonlib.go.kr/sk,"평일09:00~18:00(수원학자료실,어린이실)평일09:00~22:00(종합자료실)토요일09:00~18:00(수원학자료실)주말09:00~18:00(종합자료실,어린이실)",07:00~23:00,매주월요일및법정공휴일,매주월요일및법정공휴일,300,300,461989,8958,23893,22478,215,37.2838875367,127.0104150944
수원시,중앙도서관,지자체,지자체직영,경기도 수원시 팔달구 팔달산로 318(교동),031-228-4788,1980-07-02,www.suwonlib.go.kr/ct,"평일09:00~18:00(어린이실),09:00~22:00(종합자료실)주말09:00~18:00(종합자료실,어린이실)",07:00~23:00,매주금요일및법정공휴일,매주금요일및법정공휴일,222,222,259516,2507,11446,0,180,37.2735917508,127.0121398483
수원시,화서다산도서관,지자체,지자체직영,경기도 수원시 팔달구 화양로68번길 7-35(화서동),031-228-3545,2016-06-30,www.suwonlib.go.kr/hd,"평일09:00~18:00(어린이실),07:00~23:00(종합자료실)주말09:00~18:00(어린이실),07:00~21:00(종합자료실)",해당없음,매주월요일및법정공휴일,해당없음,300,,73390,4280,0,0,134,37.2856629403,126.9974302043
수원시,호매실도서관,지자체,지자체직영,경기도  수원시 권선구 칠보로 169 (호매실동),031-228-4658,2014-12-16,www.suwonlib.go.kr/hms,"평일09:00~22:00(종합자료실),09:00~18:00(어린이자료실),07:00~23:00(정기간행물실)주말09:00~18:00(종합자료실,어린이자료실),07:00~21:00(정기간행물실)",해당없음,매주월요일및법정공휴일,해당없음,300,,116825,4568,0,0,114,37.2664151547,126.9579148455
수원시,서수원도서관,지자체,지자체직영,경기도 수원시 권선구 탑동로57번길 35(탑동),031-228-4747,2006-03-08,www.suwonlib.go.kr/seo,평일09:00~22:00(종합자료실)평일09:00~18:00(어린이실)주말09:00~18:00(종합자료실)주말09:00~18:00(어린이실),07:00~23:00,매주금요일및법정공휴일,매주금요일및법정공휴일,235,235,213376,7811,7560,0,130,37.2730951249,126.9720224909
수원시,한림도서관,지자체,지자체직영,경기도 수원시 권선구 동수원로25번길 32-52(권선동),031-228-4858,2014-06-24,www.suwonlib.go.kr/hl,"평일09:00~18:00(어린이실),07:00~23:00(종합자료실)주말09:00~18:00(어린이실),07:00~21:00(종합자료실)",해당없음,매주금요일및법정공휴일,해당없음,296,,77395,1994,0,0,93,37.2376062470,127.0249987869
수원시,버드내도서관,지자체,지자체직영,경기도 수원시 권선구 세권로94번길 29(세류동),031-228-4866,2014-11-28,www.suwonlib.go.kr/bdn,"평일09:00~18:00(어린이실),07:00~23:00(종합자료실)주말09:00~18:00(어린이실),07:00~21:00(종합자료실)",해당없음,매주월요일및법정공휴일,해당없음,300,,84889,1229,0,0,95,37.2568186703,127.0147853432
수원시,북수원도서관,지자체,지자체직영,경기도 수원시 장안구 만석로 65(정자동),031-228-4779,2006-03-09,www.suwonlib.go.kr/buk,"평일09:00~18:00(어린이자료실),09:00~22:00(종합자료실)주말09:00~18:00(어린이자료실,종합자료실,디지털자료실)",07:00~23:00,매주월요일및법정공휴일,매주월요일및법정공휴일,300,300,211674,6414,6767,0,145,37.2976666278,126.9883578043
수원시,일월도서관,지자체,지자체직영,경기도 수원시 장안구 일월천로 77 (천천동),031-228-4890,2015-06-02,www.suwonlib.go.kr/iw,"평일09:00~18:00(어린이실),07:00~23:00(종합자료실)주말09:00~18:00(어린이실),07:00~21:00(종합자료실)",해당없음,매주금요일및법정공휴일,해당없음,296,,91042,2494,0,0,111,37.2868939606,126.9777924103
수원시,광교홍재도서관,지자체,지자체직영,경기도 수원시 영통구 대학로 88(이의동),031-228-4639,2014-12-23,www.suwonlib.go.kr/gh/,"평일09:00~22:00(제1,2자료실),09:00~18:00(어린이자료실)주말09:00~18:00(제1,2자료실,어린이자료실)",07:00~23:00,매주월요일및법정공휴일,매주월요일및법정공휴일,300,300,115693,6239,0,0,107,37.3029460087,127.0474265563
수원시,영통도서관,지자체,지자체직영,경기도 수원시 영통구 청명로 151(영통동),031-228-4756,1999-07-21,www.suwonlib.go.kr/yt/,"평일09:00~22:00(종합자료실),09:00~18:00(어린이자료실)주말09:00~18:00(종합자료실,어린이자료실)",07:00~23:00,매주월요일및법정공휴일,매주월요일및법정공휴일,297,297,276538,18335,10088,0,116,37.2571566298,127.0720363605
수원시,태장마루도서관,지자체,지자체직영,경기도 수원시 영통구 태장로 46(망포동),031-228-4833,2011-08-25,www.suwonlib.go.kr/tm,"평일09:00~22:00(문헌정보자료실,디지털자료실),09:00~18:00(어린이자료실)주말09:00~18:00(어린이자료실,문헌정보자료실,디지털자료실)",07:00~23:00,매주금요일및법정공휴일,매주금요일및법정공휴일,296,296,128158,3444,0,0,99,37.2386994015,127.0510466479
수원시,매여울도서관,지자체,지자체직영,경기도 수원시 영통구 효원로 415(매탄동),031-228-3571,2018-05-11,www.suwonlib.go.kr/myu,"평일09:00~22:00(종합자료실),09:00~18:00(어린이자료실),07:00~23:00(정기간행물실)주말09:00~18:00(어린이자료실,종합자료실),07:00~21:00(정기간행물실)",해당없음,매주금요일및법정공휴일,해당없음,296,,49568,2499,0,0,66,37.2593273709,127.0473606196
수원시,망포글빛도서관,지자체,지자체직영,경기도 수원시 영통구 망포로 100 (망포동),031-228-4288,2019-04-29,www.suwonlib.go.kr/mpgb,"평일07:00~23:00(종합자료실),09:00~18:00(어린이자료실)주말07:00~21:00(종합자료실),09:00~18:00(어린이자료실)",해당없음,매주월요일및법정공휴일,해당없음,300,,46859,2132,0,0,81,37.2407114149,127.0444616676

